{"type": "FeatureCollection", "features": [{"type": "Feature", "geometry": {"type": "Polygon", "coordinates": [[[-70.56836569752785, -33.39230634408587, 581.3593544182543], [-70.56710353855583, -33.39230634408587, 581.3593544182543], [-70.56710353855583, -33.39104418511383, 581.3593544182543], [-70.56836569752785, -33.39104418511383, 581.3593544182543], [-70.56836569752785, -33.39230634408587, 581.3593544182543]]]}, "properties": {"building": "yes", "height": 51.59261003689416, "elevation": 581.3593544182543, "category": "high-rise", "building_type": "office"}}, {"type": "Feature", "geometry": {"type": "Polygon", "coordinates": [[[-70.56933746851254, -33.39101595191096, 559.7412376304219], [-70.56779073659368, -33.39101595191096, 559.7412376304219], [-70.56779073659368, -33.38946921999211, 559.7412376304219], [-70.56933746851254, -33.38946921999211, 559.7412376304219], [-70.56933746851254, -33.39101595191096, 559.7412376304219]]]}, "properties": {"building": "yes", "height": 56.62112727916168, "elevation": 559.7412376304219, "category": "high-rise", "building_type": "office"}}, {"type": "Feature", "geometry": {"type": "Polygon", "coordinates": [[[-70.54802591602473, -33.4046995531011, 578.9413082283257], [-70.546894294943, -33.4046995531011, 578.9413082283257], [-70.546894294943, -33.403567932019364, 578.9413082283257], [-70.54802591602473, -33.403567932019364, 578.9413082283257], [-70.54802591602473, -33.4046995531011, 578.9413082283257]]]}, "properties": {"building": "yes", "height": 64.6134619453489, "elevation": 578.9413082283257, "category": "high-rise", "building_type": "residential"}}, {"type": "Feature", "geometry": {"type": "Polygon", "coordinates": [[[-70.54862153306452, -33.39256256101245, 551.7123833835767], [-70.54778265433775, -33.39256256101245, 551.7123833835767], [-70.54778265433775, -33.39172368228569, 551.7123833835767], [-70.54862153306452, -33.39172368228569, 551.7123833835767], [-70.54862153306452, -33.39256256101245, 551.7123833835767]]]}, "properties": {"building": "yes", "height": 65.36492633176566, "elevation": 551.7123833835767, "category": "high-rise", "building_type": "commercial"}}, {"type": "Feature", "geometry": {"type": "Polygon", "coordinates": [[[-70.56134826226375, -33.40270937402234, 581.2593420172509], [-70.56060086168611, -33.40270937402234, 581.2593420172509], [-70.56060086168611, -33.40196197344469, 581.2593420172509], [-70.56134826226375, -33.40196197344469, 581.2593420172509], [-70.56134826226375, -33.40270937402234, 581.2593420172509]]]}, "properties": {"building": "yes", "height": 32.019831207957516, "elevation": 581.2593420172509, "category": "high-rise", "building_type": "office"}}, {"type": "Feature", "geometry": {"type": "Polygon", "coordinates": [[[-70.54382688801947, -33.39228626153503, 595.7871753588687], [-70.54293534291217, -33.39228626153503, 595.7871753588687], [-70.54293534291217, -33.39139471642773, 595.7871753588687], [-70.54382688801947, -33.39139471642773, 595.7871753588687], [-70.54382688801947, -33.39228626153503, 595.7871753588687]]]}, "properties": {"building": "yes", "height": 43.17192527880049, "elevation": 595.7871753588687, "category": "high-rise", "building_type": "office"}}, {"type": "Feature", "geometry": {"type": "Polygon", "coordinates": [[[-70.5545411131198, -33.397614487259034, 559.3746258830562], [-70.55305549716192, -33.397614487259034, 559.3746258830562], [-70.55305549716192, -33.39612887130116, 559.3746258830562], [-70.5545411131198, -33.39612887130116, 559.3746258830562], [-70.5545411131198, -33.397614487259034, 559.3746258830562]]]}, "properties": {"building": "yes", "height": 74.25610176821897, "elevation": 559.3746258830562, "category": "high-rise", "building_type": "commercial"}}, {"type": "Feature", "geometry": {"type": "Polygon", "coordinates": [[[-70.56353280063672, -33.39086760707919, 570.473794878352], [-70.56202593893278, -33.39086760707919, 570.473794878352], [-70.56202593893278, -33.38936074537524, 570.473794878352], [-70.56353280063672, -33.38936074537524, 570.473794878352], [-70.56353280063672, -33.39086760707919, 570.473794878352]]]}, "properties": {"building": "yes", "height": 41.479562082456376, "elevation": 570.473794878352, "category": "high-rise", "building_type": "residential"}}, {"type": "Feature", "geometry": {"type": "Polygon", "coordinates": [[[-70.55490762356622, -33.40006361322182, 613.1129258258048], [-70.55353374733279, -33.40006361322182, 613.1129258258048], [-70.55353374733279, -33.39868973698839, 613.1129258258048], [-70.55490762356622, -33.39868973698839, 613.1129258258048], [-70.55490762356622, -33.40006361322182, 613.1129258258048]]]}, "properties": {"building": "yes", "height": 76.67719000165188, "elevation": 613.1129258258048, "category": "high-rise", "building_type": "residential"}}, {"type": "Feature", "geometry": {"type": "Polygon", "coordinates": [[[-70.54492391792496, -33.40255145881452, 542.4524542465189], [-70.54405025741403, -33.40255145881452, 542.4524542465189], [-70.54405025741403, -33.40167779830359, 542.4524542465189], [-70.54492391792496, -33.40167779830359, 542.4524542465189], [-70.54492391792496, -33.40255145881452, 542.4524542465189]]]}, "properties": {"building": "yes", "height": 70.92835637094485, "elevation": 542.4524542465189, "category": "high-rise", "building_type": "residential"}}, {"type": "Feature", "geometry": {"type": "Polygon", "coordinates": [[[-70.56603427269481, -33.40293097487579, 591.5546020873732], [-70.56530854289146, -33.40293097487579, 591.5546020873732], [-70.56530854289146, -33.40220524507245, 591.5546020873732], [-70.56603427269481, -33.40220524507245, 591.5546020873732], [-70.56603427269481, -33.40293097487579, 591.5546020873732]]]}, "properties": {"building": "yes", "height": 61.81837760196777, "elevation": 591.5546020873732, "category": "high-rise", "building_type": "commercial"}}, {"type": "Feature", "geometry": {"type": "Polygon", "coordinates": [[[-70.54881310625439, -33.40178821446175, 597.8119282983932], [-70.54763756690218, -33.40178821446175, 597.8119282983932], [-70.54763756690218, -33.40061267510955, 597.8119282983932], [-70.54881310625439, -33.40061267510955, 597.8119282983932], [-70.54881310625439, -33.40178821446175, 597.8119282983932]]]}, "properties": {"building": "yes", "height": 36.755207111924186, "elevation": 597.8119282983932, "category": "high-rise", "building_type": "office"}}, {"type": "Feature", "geometry": {"type": "Polygon", "coordinates": [[[-70.55415977627675, -33.40273865253255, 556.5246072136571], [-70.5531940616348, -33.40273865253255, 556.5246072136571], [-70.5531940616348, -33.4017729378906, 556.5246072136571], [-70.55415977627675, -33.4017729378906, 556.5246072136571], [-70.55415977627675, -33.40273865253255, 556.5246072136571]]]}, "properties": {"building": "yes", "height": 74.56041979295276, "elevation": 556.5246072136571, "category": "high-rise", "building_type": "commercial"}}, {"type": "Feature", "geometry": {"type": "Polygon", "coordinates": [[[-70.54778242525505, -33.389912686459674, 596.4516669089795], [-70.5470302562709, -33.389912686459674, 596.4516669089795], [-70.5470302562709, -33.38916051747551, 596.4516669089795], [-70.54778242525505, -33.38916051747551, 596.4516669089795], [-70.54778242525505, -33.389912686459674, 596.4516669089795]]]}, "properties": {"building": "yes", "height": 54.22395356477732, "elevation": 596.4516669089795, "category": "high-rise", "building_type": "office"}}, {"type": "Feature", "geometry": {"type": "Polygon", "coordinates": [[[-70.56946683193415, -33.3967335648967, 585.8326737543025], [-70.56791899769503, -33.3967335648967, 585.8326737543025], [-70.56791899769503, -33.39518573065758, 585.8326737543025], [-70.56946683193415, -33.39518573065758, 585.8326737543025], [-70.56946683193415, -33.3967335648967, 585.8326737543025]]]}, "properties": {"building": "yes", "height": 43.6317968350702, "elevation": 585.8326737543025, "category": "high-rise", "building_type": "residential"}}, {"type": "Feature", "geometry": {"type": "Polygon", "coordinates": [[[-70.55687376681774, -33.3935136590393, 550.0823728850883], [-70.5554294386146, -33.3935136590393, 550.0823728850883], [-70.5554294386146, -33.39206933083615, 550.0823728850883], [-70.55687376681774, -33.39206933083615, 550.0823728850883], [-70.55687376681774, -33.3935136590393, 550.0823728850883]]]}, "properties": {"building": "yes", "height": 48.64559540775434, "elevation": 550.0823728850883, "category": "high-rise", "building_type": "office"}}, {"type": "Feature", "geometry": {"type": "Polygon", "coordinates": [[[-70.5547671233626, -33.401668204819295, 599.3972355121963], [-70.55338300747609, -33.401668204819295, 599.3972355121963], [-70.55338300747609, -33.400284088932786, 599.3972355121963], [-70.5547671233626, -33.400284088932786, 599.3972355121963], [-70.5547671233626, -33.401668204819295, 599.3972355121963]]]}, "properties": {"building": "yes", "height": 47.34683502696828, "elevation": 599.3972355121963, "category": "high-rise", "building_type": "commercial"}}, {"type": "Feature", "geometry": {"type": "Polygon", "coordinates": [[[-70.56461499360692, -33.39211884383186, 585.389023761714], [-70.5639180625942, -33.39211884383186, 585.389023761714], [-70.5639180625942, -33.39142191281912, 585.389023761714], [-70.56461499360692, -33.39142191281912, 585.389023761714], [-70.56461499360692, -33.39211884383186, 585.389023761714]]]}, "properties": {"building": "yes", "height": 78.47039445507203, "elevation": 585.389023761714, "category": "high-rise", "building_type": "residential"}}, {"type": "Feature", "geometry": {"type": "Polygon", "coordinates": [[[-70.57210519513757, -33.39522672840873, 577.2825652318865], [-70.57117770438472, -33.39522672840873, 577.2825652318865], [-70.57117770438472, -33.394299237655886, 577.2825652318865], [-70.57210519513757, -33.394299237655886, 577.2825652318865], [-70.57210519513757, -33.39522672840873, 577.2825652318865]]]}, "properties": {"building": "yes", "height": 71.10942013878366, "elevation": 577.2825652318865, "category": "high-rise", "building_type": "commercial"}}, {"type": "Feature", "geometry": {"type": "Polygon", "coordinates": [[[-70.55377144261031, -33.40456871854174, 528.9016084840684], [-70.55302222688779, -33.40456871854174, 528.9016084840684], [-70.55302222688779, -33.4038195028192, 528.9016084840684], [-70.55377144261031, -33.4038195028192, 528.9016084840684], [-70.55377144261031, -33.40456871854174, 528.9016084840684]]]}, "properties": {"building": "yes", "height": 44.08900002765935, "elevation": 528.9016084840684, "category": "high-rise", "building_type": "commercial"}}, {"type": "Feature", "geometry": {"type": "Polygon", "coordinates": [[[-70.55783112625846, -33.395378357164525, 559.2242579792377], [-70.55711586280955, -33.395378357164525, 559.2242579792377], [-70.55711586280955, -33.394663093715614, 559.2242579792377], [-70.55783112625846, -33.394663093715614, 559.2242579792377], [-70.55783112625846, -33.395378357164525, 559.2242579792377]]]}, "properties": {"building": "yes", "height": 43.608386727655706, "elevation": 559.2242579792377, "category": "high-rise", "building_type": "office"}}, {"type": "Feature", "geometry": {"type": "Polygon", "coordinates": [[[-70.55812272364429, -33.39966254209122, 588.6056012490519], [-70.55714902617771, -33.39966254209122, 588.6056012490519], [-70.55714902617771, -33.39868884462466, 588.6056012490519], [-70.55812272364429, -33.39868884462466, 588.6056012490519], [-70.55812272364429, -33.39966254209122, 588.6056012490519]]]}, "properties": {"building": "yes", "height": 61.116840228863076, "elevation": 588.6056012490519, "category": "high-rise", "building_type": "commercial"}}, {"type": "Feature", "geometry": {"type": "Polygon", "coordinates": [[[-70.56245123657985, -33.392209134902316, 533.8279716197483], [-70.56160125227592, -33.392209134902316, 533.8279716197483], [-70.56160125227592, -33.39135915059839, 533.8279716197483], [-70.56245123657985, -33.39135915059839, 533.8279716197483], [-70.56245123657985, -33.392209134902316, 533.8279716197483]]]}, "properties": {"building": "yes", "height": 74.31725300699358, "elevation": 533.8279716197483, "category": "high-rise", "building_type": "office"}}, {"type": "Feature", "geometry": {"type": "Polygon", "coordinates": [[[-70.5543108932377, -33.39335917246748, 576.4850004871837], [-70.55278899874446, -33.39335917246748, 576.4850004871837], [-70.55278899874446, -33.391837277974226, 576.4850004871837], [-70.5543108932377, -33.391837277974226, 576.4850004871837], [-70.5543108932377, -33.39335917246748, 576.4850004871837]]]}, "properties": {"building": "yes", "height": 36.608060664249024, "elevation": 576.4850004871837, "category": "high-rise", "building_type": "office"}}, {"type": "Feature", "geometry": {"type": "Polygon", "coordinates": [[[-70.5601225606944, -33.39860017979524, 588.6846983676], [-70.55940580343392, -33.39860017979524, 588.6846983676], [-70.55940580343392, -33.39788342253475, 588.6846983676], [-70.5601225606944, -33.39788342253475, 588.6846983676], [-70.5601225606944, -33.39860017979524, 588.6846983676]]]}, "properties": {"building": "yes", "height": 71.3801431425024, "elevation": 588.6846983676, "category": "high-rise", "building_type": "office"}}, {"type": "Feature", "geometry": {"type": "Polygon", "coordinates": [[[-70.56695555920437, -33.404586898462206, 562.5099830123271], [-70.56585748707094, -33.404586898462206, 562.5099830123271], [-70.56585748707094, -33.403488826328775, 562.5099830123271], [-70.56695555920437, -33.403488826328775, 562.5099830123271], [-70.56695555920437, -33.404586898462206, 562.5099830123271]]]}, "properties": {"building": "yes", "height": 46.5482714174567, "elevation": 562.5099830123271, "category": "high-rise", "building_type": "commercial"}}, {"type": "Feature", "geometry": {"type": "Polygon", "coordinates": [[[-70.56186620403513, -33.39380876904635, 578.9116675388667], [-70.56057196327062, -33.39380876904635, 578.9116675388667], [-70.56057196327062, -33.39251452828183, 578.9116675388667], [-70.56186620403513, -33.39251452828183, 578.9116675388667], [-70.56186620403513, -33.39380876904635, 578.9116675388667]]]}, "properties": {"building": "yes", "height": 78.04203373999951, "elevation": 578.9116675388667, "category": "high-rise", "building_type": "residential"}}, {"type": "Feature", "geometry": {"type": "Polygon", "coordinates": [[[-70.56605677333064, -33.40071955050298, 555.1056655407741], [-70.56487998254602, -33.40071955050298, 555.1056655407741], [-70.56487998254602, -33.39954275971834, 555.1056655407741], [-70.56605677333064, -33.39954275971834, 555.1056655407741], [-70.56605677333064, -33.40071955050298, 555.1056655407741]]]}, "properties": {"building": "yes", "height": 56.7669415530232, "elevation": 555.1056655407741, "category": "high-rise", "building_type": "office"}}, {"type": "Feature", "geometry": {"type": "Polygon", "coordinates": [[[-70.55582575937352, -33.39536183722571, 575.4972379404272], [-70.55516039885644, -33.39536183722571, 575.4972379404272], [-70.55516039885644, -33.394696476708646, 575.4972379404272], [-70.55582575937352, -33.394696476708646, 575.4972379404272], [-70.55582575937352, -33.39536183722571, 575.4972379404272]]]}, "properties": {"building": "yes", "height": 61.82444278366182, "elevation": 575.4972379404272, "category": "high-rise", "building_type": "residential"}}, {"type": "Feature", "geometry": {"type": "Polygon", "coordinates": [[[-70.56819629725632, -33.40219913199766, 536.4727947824346], [-70.56739642496495, -33.40219913199766, 536.4727947824346], [-70.56739642496495, -33.40139925970628, 536.4727947824346], [-70.56819629725632, -33.40139925970628, 536.4727947824346], [-70.56819629725632, -33.40219913199766, 536.4727947824346]]]}, "properties": {"building": "yes", "height": 41.87147852046469, "elevation": 536.4727947824346, "category": "high-rise", "building_type": "office"}}, {"type": "Feature", "geometry": {"type": "Polygon", "coordinates": [[[-70.52375555124848, -33.40091794663395, 573.9827085066702], [-70.52307827323816, -33.40091794663395, 573.9827085066702], [-70.52307827323816, -33.40024066862361, 573.9827085066702], [-70.52375555124848, -33.40024066862361, 573.9827085066702], [-70.52375555124848, -33.40091794663395, 573.9827085066702]]]}, "properties": {"building": "yes", "height": 17.910744460957524, "elevation": 573.9827085066702, "category": "mid-rise", "building_type": "commercial"}}, {"type": "Feature", "geometry": {"type": "Polygon", "coordinates": [[[-70.5430345243975, -33.40128541880898, 599.5255334087757], [-70.54255138044904, -33.40128541880898, 599.5255334087757], [-70.54255138044904, -33.40080227486051, 599.5255334087757], [-70.5430345243975, -33.40080227486051, 599.5255334087757], [-70.5430345243975, -33.40128541880898, 599.5255334087757]]]}, "properties": {"building": "yes", "height": 10.22734796950587, "elevation": 599.5255334087757, "category": "mid-rise", "building_type": "residential"}}, {"type": "Feature", "geometry": {"type": "Polygon", "coordinates": [[[-70.55320610346743, -33.40024961664007, 548.3049152714265], [-70.55274021512449, -33.40024961664007, 548.3049152714265], [-70.55274021512449, -33.39978372829712, 548.3049152714265], [-70.55320610346743, -33.39978372829712, 548.3049152714265], [-70.55320610346743, -33.40024961664007, 548.3049152714265]]]}, "properties": {"building": "yes", "height": 11.659971772664747, "elevation": 548.3049152714265, "category": "mid-rise", "building_type": "residential"}}, {"type": "Feature", "geometry": {"type": "Polygon", "coordinates": [[[-70.57916425199998, -33.38513923243992, 567.7151989920129], [-70.5785778274677, -33.38513923243992, 567.7151989920129], [-70.5785778274677, -33.384552807907646, 567.7151989920129], [-70.57916425199998, -33.384552807907646, 567.7151989920129], [-70.57916425199998, -33.38513923243992, 567.7151989920129]]]}, "properties": {"building": "yes", "height": 20.35975805028557, "elevation": 567.7151989920129, "category": "mid-rise", "building_type": "commercial"}}, {"type": "Feature", "geometry": {"type": "Polygon", "coordinates": [[[-70.55364947515706, -33.38477671937324, 547.4966111348699], [-70.55314064111211, -33.38477671937324, 547.4966111348699], [-70.55314064111211, -33.38426788532828, 547.4966111348699], [-70.55364947515706, -33.38426788532828, 547.4966111348699], [-70.55364947515706, -33.38477671937324, 547.4966111348699]]]}, "properties": {"building": "yes", "height": 18.104221193792267, "elevation": 547.4966111348699, "category": "mid-rise", "building_type": "commercial"}}, {"type": "Feature", "geometry": {"type": "Polygon", "coordinates": [[[-70.52660684317755, -33.40289458205789, 571.8897722482809], [-70.52566745316486, -33.40289458205789, 571.8897722482809], [-70.52566745316486, -33.4019551920452, 571.8897722482809], [-70.52660684317755, -33.4019551920452, 571.8897722482809], [-70.52660684317755, -33.40289458205789, 571.8897722482809]]]}, "properties": {"building": "yes", "height": 19.042072984913748, "elevation": 571.8897722482809, "category": "mid-rise", "building_type": "residential"}}, {"type": "Feature", "geometry": {"type": "Polygon", "coordinates": [[[-70.54263755337426, -33.41464173331247, 546.0703601377246], [-70.54199159809157, -33.41464173331247, 546.0703601377246], [-70.54199159809157, -33.413995778029765, 546.0703601377246], [-70.54263755337426, -33.413995778029765, 546.0703601377246], [-70.54263755337426, -33.41464173331247, 546.0703601377246]]]}, "properties": {"building": "yes", "height": 13.036032521930302, "elevation": 546.0703601377246, "category": "mid-rise", "building_type": "residential"}}, {"type": "Feature", "geometry": {"type": "Polygon", "coordinates": [[[-70.5768415599263, -33.39101094930521, 560.7789183889313], [-70.57606821407109, -33.39101094930521, 560.7789183889313], [-70.57606821407109, -33.39023760344999, 560.7789183889313], [-70.5768415599263, -33.39023760344999, 560.7789183889313], [-70.5768415599263, -33.39101094930521, 560.7789183889313]]]}, "properties": {"building": "yes", "height": 19.679864206806492, "elevation": 560.7789183889313, "category": "mid-rise", "building_type": "commercial"}}, {"type": "Feature", "geometry": {"type": "Polygon", "coordinates": [[[-70.57486520299972, -33.379356563734994, 561.8692324233785], [-70.57403767789097, -33.379356563734994, 561.8692324233785], [-70.57403767789097, -33.37852903862625, 561.8692324233785], [-70.57486520299972, -33.37852903862625, 561.8692324233785], [-70.57486520299972, -33.379356563734994, 561.8692324233785]]]}, "properties": {"building": "yes", "height": 13.603295116632477, "elevation": 561.8692324233785, "category": "mid-rise", "building_type": "residential"}}, {"type": "Feature", "geometry": {"type": "Polygon", "coordinates": [[[-70.56300263909739, -33.39811818757412, 558.6205715975702], [-70.56255320900962, -33.39811818757412, 558.6205715975702], [-70.56255320900962, -33.397668757486336, 558.6205715975702], [-70.56300263909739, -33.397668757486336, 558.6205715975702], [-70.56300263909739, -33.39811818757412, 558.6205715975702]]]}, "properties": {"building": "yes", "height": 24.175492506228707, "elevation": 558.6205715975702, "category": "mid-rise", "building_type": "residential"}}, {"type": "Feature", "geometry": {"type": "Polygon", "coordinates": [[[-70.58179604613453, -33.401343977861316, 556.6939308539829], [-70.5812963867369, -33.401343977861316, 556.6939308539829], [-70.5812963867369, -33.40084431846368, 556.6939308539829], [-70.58179604613453, -33.40084431846368, 556.6939308539829], [-70.58179604613453, -33.401343977861316, 556.6939308539829]]]}, "properties": {"building": "yes", "height": 14.1319043430851, "elevation": 556.6939308539829, "category": "mid-rise", "building_type": "residential"}}, {"type": "Feature", "geometry": {"type": "Polygon", "coordinates": [[[-70.5827733890937, -33.39663581220113, 593.4854868539745], [-70.58198748831502, -33.39663581220113, 593.4854868539745], [-70.58198748831502, -33.39584991142245, 593.4854868539745], [-70.5827733890937, -33.39584991142245, 593.4854868539745], [-70.5827733890937, -33.39663581220113, 593.4854868539745]]]}, "properties": {"building": "yes", "height": 15.500508944551779, "elevation": 593.4854868539745, "category": "mid-rise", "building_type": "residential"}}, {"type": "Feature", "geometry": {"type": "Polygon", "coordinates": [[[-70.57850879251662, -33.377593891068784, 561.873724284652], [-70.57793606930868, -33.377593891068784, 561.873724284652], [-70.57793606930868, -33.37702116786083, 561.873724284652], [-70.57850879251662, -33.37702116786083, 561.873724284652], [-70.57850879251662, -33.377593891068784, 561.873724284652]]]}, "properties": {"building": "yes", "height": 10.776086682687774, "elevation": 561.873724284652, "category": "mid-rise", "building_type": "commercial"}}, {"type": "Feature", "geometry": {"type": "Polygon", "coordinates": [[[-70.54081552693712, -33.393588425429954, 584.2038332596836], [-70.54039164518953, -33.393588425429954, 584.2038332596836], [-70.54039164518953, -33.393164543682346, 584.2038332596836], [-70.54081552693712, -33.393164543682346, 584.2038332596836], [-70.54081552693712, -33.393588425429954, 584.2038332596836]]]}, "properties": {"building": "yes", "height": 17.55089011838458, "elevation": 584.2038332596836, "category": "mid-rise", "building_type": "residential"}}, {"type": "Feature", "geometry": {"type": "Polygon", "coordinates": [[[-70.54751525203336, -33.38519938089034, 576.3300481126647], [-70.54695466660444, -33.38519938089034, 576.3300481126647], [-70.54695466660444, -33.38463879546143, 576.3300481126647], [-70.54751525203336, -33.38463879546143, 576.3300481126647], [-70.54751525203336, -33.38519938089034, 576.3300481126647]]]}, "properties": {"building": "yes", "height": 13.819953927935904, "elevation": 576.3300481126647, "category": "mid-rise", "building_type": "residential"}}, {"type": "Feature", "geometry": {"type": "Polygon", "coordinates": [[[-70.5677199933116, -33.40424565263821, 565.6735425265314], [-70.56695466723797, -33.40424565263821, 565.6735425265314], [-70.56695466723797, -33.40348032656456, 565.6735425265314], [-70.5677199933116, -33.40348032656456, 565.6735425265314], [-70.5677199933116, -33.40424565263821, 565.6735425265314]]]}, "properties": {"building": "yes", "height": 16.760904807401065, "elevation": 565.6735425265314, "category": "mid-rise", "building_type": "commercial"}}, {"type": "Feature", "geometry": {"type": "Polygon", "coordinates": [[[-70.52930342084004, -33.40222433125778, 567.8148416067539], [-70.52873885402049, -33.40222433125778, 567.8148416067539], [-70.52873885402049, -33.401659764438214, 567.8148416067539], [-70.52930342084004, -33.401659764438214, 567.8148416067539], [-70.52930342084004, -33.40222433125778, 567.8148416067539]]]}, "properties": {"building": "yes", "height": 19.50870370160888, "elevation": 567.8148416067539, "category": "mid-rise", "building_type": "commercial"}}, {"type": "Feature", "geometry": {"type": "Polygon", "coordinates": [[[-70.53924982324614, -33.39462304117437, 540.7435550941608], [-70.5384550328755, -33.39462304117437, 540.7435550941608], [-70.5384550328755, -33.393828250803736, 540.7435550941608], [-70.53924982324614, -33.393828250803736, 540.7435550941608], [-70.53924982324614, -33.39462304117437, 540.7435550941608]]]}, "properties": {"building": "yes", "height": 13.728373428443845, "elevation": 540.7435550941608, "category": "mid-rise", "building_type": "commercial"}}, {"type": "Feature", "geometry": {"type": "Polygon", "coordinates": [[[-70.55926793063094, -33.391403668586925, 591.9963854436139], [-70.55875191074026, -33.391403668586925, 591.9963854436139], [-70.55875191074026, -33.39088764869624, 591.9963854436139], [-70.55926793063094, -33.39088764869624, 591.9963854436139], [-70.55926793063094, -33.391403668586925, 591.9963854436139]]]}, "properties": {"building": "yes", "height": 14.303675994469886, "elevation": 591.9963854436139, "category": "mid-rise", "building_type": "residential"}}, {"type": "Feature", "geometry": {"type": "Polygon", "coordinates": [[[-70.55453531786249, -33.37508663676884, 585.7271383788792], [-70.5540485919136, -33.37508663676884, 585.7271383788792], [-70.5540485919136, -33.37459991081994, 585.7271383788792], [-70.55453531786249, -33.37459991081994, 585.7271383788792], [-70.55453531786249, -33.37508663676884, 585.7271383788792]]]}, "properties": {"building": "yes", "height": 15.573338215227043, "elevation": 585.7271383788792, "category": "mid-rise", "building_type": "commercial"}}, {"type": "Feature", "geometry": {"type": "Polygon", "coordinates": [[[-70.56394024066495, -33.4022326964474, 576.5221599958128], [-70.56343341570283, -33.4022326964474, 576.5221599958128], [-70.56343341570283, -33.40172587148528, 576.5221599958128], [-70.56394024066495, -33.40172587148528, 576.5221599958128], [-70.56394024066495, -33.4022326964474, 576.5221599958128]]]}, "properties": {"building": "yes", "height": 20.791986472243494, "elevation": 576.5221599958128, "category": "mid-rise", "building_type": "residential"}}, {"type": "Feature", "geometry": {"type": "Polygon", "coordinates": [[[-70.5208343483389, -33.37526932784016, 545.0109893040529], [-70.52030735217224, -33.37526932784016, 545.0109893040529], [-70.52030735217224, -33.3747423316735, 545.0109893040529], [-70.5208343483389, -33.3747423316735, 545.0109893040529], [-70.5208343483389, -33.37526932784016, 545.0109893040529]]]}, "properties": {"building": "yes", "height": 24.96351441678449, "elevation": 545.0109893040529, "category": "mid-rise", "building_type": "residential"}}, {"type": "Feature", "geometry": {"type": "Polygon", "coordinates": [[[-70.55691795513874, -33.37710916823279, 583.7145397763884], [-70.55640492642169, -33.37710916823279, 583.7145397763884], [-70.55640492642169, -33.37659613951574, 583.7145397763884], [-70.55691795513874, -33.37659613951574, 583.7145397763884], [-70.55691795513874, -33.37710916823279, 583.7145397763884]]]}, "properties": {"building": "yes", "height": 17.057877259764993, "elevation": 583.7145397763884, "category": "mid-rise", "building_type": "commercial"}}, {"type": "Feature", "geometry": {"type": "Polygon", "coordinates": [[[-70.57390749544075, -33.38597737494437, 548.8649520472967], [-70.57306368175779, -33.38597737494437, 548.8649520472967], [-70.57306368175779, -33.385133561261405, 548.8649520472967], [-70.57390749544075, -33.385133561261405, 548.8649520472967], [-70.57390749544075, -33.38597737494437, 548.8649520472967]]]}, "properties": {"building": "yes", "height": 21.501661702477783, "elevation": 548.8649520472967, "category": "mid-rise", "building_type": "commercial"}}, {"type": "Feature", "geometry": {"type": "Polygon", "coordinates": [[[-70.51952226381148, -33.391177385365346, 604.9375367060346], [-70.51858074606072, -33.391177385365346, 604.9375367060346], [-70.51858074606072, -33.39023586761457, 604.9375367060346], [-70.51952226381148, -33.39023586761457, 604.9375367060346], [-70.51952226381148, -33.391177385365346, 604.9375367060346]]]}, "properties": {"building": "yes", "height": 20.66667222195258, "elevation": 604.9375367060346, "category": "mid-rise", "building_type": "commercial"}}, {"type": "Feature", "geometry": {"type": "Polygon", "coordinates": [[[-70.57320110631711, -33.394290218466054, 564.5225123376745], [-70.57220621726272, -33.394290218466054, 564.5225123376745], [-70.57220621726272, -33.39329532941167, 564.5225123376745], [-70.57320110631711, -33.39329532941167, 564.5225123376745], [-70.57320110631711, -33.394290218466054, 564.5225123376745]]]}, "properties": {"building": "yes", "height": 19.97128071121883, "elevation": 564.5225123376745, "category": "mid-rise", "building_type": "residential"}}, {"type": "Feature", "geometry": {"type": "Polygon", "coordinates": [[[-70.5612311321371, -33.41469503467646, 567.8471490751044], [-70.56035776124955, -33.41469503467646, 567.8471490751044], [-70.56035776124955, -33.4138216637889, 567.8471490751044], [-70.5612311321371, -33.4138216637889, 567.8471490751044], [-70.5612311321371, -33.41469503467646, 567.8471490751044]]]}, "properties": {"building": "yes", "height": 18.56756628923171, "elevation": 567.8471490751044, "category": "mid-rise", "building_type": "residential"}}, {"type": "Feature", "geometry": {"type": "Polygon", "coordinates": [[[-70.5474014073602, -33.40489725631731, 526.9092406187543], [-70.54683721884534, -33.40489725631731, 526.9092406187543], [-70.54683721884534, -33.40433306780247, 526.9092406187543], [-70.5474014073602, -33.40433306780247, 526.9092406187543], [-70.5474014073602, -33.40489725631731, 526.9092406187543]]]}, "properties": {"building": "yes", "height": 17.551765962430537, "elevation": 526.9092406187543, "category": "mid-rise", "building_type": "commercial"}}, {"type": "Feature", "geometry": {"type": "Polygon", "coordinates": [[[-70.54294208034224, -33.403199934515115, 566.5731888276812], [-70.54219905441673, -33.403199934515115, 566.5731888276812], [-70.54219905441673, -33.40245690858961, 566.5731888276812], [-70.54294208034224, -33.40245690858961, 566.5731888276812], [-70.54294208034224, -33.403199934515115, 566.5731888276812]]]}, "properties": {"building": "yes", "height": 22.987945183603316, "elevation": 566.5731888276812, "category": "mid-rise", "building_type": "commercial"}}, {"type": "Feature", "geometry": {"type": "Polygon", "coordinates": [[[-70.57412971580278, -33.394849864168, 547.261226793783], [-70.57321904132665, -33.394849864168, 547.261226793783], [-70.57321904132665, -33.39393918969186, 547.261226793783], [-70.57412971580278, -33.39393918969186, 547.261226793783], [-70.57412971580278, -33.394849864168, 547.261226793783]]]}, "properties": {"building": "yes", "height": 10.01206920664753, "elevation": 547.261226793783, "category": "mid-rise", "building_type": "residential"}}, {"type": "Feature", "geometry": {"type": "Polygon", "coordinates": [[[-70.5787452376012, -33.397851195237244, 555.2890537766812], [-70.57795805157457, -33.397851195237244, 555.2890537766812], [-70.57795805157457, -33.39706400921062, 555.2890537766812], [-70.5787452376012, -33.39706400921062, 555.2890537766812], [-70.5787452376012, -33.397851195237244, 555.2890537766812]]]}, "properties": {"building": "yes", "height": 10.984105939505914, "elevation": 555.2890537766812, "category": "mid-rise", "building_type": "commercial"}}, {"type": "Feature", "geometry": {"type": "Polygon", "coordinates": [[[-70.5365595868298, -33.38152224396409, 582.0732099338826], [-70.53563298483006, -33.38152224396409, 582.0732099338826], [-70.53563298483006, -33.38059564196434, 582.0732099338826], [-70.5365595868298, -33.38059564196434, 582.0732099338826], [-70.5365595868298, -33.38152224396409, 582.0732099338826]]]}, "properties": {"building": "yes", "height": 10.66288748464713, "elevation": 582.0732099338826, "category": "mid-rise", "building_type": "residential"}}, {"type": "Feature", "geometry": {"type": "Polygon", "coordinates": [[[-70.56235460621737, -33.38141947568371, 583.2091424099865], [-70.56183200234044, -33.38141947568371, 583.2091424099865], [-70.56183200234044, -33.380896871806776, 583.2091424099865], [-70.56235460621737, -33.380896871806776, 583.2091424099865], [-70.56235460621737, -33.38141947568371, 583.2091424099865]]]}, "properties": {"building": "yes", "height": 21.087100613446083, "elevation": 583.2091424099865, "category": "mid-rise", "building_type": "residential"}}, {"type": "Feature", "geometry": {"type": "Polygon", "coordinates": [[[-70.51969580523918, -33.396805471474565, 531.4352064999698], [-70.51888932391624, -33.396805471474565, 531.4352064999698], [-70.51888932391624, -33.39599899015161, 531.4352064999698], [-70.51969580523918, -33.39599899015161, 531.4352064999698], [-70.51969580523918, -33.396805471474565, 531.4352064999698]]]}, "properties": {"building": "yes", "height": 23.592494990650394, "elevation": 531.4352064999698, "category": "mid-rise", "building_type": "commercial"}}, {"type": "Feature", "geometry": {"type": "Polygon", "coordinates": [[[-70.54300474466861, -33.38590942993156, 572.0691407514821], [-70.54235184352684, -33.38590942993156, 572.0691407514821], [-70.54235184352684, -33.385256528789796, 572.0691407514821], [-70.54300474466861, -33.385256528789796, 572.0691407514821], [-70.54300474466861, -33.38590942993156, 572.0691407514821]]]}, "properties": {"building": "yes", "height": 15.04741247225148, "elevation": 572.0691407514821, "category": "mid-rise", "building_type": "residential"}}, {"type": "Feature", "geometry": {"type": "Polygon", "coordinates": [[[-70.58517360207539, -33.39232050657731, 544.1798851351308], [-70.5846462406442, -33.39232050657731, 544.1798851351308], [-70.5846462406442, -33.39179314514613, 544.1798851351308], [-70.58517360207539, -33.39179314514613, 544.1798851351308], [-70.58517360207539, -33.39232050657731, 544.1798851351308]]]}, "properties": {"building": "yes", "height": 14.577687303566801, "elevation": 544.1798851351308, "category": "mid-rise", "building_type": "commercial"}}, {"type": "Feature", "geometry": {"type": "Polygon", "coordinates": [[[-70.58267377906157, -33.39937405592747, 543.1653340250642], [-70.58209584587445, -33.39937405592747, 543.1653340250642], [-70.58209584587445, -33.39879612274035, 543.1653340250642], [-70.58267377906157, -33.39879612274035, 543.1653340250642], [-70.58267377906157, -33.39937405592747, 543.1653340250642]]]}, "properties": {"building": "yes", "height": 20.075535873378357, "elevation": 543.1653340250642, "category": "mid-rise", "building_type": "commercial"}}, {"type": "Feature", "geometry": {"type": "Polygon", "coordinates": [[[-70.58347748530437, -33.38802581264098, 561.925162250456], [-70.58261241102718, -33.38802581264098, 561.925162250456], [-70.58261241102718, -33.3871607383638, 561.925162250456], [-70.58347748530437, -33.3871607383638, 561.925162250456], [-70.58347748530437, -33.38802581264098, 561.925162250456]]]}, "properties": {"building": "yes", "height": 19.55868691412298, "elevation": 561.925162250456, "category": "mid-rise", "building_type": "residential"}}, {"type": "Feature", "geometry": {"type": "Polygon", "coordinates": [[[-70.53639215287903, -33.39446949805075, 600.5233488494029], [-70.53557803902335, -33.39446949805075, 600.5233488494029], [-70.53557803902335, -33.393655384195085, 600.5233488494029], [-70.53639215287903, -33.393655384195085, 600.5233488494029], [-70.53639215287903, -33.39446949805075, 600.5233488494029]]]}, "properties": {"building": "yes", "height": 18.1392990774536, "elevation": 600.5233488494029, "category": "mid-rise", "building_type": "residential"}}, {"type": "Feature", "geometry": {"type": "Polygon", "coordinates": [[[-70.5775119716671, -33.376570521537325, 575.1037582705658], [-70.57669193855706, -33.376570521537325, 575.1037582705658], [-70.57669193855706, -33.37575048842728, 575.1037582705658], [-70.5775119716671, -33.37575048842728, 575.1037582705658], [-70.5775119716671, -33.376570521537325, 575.1037582705658]]]}, "properties": {"building": "yes", "height": 12.183598409422567, "elevation": 575.1037582705658, "category": "mid-rise", "building_type": "residential"}}, {"type": "Feature", "geometry": {"type": "Polygon", "coordinates": [[[-70.5442343927021, -33.38305718272171, 568.3369604446259], [-70.5436024915088, -33.38305718272171, 568.3369604446259], [-70.5436024915088, -33.382425281528405, 568.3369604446259], [-70.5442343927021, -33.382425281528405, 568.3369604446259], [-70.5442343927021, -33.38305718272171, 568.3369604446259]]]}, "properties": {"building": "yes", "height": 14.809844618614544, "elevation": 568.3369604446259, "category": "mid-rise", "building_type": "commercial"}}, {"type": "Feature", "geometry": {"type": "Polygon", "coordinates": [[[-70.55817608233357, -33.39514590621764, 568.2764465318696], [-70.55768398346609, -33.39514590621764, 568.2764465318696], [-70.55768398346609, -33.39465380735016, 568.2764465318696], [-70.55817608233357, -33.39465380735016, 568.2764465318696], [-70.55817608233357, -33.39514590621764, 568.2764465318696]]]}, "properties": {"building": "yes", "height": 16.416990906156645, "elevation": 568.2764465318696, "category": "mid-rise", "building_type": "residential"}}, {"type": "Feature", "geometry": {"type": "Polygon", "coordinates": [[[-70.5436293214911, -33.40435100136069, 587.5313927682523], [-70.54322794784113, -33.40435100136069, 587.5313927682523], [-70.54322794784113, -33.40394962771072, 587.5313927682523], [-70.5436293214911, -33.40394962771072, 587.5313927682523], [-70.5436293214911, -33.40435100136069, 587.5313927682523]]]}, "properties": {"building": "yes", "height": 21.195781336419184, "elevation": 587.5313927682523, "category": "mid-rise", "building_type": "residential"}}, {"type": "Feature", "geometry": {"type": "Polygon", "coordinates": [[[-70.56390443226165, -33.40449400233265, 587.354448051048], [-70.56348534218647, -33.40449400233265, 587.354448051048], [-70.56348534218647, -33.404074912257464, 587.354448051048], [-70.56390443226165, -33.404074912257464, 587.354448051048], [-70.56390443226165, -33.40449400233265, 587.354448051048]]]}, "properties": {"building": "yes", "height": 16.865371948538154, "elevation": 587.354448051048, "category": "mid-rise", "building_type": "residential"}}, {"type": "Feature", "geometry": {"type": "Polygon", "coordinates": [[[-70.57818622036237, -33.39677081860151, 565.5332912812167], [-70.57768195586675, -33.39677081860151, 565.5332912812167], [-70.57768195586675, -33.39626655410589, 565.5332912812167], [-70.57818622036237, -33.39626655410589, 565.5332912812167], [-70.57818622036237, -33.39677081860151, 565.5332912812167]]]}, "properties": {"building": "yes", "height": 18.29608186304702, "elevation": 565.5332912812167, "category": "mid-rise", "building_type": "residential"}}, {"type": "Feature", "geometry": {"type": "Polygon", "coordinates": [[[-70.53415396880064, -33.377699798633145, 570.0604371207235], [-70.53319570337425, -33.377699798633145, 570.0604371207235], [-70.53319570337425, -33.376741533206754, 570.0604371207235], [-70.53415396880064, -33.376741533206754, 570.0604371207235], [-70.53415396880064, -33.377699798633145, 570.0604371207235]]]}, "properties": {"building": "yes", "height": 22.69167213481913, "elevation": 570.0604371207235, "category": "mid-rise", "building_type": "residential"}}, {"type": "Feature", "geometry": {"type": "Polygon", "coordinates": [[[-70.53465847040671, -33.381442255525634, 554.3445427700979], [-70.533932864763, -33.381442255525634, 554.3445427700979], [-70.533932864763, -33.38071664988191, 554.3445427700979], [-70.53465847040671, -33.38071664988191, 554.3445427700979], [-70.53465847040671, -33.381442255525634, 554.3445427700979]]]}, "properties": {"building": "yes", "height": 12.403209690762658, "elevation": 554.3445427700979, "category": "mid-rise", "building_type": "residential"}}, {"type": "Feature", "geometry": {"type": "Polygon", "coordinates": [[[-70.57060728125738, -33.39217101291924, 548.9837481723416], [-70.57013150976148, -33.39217101291924, 548.9837481723416], [-70.57013150976148, -33.39169524142333, 548.9837481723416], [-70.57060728125738, -33.39169524142333, 548.9837481723416], [-70.57060728125738, -33.39217101291924, 548.9837481723416]]]}, "properties": {"building": "yes", "height": 19.398525026747855, "elevation": 548.9837481723416, "category": "mid-rise", "building_type": "commercial"}}, {"type": "Feature", "geometry": {"type": "Polygon", "coordinates": [[[-70.5820540337932, -33.38027476811698, 571.4400474170893], [-70.58141821633346, -33.38027476811698, 571.4400474170893], [-70.58141821633346, -33.379638950657245, 571.4400474170893], [-70.5820540337932, -33.379638950657245, 571.4400474170893], [-70.5820540337932, -33.38027476811698, 571.4400474170893]]]}, "properties": {"building": "yes", "height": 21.512538204013115, "elevation": 571.4400474170893, "category": "mid-rise", "building_type": "commercial"}}, {"type": "Feature", "geometry": {"type": "Polygon", "coordinates": [[[-70.54144106124369, -33.41511625445105, 603.6462484776937], [-70.54070712169982, -33.41511625445105, 603.6462484776937], [-70.54070712169982, -33.414382314907186, 603.6462484776937], [-70.54144106124369, -33.414382314907186, 603.6462484776937], [-70.54144106124369, -33.41511625445105, 603.6462484776937]]]}, "properties": {"building": "yes", "height": 24.227914686634456, "elevation": 603.6462484776937, "category": "mid-rise", "building_type": "residential"}}, {"type": "Feature", "geometry": {"type": "Polygon", "coordinates": [[[-70.55697751337475, -33.37582986298695, 573.6633092634995], [-70.55646420317909, -33.37582986298695, 573.6633092634995], [-70.55646420317909, -33.375316552791304, 573.6633092634995], [-70.55697751337475, -33.375316552791304, 573.6633092634995], [-70.55697751337475, -33.37582986298695, 573.6633092634995]]]}, "properties": {"building": "yes", "height": 23.70124545940894, "elevation": 573.6633092634995, "category": "mid-rise", "building_type": "commercial"}}, {"type": "Feature", "geometry": {"type": "Polygon", "coordinates": [[[-70.55801729478895, -33.4112748588927, 582.0822453744927], [-70.5573152631753, -33.4112748588927, 582.0822453744927], [-70.5573152631753, -33.41057282727906, 582.0822453744927], [-70.55801729478895, -33.41057282727906, 582.0822453744927], [-70.55801729478895, -33.4112748588927, 582.0822453744927]]]}, "properties": {"building": "yes", "height": 12.815168008896924, "elevation": 582.0822453744927, "category": "mid-rise", "building_type": "residential"}}, {"type": "Feature", "geometry": {"type": "Polygon", "coordinates": [[[-70.52786335318376, -33.4070975394515, 554.7046988193072], [-70.52710922531688, -33.4070975394515, 554.7046988193072], [-70.52710922531688, -33.40634341158463, 554.7046988193072], [-70.52786335318376, -33.40634341158463, 554.7046988193072], [-70.52786335318376, -33.4070975394515, 554.7046988193072]]]}, "properties": {"building": "yes", "height": 14.943258023290461, "elevation": 554.7046988193072, "category": "mid-rise", "building_type": "commercial"}}, {"type": "Feature", "geometry": {"type": "Polygon", "coordinates": [[[-70.5573133403228, -33.397295035841104, 582.86682516118], [-70.5568862721412, -33.397295035841104, 582.86682516118], [-70.5568862721412, -33.39686796765951, 582.86682516118], [-70.5573133403228, -33.39686796765951, 582.86682516118], [-70.5573133403228, -33.397295035841104, 582.86682516118]]]}, "properties": {"building": "yes", "height": 22.508546832242466, "elevation": 582.86682516118, "category": "mid-rise", "building_type": "residential"}}, {"type": "Feature", "geometry": {"type": "Polygon", "coordinates": [[[-70.56863767026184, -33.41394041148932, 571.022028941418], [-70.56815390029897, -33.41394041148932, 571.022028941418], [-70.56815390029897, -33.41345664152645, 571.022028941418], [-70.56863767026184, -33.41345664152645, 571.022028941418], [-70.56863767026184, -33.41394041148932, 571.022028941418]]]}, "properties": {"building": "yes", "height": 16.84161512303681, "elevation": 571.022028941418, "category": "mid-rise", "building_type": "residential"}}, {"type": "Feature", "geometry": {"type": "Polygon", "coordinates": [[[-70.55718600591447, -33.41082649855456, 556.002744026806], [-70.55624908713659, -33.41082649855456, 556.002744026806], [-70.55624908713659, -33.40988957977668, 556.002744026806], [-70.55718600591447, -33.40988957977668, 556.002744026806], [-70.55718600591447, -33.41082649855456, 556.002744026806]]]}, "properties": {"building": "yes", "height": 17.27991073230828, "elevation": 556.002744026806, "category": "mid-rise", "building_type": "commercial"}}, {"type": "Feature", "geometry": {"type": "Polygon", "coordinates": [[[-70.58170990893777, -33.39657562864367, 557.7963695526302], [-70.58106284053349, -33.39657562864367, 557.7963695526302], [-70.58106284053349, -33.39592856023939, 557.7963695526302], [-70.58170990893777, -33.39592856023939, 557.7963695526302], [-70.58170990893777, -33.39657562864367, 557.7963695526302]]]}, "properties": {"building": "yes", "height": 15.167719588246985, "elevation": 557.7963695526302, "category": "mid-rise", "building_type": "residential"}}, {"type": "Feature", "geometry": {"type": "Polygon", "coordinates": [[[-70.5360490237241, -33.38700267225503, 560.7398182005471], [-70.53538445112846, -33.38700267225503, 560.7398182005471], [-70.53538445112846, -33.386338099659405, 560.7398182005471], [-70.5360490237241, -33.386338099659405, 560.7398182005471], [-70.5360490237241, -33.38700267225503, 560.7398182005471]]]}, "properties": {"building": "yes", "height": 13.722683547480337, "elevation": 560.7398182005471, "category": "mid-rise", "building_type": "commercial"}}, {"type": "Feature", "geometry": {"type": "Polygon", "coordinates": [[[-70.56726382654304, -33.39936049048971, 590.2692817084716], [-70.56626998071818, -33.39936049048971, 590.2692817084716], [-70.56626998071818, -33.39836664466486, 590.2692817084716], [-70.56726382654304, -33.39836664466486, 590.2692817084716], [-70.56726382654304, -33.39936049048971, 590.2692817084716]]]}, "properties": {"building": "yes", "height": 17.127939215866157, "elevation": 590.2692817084716, "category": "mid-rise", "building_type": "commercial"}}, {"type": "Feature", "geometry": {"type": "Polygon", "coordinates": [[[-70.58112838227349, -33.37764810543802, 576.3049305283993], [-70.58051113197301, -33.37764810543802, 576.3049305283993], [-70.58051113197301, -33.37703085513754, 576.3049305283993], [-70.58112838227349, -33.37703085513754, 576.3049305283993], [-70.58112838227349, -33.37764810543802, 576.3049305283993]]]}, "properties": {"building": "yes", "height": 10.317542600757827, "elevation": 576.3049305283993, "category": "mid-rise", "building_type": "commercial"}}, {"type": "Feature", "geometry": {"type": "Polygon", "coordinates": [[[-70.58548170306919, -33.40589139249895, 552.6927267890678], [-70.58450082640583, -33.40589139249895, 552.6927267890678], [-70.58450082640583, -33.404910515835574, 552.6927267890678], [-70.58548170306919, -33.404910515835574, 552.6927267890678], [-70.58548170306919, -33.40589139249895, 552.6927267890678]]]}, "properties": {"building": "yes", "height": 23.70514171326662, "elevation": 552.6927267890678, "category": "mid-rise", "building_type": "commercial"}}, {"type": "Feature", "geometry": {"type": "Polygon", "coordinates": [[[-70.54256560798473, -33.412363342333016, 571.3241755521022], [-70.54192268528729, -33.412363342333016, 571.3241755521022], [-70.54192268528729, -33.41172041963558, 571.3241755521022], [-70.54256560798473, -33.41172041963558, 571.3241755521022], [-70.54256560798473, -33.412363342333016, 571.3241755521022]]]}, "properties": {"building": "yes", "height": 21.152183827121217, "elevation": 571.3241755521022, "category": "mid-rise", "building_type": "residential"}}, {"type": "Feature", "geometry": {"type": "Polygon", "coordinates": [[[-70.55683981403075, -33.40712664148223, 641.774717283237], [-70.55620266701624, -33.40712664148223, 641.774717283237], [-70.55620266701624, -33.40648949446771, 641.774717283237], [-70.55683981403075, -33.40648949446771, 641.774717283237], [-70.55683981403075, -33.40712664148223, 641.774717283237]]]}, "properties": {"building": "yes", "height": 21.464631377015458, "elevation": 641.774717283237, "category": "mid-rise", "building_type": "commercial"}}, {"type": "Feature", "geometry": {"type": "Polygon", "coordinates": [[[-70.54833561884703, -33.39989396139804, 547.5834602910581], [-70.54741777158401, -33.39989396139804, 547.5834602910581], [-70.54741777158401, -33.398976114135, 547.5834602910581], [-70.54833561884703, -33.398976114135, 547.5834602910581], [-70.54833561884703, -33.39989396139804, 547.5834602910581]]]}, "properties": {"building": "yes", "height": 22.675111383152455, "elevation": 547.5834602910581, "category": "mid-rise", "building_type": "commercial"}}, {"type": "Feature", "geometry": {"type": "Polygon", "coordinates": [[[-70.57325603332659, -33.41234881477628, 557.1231051842797], [-70.57257645552714, -33.41234881477628, 557.1231051842797], [-70.57257645552714, -33.41166923697682, 557.1231051842797], [-70.57325603332659, -33.41166923697682, 557.1231051842797], [-70.57325603332659, -33.41234881477628, 557.1231051842797]]]}, "properties": {"building": "yes", "height": 17.32291877197417, "elevation": 557.1231051842797, "category": "mid-rise", "building_type": "residential"}}, {"type": "Feature", "geometry": {"type": "Polygon", "coordinates": [[[-70.56166682086122, -33.38707043523233, 550.4230694970531], [-70.56126164662855, -33.38707043523233, 550.4230694970531], [-70.56126164662855, -33.38666526099968, 550.4230694970531], [-70.56166682086122, -33.38666526099968, 550.4230694970531], [-70.56166682086122, -33.38707043523233, 550.4230694970531]]]}, "properties": {"building": "yes", "height": 23.56217559277798, "elevation": 550.4230694970531, "category": "mid-rise", "building_type": "residential"}}, {"type": "Feature", "geometry": {"type": "Polygon", "coordinates": [[[-70.56376912464837, -33.41502527718495, 578.7819174428407], [-70.56307587726143, -33.41502527718495, 578.7819174428407], [-70.56307587726143, -33.41433202979799, 578.7819174428407], [-70.56376912464837, -33.41433202979799, 578.7819174428407], [-70.56376912464837, -33.41502527718495, 578.7819174428407]]]}, "properties": {"building": "yes", "height": 18.527604203886895, "elevation": 578.7819174428407, "category": "mid-rise", "building_type": "residential"}}, {"type": "Feature", "geometry": {"type": "Polygon", "coordinates": [[[-70.54012272173598, -33.399992930872756, 530.0437508956935], [-70.53964602464184, -33.399992930872756, 530.0437508956935], [-70.53964602464184, -33.39951623377863, 530.0437508956935], [-70.54012272173598, -33.39951623377863, 530.0437508956935], [-70.54012272173598, -33.399992930872756, 530.0437508956935]]]}, "properties": {"building": "yes", "height": 20.15713634887795, "elevation": 530.0437508956935, "category": "mid-rise", "building_type": "residential"}}, {"type": "Feature", "geometry": {"type": "Polygon", "coordinates": [[[-70.53349151524516, -33.38638450498024, 547.2025374511535], [-70.53302425966463, -33.38638450498024, 547.2025374511535], [-70.53302425966463, -33.38591724939971, 547.2025374511535], [-70.53349151524516, -33.38591724939971, 547.2025374511535], [-70.53349151524516, -33.38638450498024, 547.2025374511535]]]}, "properties": {"building": "yes", "height": 19.525709136653067, "elevation": 547.2025374511535, "category": "mid-rise", "building_type": "residential"}}, {"type": "Feature", "geometry": {"type": "Polygon", "coordinates": [[[-70.543957338469, -33.41079316588613, 598.6197504090967], [-70.54321461513544, -33.41079316588613, 598.6197504090967], [-70.54321461513544, -33.410050442552574, 598.6197504090967], [-70.543957338469, -33.410050442552574, 598.6197504090967], [-70.543957338469, -33.41079316588613, 598.6197504090967]]]}, "properties": {"building": "yes", "height": 18.6628168211734, "elevation": 598.6197504090967, "category": "mid-rise", "building_type": "commercial"}}, {"type": "Feature", "geometry": {"type": "Polygon", "coordinates": [[[-70.5342466136996, -33.39836872380015, 584.422257201941], [-70.53363234256284, -33.39836872380015, 584.422257201941], [-70.53363234256284, -33.39775445266339, 584.422257201941], [-70.5342466136996, -33.39775445266339, 584.422257201941], [-70.5342466136996, -33.39836872380015, 584.422257201941]]]}, "properties": {"building": "yes", "height": 13.935291588444326, "elevation": 584.422257201941, "category": "mid-rise", "building_type": "commercial"}}, {"type": "Feature", "geometry": {"type": "Polygon", "coordinates": [[[-70.52144476732111, -33.37764097038213, 553.468010064471], [-70.52085887149043, -33.37764097038213, 553.468010064471], [-70.52085887149043, -33.377055074551464, 553.468010064471], [-70.52144476732111, -33.377055074551464, 553.468010064471], [-70.52144476732111, -33.37764097038213, 553.468010064471]]]}, "properties": {"building": "yes", "height": 23.21714253899726, "elevation": 553.468010064471, "category": "mid-rise", "building_type": "commercial"}}, {"type": "Feature", "geometry": {"type": "Polygon", "coordinates": [[[-70.55870633731965, -33.381792473143506, 576.253402463773], [-70.55796401106355, -33.381792473143506, 576.253402463773], [-70.55796401106355, -33.38105014688742, 576.253402463773], [-70.55870633731965, -33.38105014688742, 576.253402463773], [-70.55870633731965, -33.381792473143506, 576.253402463773]]]}, "properties": {"building": "yes", "height": 17.901190564557098, "elevation": 576.253402463773, "category": "mid-rise", "building_type": "commercial"}}, {"type": "Feature", "geometry": {"type": "Polygon", "coordinates": [[[-70.58640098001932, -33.411861681728894, 579.000210821502], [-70.58559660816759, -33.411861681728894, 579.000210821502], [-70.58559660816759, -33.41105730987715, 579.000210821502], [-70.58640098001932, -33.41105730987715, 579.000210821502], [-70.58640098001932, -33.411861681728894, 579.000210821502]]]}, "properties": {"building": "yes", "height": 12.88853882243041, "elevation": 579.000210821502, "category": "mid-rise", "building_type": "residential"}}, {"type": "Feature", "geometry": {"type": "Polygon", "coordinates": [[[-70.58566589625028, -33.376980372402436, 559.4827661478038], [-70.58525792858646, -33.376980372402436, 559.4827661478038], [-70.58525792858646, -33.37657240473862, 559.4827661478038], [-70.58566589625028, -33.37657240473862, 559.4827661478038], [-70.58566589625028, -33.376980372402436, 559.4827661478038]]]}, "properties": {"building": "yes", "height": 12.06139757428549, "elevation": 559.4827661478038, "category": "mid-rise", "building_type": "commercial"}}, {"type": "Feature", "geometry": {"type": "Polygon", "coordinates": [[[-70.54940973234255, -33.407484414166795, 567.7024815484546], [-70.54849669223108, -33.407484414166795, 567.7024815484546], [-70.54849669223108, -33.406571374055325, 567.7024815484546], [-70.54940973234255, -33.406571374055325, 567.7024815484546], [-70.54940973234255, -33.407484414166795, 567.7024815484546]]]}, "properties": {"building": "yes", "height": 11.87652667780095, "elevation": 567.7024815484546, "category": "mid-rise", "building_type": "residential"}}, {"type": "Feature", "geometry": {"type": "Polygon", "coordinates": [[[-70.52991130928761, -33.37672079949322, 568.5571372042405], [-70.5294265560663, -33.37672079949322, 568.5571372042405], [-70.5294265560663, -33.376236046271906, 568.5571372042405], [-70.52991130928761, -33.376236046271906, 568.5571372042405], [-70.52991130928761, -33.37672079949322, 568.5571372042405]]]}, "properties": {"building": "yes", "height": 10.040587827946789, "elevation": 568.5571372042405, "category": "mid-rise", "building_type": "commercial"}}, {"type": "Feature", "geometry": {"type": "Polygon", "coordinates": [[[-70.57206979750909, -33.38495073467806, 587.0107791378337], [-70.5713532893955, -33.38495073467806, 587.0107791378337], [-70.5713532893955, -33.38423422656447, 587.0107791378337], [-70.57206979750909, -33.38423422656447, 587.0107791378337], [-70.57206979750909, -33.38495073467806, 587.0107791378337]]]}, "properties": {"building": "yes", "height": 21.05770980200785, "elevation": 587.0107791378337, "category": "mid-rise", "building_type": "residential"}}, {"type": "Feature", "geometry": {"type": "Polygon", "coordinates": [[[-70.58079254614573, -33.40205305353753, 566.4632762548948], [-70.58030243253752, -33.40205305353753, 566.4632762548948], [-70.58030243253752, -33.401562939929306, 566.4632762548948], [-70.58079254614573, -33.401562939929306, 566.4632762548948], [-70.58079254614573, -33.40205305353753, 566.4632762548948]]]}, "properties": {"building": "yes", "height": 21.921639519459102, "elevation": 566.4632762548948, "category": "mid-rise", "building_type": "commercial"}}, {"type": "Feature", "geometry": {"type": "Polygon", "coordinates": [[[-70.54894952250544, -33.39474902125489, 578.8832233055765], [-70.54852393030302, -33.39474902125489, 578.8832233055765], [-70.54852393030302, -33.394323429052456, 578.8832233055765], [-70.54894952250544, -33.394323429052456, 578.8832233055765], [-70.54894952250544, -33.39474902125489, 578.8832233055765]]]}, "properties": {"building": "yes", "height": 12.011995092567878, "elevation": 578.8832233055765, "category": "mid-rise", "building_type": "commercial"}}, {"type": "Feature", "geometry": {"type": "Polygon", "coordinates": [[[-70.58211775876408, -33.38831460701315, 550.0919756018025], [-70.58114327430222, -33.38831460701315, 550.0919756018025], [-70.58114327430222, -33.38734012255127, 550.0919756018025], [-70.58211775876408, -33.38734012255127, 550.0919756018025], [-70.58211775876408, -33.38831460701315, 550.0919756018025]]]}, "properties": {"building": "yes", "height": 20.16477433094508, "elevation": 550.0919756018025, "category": "mid-rise", "building_type": "residential"}}, {"type": "Feature", "geometry": {"type": "Polygon", "coordinates": [[[-70.57523618123194, -33.38051844498492, 575.4316389594071], [-70.57469833728068, -33.38051844498492, 575.4316389594071], [-70.57469833728068, -33.37998060103366, 575.4316389594071], [-70.57523618123194, -33.37998060103366, 575.4316389594071], [-70.57523618123194, -33.38051844498492, 575.4316389594071]]]}, "properties": {"building": "yes", "height": 19.794195840786088, "elevation": 575.4316389594071, "category": "mid-rise", "building_type": "commercial"}}, {"type": "Feature", "geometry": {"type": "Polygon", "coordinates": [[[-70.58068052492698, -33.41249734420039, 531.6766556534022], [-70.57979455149948, -33.41249734420039, 531.6766556534022], [-70.57979455149948, -33.41161137077289, 531.6766556534022], [-70.58068052492698, -33.41161137077289, 531.6766556534022], [-70.58068052492698, -33.41249734420039, 531.6766556534022]]]}, "properties": {"building": "yes", "height": 14.409260015378742, "elevation": 531.6766556534022, "category": "mid-rise", "building_type": "residential"}}, {"type": "Feature", "geometry": {"type": "Polygon", "coordinates": [[[-70.52717143556171, -33.40773002038931, 603.4514279488393], [-70.52658334456444, -33.40773002038931, 603.4514279488393], [-70.52658334456444, -33.407141929392026, 603.4514279488393], [-70.52717143556171, -33.407141929392026, 603.4514279488393], [-70.52717143556171, -33.40773002038931, 603.4514279488393]]]}, "properties": {"building": "yes", "height": 13.403101748323028, "elevation": 603.4514279488393, "category": "mid-rise", "building_type": "residential"}}, {"type": "Feature", "geometry": {"type": "Polygon", "coordinates": [[[-70.57430370513325, -33.39843747770162, 560.6619493444505], [-70.57355665426468, -33.39843747770162, 560.6619493444505], [-70.57355665426468, -33.39769042683305, 560.6619493444505], [-70.57430370513325, -33.39769042683305, 560.6619493444505], [-70.57430370513325, -33.39843747770162, 560.6619493444505]]]}, "properties": {"building": "yes", "height": 17.62999154121212, "elevation": 560.6619493444505, "category": "mid-rise", "building_type": "residential"}}, {"type": "Feature", "geometry": {"type": "Polygon", "coordinates": [[[-70.56141669168214, -33.39068853889698, 605.3994869072177], [-70.56100571510429, -33.39068853889698, 605.3994869072177], [-70.56100571510429, -33.39027756231914, 605.3994869072177], [-70.56141669168214, -33.39027756231914, 605.3994869072177], [-70.56141669168214, -33.39068853889698, 605.3994869072177]]]}, "properties": {"building": "yes", "height": 16.66096687924668, "elevation": 605.3994869072177, "category": "mid-rise", "building_type": "commercial"}}, {"type": "Feature", "geometry": {"type": "Polygon", "coordinates": [[[-70.53775854562389, -33.37569581702666, 577.2260595665936], [-70.53700604576085, -33.37569581702666, 577.2260595665936], [-70.53700604576085, -33.374943317163606, 577.2260595665936], [-70.53775854562389, -33.374943317163606, 577.2260595665936], [-70.53775854562389, -33.37569581702666, 577.2260595665936]]]}, "properties": {"building": "yes", "height": 18.700096160679504, "elevation": 577.2260595665936, "category": "mid-rise", "building_type": "residential"}}, {"type": "Feature", "geometry": {"type": "Polygon", "coordinates": [[[-70.54641866474786, -33.3770424677656, 555.7459109413961], [-70.54558948229986, -33.3770424677656, 555.7459109413961], [-70.54558948229986, -33.37621328531761, 555.7459109413961], [-70.54641866474786, -33.37621328531761, 555.7459109413961], [-70.54641866474786, -33.3770424677656, 555.7459109413961]]]}, "properties": {"building": "yes", "height": 11.05290773009868, "elevation": 555.7459109413961, "category": "mid-rise", "building_type": "residential"}}, {"type": "Feature", "geometry": {"type": "Polygon", "coordinates": [[[-70.5742898892109, -33.38214303944263, 562.0163414780342], [-70.57334414573187, -33.38214303944263, 562.0163414780342], [-70.57334414573187, -33.38119729596358, 562.0163414780342], [-70.5742898892109, -33.38119729596358, 562.0163414780342], [-70.5742898892109, -33.38214303944263, 562.0163414780342]]]}, "properties": {"building": "yes", "height": 12.531364595672088, "elevation": 562.0163414780342, "category": "mid-rise", "building_type": "residential"}}, {"type": "Feature", "geometry": {"type": "Polygon", "coordinates": [[[-70.54681058398255, -33.41147276605495, 580.049323144999], [-70.54627390104146, -33.41147276605495, 580.049323144999], [-70.54627390104146, -33.410936083113846, 580.049323144999], [-70.54681058398255, -33.410936083113846, 580.049323144999], [-70.54681058398255, -33.41147276605495, 580.049323144999]]]}, "properties": {"building": "yes", "height": 15.869555536198206, "elevation": 580.049323144999, "category": "mid-rise", "building_type": "commercial"}}, {"type": "Feature", "geometry": {"type": "Polygon", "coordinates": [[[-70.52700052050976, -33.38742304681536, 585.3636407267941], [-70.52652821399762, -33.38742304681536, 585.3636407267941], [-70.52652821399762, -33.38695074030322, 585.3636407267941], [-70.52700052050976, -33.38695074030322, 585.3636407267941], [-70.52700052050976, -33.38742304681536, 585.3636407267941]]]}, "properties": {"building": "yes", "height": 12.184075737181589, "elevation": 585.3636407267941, "category": "mid-rise", "building_type": "residential"}}, {"type": "Feature", "geometry": {"type": "Polygon", "coordinates": [[[-70.53863294781296, -33.41487667151315, 579.3493171810949], [-70.53816833391066, -33.41487667151315, 579.3493171810949], [-70.53816833391066, -33.41441205761084, 579.3493171810949], [-70.53863294781296, -33.41441205761084, 579.3493171810949], [-70.53863294781296, -33.41487667151315, 579.3493171810949]]]}, "properties": {"building": "yes", "height": 17.567045671160272, "elevation": 579.3493171810949, "category": "mid-rise", "building_type": "commercial"}}, {"type": "Feature", "geometry": {"type": "Polygon", "coordinates": [[[-70.57465880856867, -33.38831017577054, 541.2321285631665], [-70.57392048430677, -33.38831017577054, 541.2321285631665], [-70.57392048430677, -33.38757185150865, 541.2321285631665], [-70.57465880856867, -33.38757185150865, 541.2321285631665], [-70.57465880856867, -33.38831017577054, 541.2321285631665]]]}, "properties": {"building": "yes", "height": 21.47098450858377, "elevation": 541.2321285631665, "category": "mid-rise", "building_type": "residential"}}, {"type": "Feature", "geometry": {"type": "Polygon", "coordinates": [[[-70.5259812438175, -33.38926036307925, 586.3609313140716], [-70.52547577693663, -33.38926036307925, 586.3609313140716], [-70.52547577693663, -33.38875489619837, 586.3609313140716], [-70.5259812438175, -33.38875489619837, 586.3609313140716], [-70.5259812438175, -33.38926036307925, 586.3609313140716]]]}, "properties": {"building": "yes", "height": 12.750025117485496, "elevation": 586.3609313140716, "category": "mid-rise", "building_type": "residential"}}, {"type": "Feature", "geometry": {"type": "Polygon", "coordinates": [[[-70.58126995357503, -33.37945372123069, 541.9199370691655], [-70.58045009916464, -33.37945372123069, 541.9199370691655], [-70.58045009916464, -33.378633866820294, 541.9199370691655], [-70.58126995357503, -33.378633866820294, 541.9199370691655], [-70.58126995357503, -33.37945372123069, 541.9199370691655]]]}, "properties": {"building": "yes", "height": 18.774351883502717, "elevation": 541.9199370691655, "category": "mid-rise", "building_type": "commercial"}}, {"type": "Feature", "geometry": {"type": "Polygon", "coordinates": [[[-70.56904280049511, -33.41390467428186, 556.2064996754603], [-70.56857939917936, -33.41390467428186, 556.2064996754603], [-70.56857939917936, -33.41344127296612, 556.2064996754603], [-70.56904280049511, -33.41344127296612, 556.2064996754603], [-70.56904280049511, -33.41390467428186, 556.2064996754603]]]}, "properties": {"building": "yes", "height": 10.75518522128491, "elevation": 556.2064996754603, "category": "mid-rise", "building_type": "commercial"}}, {"type": "Feature", "geometry": {"type": "Polygon", "coordinates": [[[-70.5669952416031, -33.39110302250524, 573.1004323930237], [-70.56624219475852, -33.39110302250524, 573.1004323930237], [-70.56624219475852, -33.39034997566066, 573.1004323930237], [-70.5669952416031, -33.39034997566066, 573.1004323930237], [-70.5669952416031, -33.39110302250524, 573.1004323930237]]]}, "properties": {"building": "yes", "height": 13.986813142330949, "elevation": 573.1004323930237, "category": "mid-rise", "building_type": "residential"}}, {"type": "Feature", "geometry": {"type": "Polygon", "coordinates": [[[-70.55201144734514, -33.38596760826121, 589.2497683715003], [-70.55115268684685, -33.38596760826121, 589.2497683715003], [-70.55115268684685, -33.38510884776291, 589.2497683715003], [-70.55201144734514, -33.38510884776291, 589.2497683715003], [-70.55201144734514, -33.38596760826121, 589.2497683715003]]]}, "properties": {"building": "yes", "height": 10.921873817575314, "elevation": 589.2497683715003, "category": "mid-rise", "building_type": "commercial"}}, {"type": "Feature", "geometry": {"type": "Polygon", "coordinates": [[[-70.56876722898902, -33.40311542830629, 585.0383038864194], [-70.5682944595083, -33.40311542830629, 585.0383038864194], [-70.5682944595083, -33.40264265882557, 585.0383038864194], [-70.56876722898902, -33.40264265882557, 585.0383038864194], [-70.56876722898902, -33.40311542830629, 585.0383038864194]]]}, "properties": {"building": "yes", "height": 15.635860027326046, "elevation": 585.0383038864194, "category": "mid-rise", "building_type": "commercial"}}, {"type": "Feature", "geometry": {"type": "Polygon", "coordinates": [[[-70.5848547775684, -33.40727214521379, 560.9501002098573], [-70.58393210536435, -33.40727214521379, 560.9501002098573], [-70.58393210536435, -33.40634947300973, 560.9501002098573], [-70.5848547775684, -33.40634947300973, 560.9501002098573], [-70.5848547775684, -33.40727214521379, 560.9501002098573]]]}, "properties": {"building": "yes", "height": 18.950892899393924, "elevation": 560.9501002098573, "category": "mid-rise", "building_type": "commercial"}}, {"type": "Feature", "geometry": {"type": "Polygon", "coordinates": [[[-70.58259401677878, -33.402701196063745, 568.1454673663487], [-70.58196977991028, -33.402701196063745, 568.1454673663487], [-70.58196977991028, -33.402076959195256, 568.1454673663487], [-70.58259401677878, -33.402076959195256, 568.1454673663487], [-70.58259401677878, -33.402701196063745, 568.1454673663487]]]}, "properties": {"building": "yes", "height": 18.666969730753888, "elevation": 568.1454673663487, "category": "mid-rise", "building_type": "commercial"}}, {"type": "Feature", "geometry": {"type": "Polygon", "coordinates": [[[-70.56567531576643, -33.382385269588276, 583.1456180924841], [-70.56491132472799, -33.382385269588276, 583.1456180924841], [-70.56491132472799, -33.38162127854984, 583.1456180924841], [-70.56567531576643, -33.38162127854984, 583.1456180924841], [-70.56567531576643, -33.382385269588276, 583.1456180924841]]]}, "properties": {"building": "yes", "height": 23.53011683305238, "elevation": 583.1456180924841, "category": "mid-rise", "building_type": "residential"}}, {"type": "Feature", "geometry": {"type": "Polygon", "coordinates": [[[-70.55805126076096, -33.40559736383791, 555.4205891193968], [-70.55747042929853, -33.40559736383791, 555.4205891193968], [-70.55747042929853, -33.405016532375484, 555.4205891193968], [-70.55805126076096, -33.405016532375484, 555.4205891193968], [-70.55805126076096, -33.40559736383791, 555.4205891193968]]]}, "properties": {"building": "yes", "height": 21.37796646313077, "elevation": 555.4205891193968, "category": "mid-rise", "building_type": "residential"}}, {"type": "Feature", "geometry": {"type": "Polygon", "coordinates": [[[-70.56383628346713, -33.40211555814971, 604.0423858459509], [-70.5630438326037, -33.40211555814971, 604.0423858459509], [-70.5630438326037, -33.401323107286295, 604.0423858459509], [-70.56383628346713, -33.401323107286295, 604.0423858459509], [-70.56383628346713, -33.40211555814971, 604.0423858459509]]]}, "properties": {"building": "yes", "height": 11.293391707355308, "elevation": 604.0423858459509, "category": "mid-rise", "building_type": "commercial"}}, {"type": "Feature", "geometry": {"type": "Polygon", "coordinates": [[[-70.54329366785178, -33.379016628769634, 566.2790837219263], [-70.54272640034795, -33.379016628769634, 566.2790837219263], [-70.54272640034795, -33.378449361265794, 566.2790837219263], [-70.54329366785178, -33.378449361265794, 566.2790837219263], [-70.54329366785178, -33.379016628769634, 566.2790837219263]]]}, "properties": {"building": "yes", "height": 12.75044826402738, "elevation": 566.2790837219263, "category": "mid-rise", "building_type": "commercial"}}, {"type": "Feature", "geometry": {"type": "Polygon", "coordinates": [[[-70.531403090262, -33.39925625239639, 563.3429048133935], [-70.53091047677553, -33.39925625239639, 563.3429048133935], [-70.53091047677553, -33.39876363890992, 563.3429048133935], [-70.531403090262, -33.39876363890992, 563.3429048133935], [-70.531403090262, -33.39925625239639, 563.3429048133935]]]}, "properties": {"building": "yes", "height": 12.070098519923643, "elevation": 563.3429048133935, "category": "mid-rise", "building_type": "residential"}}, {"type": "Feature", "geometry": {"type": "Polygon", "coordinates": [[[-70.57608806072334, -33.378512916415715, 595.6524878266085], [-70.57521600965013, -33.378512916415715, 595.6524878266085], [-70.57521600965013, -33.377640865342514, 595.6524878266085], [-70.57608806072334, -33.377640865342514, 595.6524878266085], [-70.57608806072334, -33.378512916415715, 595.6524878266085]]]}, "properties": {"building": "yes", "height": 15.561273851896283, "elevation": 595.6524878266085, "category": "mid-rise", "building_type": "commercial"}}, {"type": "Feature", "geometry": {"type": "Polygon", "coordinates": [[[-70.54613719345488, -33.38485621618819, 549.0257041194659], [-70.54537795837356, -33.38485621618819, 549.0257041194659], [-70.54537795837356, -33.38409698110687, 549.0257041194659], [-70.54613719345488, -33.38409698110687, 549.0257041194659], [-70.54613719345488, -33.38485621618819, 549.0257041194659]]]}, "properties": {"building": "yes", "height": 15.934969781583625, "elevation": 549.0257041194659, "category": "mid-rise", "building_type": "commercial"}}, {"type": "Feature", "geometry": {"type": "Polygon", "coordinates": [[[-70.56081223318762, -33.392404729938015, 571.86685969714], [-70.55987790980075, -33.392404729938015, 571.86685969714], [-70.55987790980075, -33.39147040655114, 571.86685969714], [-70.56081223318762, -33.39147040655114, 571.86685969714], [-70.56081223318762, -33.392404729938015, 571.86685969714]]]}, "properties": {"building": "yes", "height": 19.87737344193813, "elevation": 571.86685969714, "category": "mid-rise", "building_type": "residential"}}, {"type": "Feature", "geometry": {"type": "Polygon", "coordinates": [[[-70.55550625396478, -33.40488321030222, 570.8976228613948], [-70.55469519173482, -33.40488321030222, 570.8976228613948], [-70.55469519173482, -33.40407214807225, 570.8976228613948], [-70.55550625396478, -33.40407214807225, 570.8976228613948], [-70.55550625396478, -33.40488321030222, 570.8976228613948]]]}, "properties": {"building": "yes", "height": 17.28143089135728, "elevation": 570.8976228613948, "category": "mid-rise", "building_type": "residential"}}, {"type": "Feature", "geometry": {"type": "Polygon", "coordinates": [[[-70.57684500722121, -33.38398164032826, 563.9199090371656], [-70.57627460166, -33.38398164032826, 563.9199090371656], [-70.57627460166, -33.38341123476704, 563.9199090371656], [-70.57684500722121, -33.38341123476704, 563.9199090371656], [-70.57684500722121, -33.38398164032826, 563.9199090371656]]]}, "properties": {"building": "yes", "height": 21.202531092640463, "elevation": 563.9199090371656, "category": "mid-rise", "building_type": "commercial"}}, {"type": "Feature", "geometry": {"type": "Polygon", "coordinates": [[[-70.57848422814425, -33.39624196284268, 542.43685320655], [-70.57808271712236, -33.39624196284268, 542.43685320655], [-70.57808271712236, -33.395840451820774, 542.43685320655], [-70.57848422814425, -33.395840451820774, 542.43685320655], [-70.57848422814425, -33.39624196284268, 542.43685320655]]]}, "properties": {"building": "yes", "height": 14.239185250755513, "elevation": 542.43685320655, "category": "mid-rise", "building_type": "residential"}}, {"type": "Feature", "geometry": {"type": "Polygon", "coordinates": [[[-70.52938862620404, -33.375187603734304, 571.0765235996726], [-70.52894930076833, -33.375187603734304, 571.0765235996726], [-70.52894930076833, -33.37474827829858, 571.0765235996726], [-70.52938862620404, -33.37474827829858, 571.0765235996726], [-70.52938862620404, -33.375187603734304, 571.0765235996726]]]}, "properties": {"building": "yes", "height": 13.129935451646919, "elevation": 571.0765235996726, "category": "mid-rise", "building_type": "residential"}}, {"type": "Feature", "geometry": {"type": "Polygon", "coordinates": [[[-70.54923282450847, -33.38424542848437, 537.3989339603074], [-70.54839194797538, -33.38424542848437, 537.3989339603074], [-70.54839194797538, -33.38340455195128, 537.3989339603074], [-70.54923282450847, -33.38340455195128, 537.3989339603074], [-70.54923282450847, -33.38424542848437, 537.3989339603074]]]}, "properties": {"building": "yes", "height": 18.965046540573393, "elevation": 537.3989339603074, "category": "mid-rise", "building_type": "residential"}}, {"type": "Feature", "geometry": {"type": "Polygon", "coordinates": [[[-70.57700256843262, -33.40219959957118, 535.132370293935], [-70.57642741804844, -33.40219959957118, 535.132370293935], [-70.57642741804844, -33.40162444918702, 535.132370293935], [-70.57700256843262, -33.40162444918702, 535.132370293935], [-70.57700256843262, -33.40219959957118, 535.132370293935]]]}, "properties": {"building": "yes", "height": 11.479166991321856, "elevation": 535.132370293935, "category": "mid-rise", "building_type": "residential"}}, {"type": "Feature", "geometry": {"type": "Polygon", "coordinates": [[[-70.58050638785159, -33.37871445925332, 581.9089344801738], [-70.58004663824971, -33.37871445925332, 581.9089344801738], [-70.58004663824971, -33.37825470965144, 581.9089344801738], [-70.58050638785159, -33.37825470965144, 581.9089344801738], [-70.58050638785159, -33.37871445925332, 581.9089344801738]]]}, "properties": {"building": "yes", "height": 18.33876909606959, "elevation": 581.9089344801738, "category": "mid-rise", "building_type": "commercial"}}, {"type": "Feature", "geometry": {"type": "Polygon", "coordinates": [[[-70.55778957236431, -33.39366608706162, 599.3624910806243], [-70.55731898489206, -33.39366608706162, 599.3624910806243], [-70.55731898489206, -33.39319549958937, 599.3624910806243], [-70.55778957236431, -33.39319549958937, 599.3624910806243], [-70.55778957236431, -33.39366608706162, 599.3624910806243]]]}, "properties": {"building": "yes", "height": 19.08780601048519, "elevation": 599.3624910806243, "category": "mid-rise", "building_type": "residential"}}, {"type": "Feature", "geometry": {"type": "Polygon", "coordinates": [[[-70.5301959513414, -33.404697487281545, 601.4660786098058], [-70.52956556520238, -33.404697487281545, 601.4660786098058], [-70.52956556520238, -33.40406710114252, 601.4660786098058], [-70.5301959513414, -33.40406710114252, 601.4660786098058], [-70.5301959513414, -33.404697487281545, 601.4660786098058]]]}, "properties": {"building": "yes", "height": 22.272975443697224, "elevation": 601.4660786098058, "category": "mid-rise", "building_type": "commercial"}}, {"type": "Feature", "geometry": {"type": "Polygon", "coordinates": [[[-70.53333823382941, -33.39112726602377, 592.2802738518157], [-70.53275190306745, -33.39112726602377, 592.2802738518157], [-70.53275190306745, -33.390540935261825, 592.2802738518157], [-70.53333823382941, -33.390540935261825, 592.2802738518157], [-70.53333823382941, -33.39112726602377, 592.2802738518157]]]}, "properties": {"building": "yes", "height": 23.080649001881255, "elevation": 592.2802738518157, "category": "mid-rise", "building_type": "residential"}}, {"type": "Feature", "geometry": {"type": "Polygon", "coordinates": [[[-70.5472325209052, -33.403371472374104, 524.1235171560523], [-70.54654935430335, -33.403371472374104, 524.1235171560523], [-70.54654935430335, -33.40268830577226, 524.1235171560523], [-70.5472325209052, -33.40268830577226, 524.1235171560523], [-70.5472325209052, -33.403371472374104, 524.1235171560523]]]}, "properties": {"building": "yes", "height": 14.373640193775262, "elevation": 524.1235171560523, "category": "mid-rise", "building_type": "commercial"}}, {"type": "Feature", "geometry": {"type": "Polygon", "coordinates": [[[-70.54409115215881, -33.387447510162055, 578.1479853653674], [-70.54342111323697, -33.387447510162055, 578.1479853653674], [-70.54342111323697, -33.38677747124023, 578.1479853653674], [-70.54409115215881, -33.38677747124023, 578.1479853653674], [-70.54409115215881, -33.387447510162055, 578.1479853653674]]]}, "properties": {"building": "yes", "height": 10.631279325596877, "elevation": 578.1479853653674, "category": "mid-rise", "building_type": "residential"}}, {"type": "Feature", "geometry": {"type": "Polygon", "coordinates": [[[-70.56825582908412, -33.38113861080754, 552.4398452173097], [-70.56766198982997, -33.38113861080754, 552.4398452173097], [-70.56766198982997, -33.38054477155339, 552.4398452173097], [-70.56825582908412, -33.38054477155339, 552.4398452173097], [-70.56825582908412, -33.38113861080754, 552.4398452173097]]]}, "properties": {"building": "yes", "height": 20.048469221530745, "elevation": 552.4398452173097, "category": "mid-rise", "building_type": "commercial"}}, {"type": "Feature", "geometry": {"type": "Polygon", "coordinates": [[[-70.57282145684051, -33.406883657346924, 560.398304486306], [-70.57213704861188, -33.406883657346924, 560.398304486306], [-70.57213704861188, -33.40619924911827, 560.398304486306], [-70.57282145684051, -33.40619924911827, 560.398304486306], [-70.57282145684051, -33.406883657346924, 560.398304486306]]]}, "properties": {"building": "yes", "height": 21.345934233068807, "elevation": 560.398304486306, "category": "mid-rise", "building_type": "residential"}}, {"type": "Feature", "geometry": {"type": "Polygon", "coordinates": [[[-70.52786815057705, -33.40646787534621, 585.3307208627696], [-70.52693367064423, -33.40646787534621, 585.3307208627696], [-70.52693367064423, -33.4055333954134, 585.3307208627696], [-70.52786815057705, -33.4055333954134, 585.3307208627696], [-70.52786815057705, -33.40646787534621, 585.3307208627696]]]}, "properties": {"building": "yes", "height": 19.24831112621016, "elevation": 585.3307208627696, "category": "mid-rise", "building_type": "commercial"}}, {"type": "Feature", "geometry": {"type": "Polygon", "coordinates": [[[-70.5371239703891, -33.377394711858244, 539.473362622623], [-70.53647686714942, -33.377394711858244, 539.473362622623], [-70.53647686714942, -33.37674760861857, 539.473362622623], [-70.5371239703891, -33.37674760861857, 539.473362622623], [-70.5371239703891, -33.377394711858244, 539.473362622623]]]}, "properties": {"building": "yes", "height": 17.821468854245598, "elevation": 539.473362622623, "category": "mid-rise", "building_type": "commercial"}}, {"type": "Feature", "geometry": {"type": "Polygon", "coordinates": [[[-70.56719341247212, -33.40130167866723, 550.8765330073988], [-70.56646593009079, -33.40130167866723, 550.8765330073988], [-70.56646593009079, -33.400574196285895, 550.8765330073988], [-70.56719341247212, -33.400574196285895, 550.8765330073988], [-70.56719341247212, -33.40130167866723, 550.8765330073988]]]}, "properties": {"building": "yes", "height": 23.49243466007463, "elevation": 550.8765330073988, "category": "mid-rise", "building_type": "commercial"}}, {"type": "Feature", "geometry": {"type": "Polygon", "coordinates": [[[-70.53453690021158, -33.41516956185003, 569.5972672400352], [-70.5338158383571, -33.41516956185003, 569.5972672400352], [-70.5338158383571, -33.41444849999554, 569.5972672400352], [-70.53453690021158, -33.41444849999554, 569.5972672400352], [-70.53453690021158, -33.41516956185003, 569.5972672400352]]]}, "properties": {"building": "yes", "height": 11.66850670420976, "elevation": 569.5972672400352, "category": "mid-rise", "building_type": "residential"}}, {"type": "Feature", "geometry": {"type": "Polygon", "coordinates": [[[-70.5515998323067, -33.41065399689234, 596.4738576645974], [-70.55085884042536, -33.41065399689234, 596.4738576645974], [-70.55085884042536, -33.409913005011, 596.4738576645974], [-70.5515998323067, -33.409913005011, 596.4738576645974], [-70.5515998323067, -33.41065399689234, 596.4738576645974]]]}, "properties": {"building": "yes", "height": 10.727565037441732, "elevation": 596.4738576645974, "category": "mid-rise", "building_type": "residential"}}, {"type": "Feature", "geometry": {"type": "Polygon", "coordinates": [[[-70.58055004015579, -33.40999308817861, 596.0889856175875], [-70.57990854554616, -33.40999308817861, 596.0889856175875], [-70.57990854554616, -33.409351593569, 596.0889856175875], [-70.58055004015579, -33.409351593569, 596.0889856175875], [-70.58055004015579, -33.40999308817861, 596.0889856175875]]]}, "properties": {"building": "yes", "height": 24.860199660038138, "elevation": 596.0889856175875, "category": "mid-rise", "building_type": "commercial"}}, {"type": "Feature", "geometry": {"type": "Polygon", "coordinates": [[[-70.5483282944272, -33.39923902930107, 574.0154051565531], [-70.54748643075231, -33.39923902930107, 574.0154051565531], [-70.54748643075231, -33.39839716562621, 574.0154051565531], [-70.5483282944272, -33.39839716562621, 574.0154051565531], [-70.5483282944272, -33.39923902930107, 574.0154051565531]]]}, "properties": {"building": "yes", "height": 11.110163846515512, "elevation": 574.0154051565531, "category": "mid-rise", "building_type": "residential"}}, {"type": "Feature", "geometry": {"type": "Polygon", "coordinates": [[[-70.55044749234662, -33.37837048845798, 595.9617574938854], [-70.5499724060135, -33.37837048845798, 595.9617574938854], [-70.5499724060135, -33.37789540212486, 595.9617574938854], [-70.55044749234662, -33.37789540212486, 595.9617574938854], [-70.55044749234662, -33.37837048845798, 595.9617574938854]]]}, "properties": {"building": "yes", "height": 13.031763872338049, "elevation": 595.9617574938854, "category": "mid-rise", "building_type": "residential"}}, {"type": "Feature", "geometry": {"type": "Polygon", "coordinates": [[[-70.52954449719017, -33.40981009020182, 547.3316631627049], [-70.52893372368335, -33.40981009020182, 547.3316631627049], [-70.52893372368335, -33.40919931669499, 547.3316631627049], [-70.52954449719017, -33.40919931669499, 547.3316631627049], [-70.52954449719017, -33.40981009020182, 547.3316631627049]]]}, "properties": {"building": "yes", "height": 23.829779939526706, "elevation": 547.3316631627049, "category": "mid-rise", "building_type": "commercial"}}, {"type": "Feature", "geometry": {"type": "Polygon", "coordinates": [[[-70.55396259155579, -33.387749313979334, 578.8724315415775], [-70.5530690755726, -33.387749313979334, 578.8724315415775], [-70.5530690755726, -33.386855797996155, 578.8724315415775], [-70.55396259155579, -33.386855797996155, 578.8724315415775], [-70.55396259155579, -33.387749313979334, 578.8724315415775]]]}, "properties": {"building": "yes", "height": 21.260305666652386, "elevation": 578.8724315415775, "category": "mid-rise", "building_type": "commercial"}}, {"type": "Feature", "geometry": {"type": "Polygon", "coordinates": [[[-70.5767147196694, -33.39714130906136, 559.9913890777244], [-70.57601952942319, -33.39714130906136, 559.9913890777244], [-70.57601952942319, -33.39644611881514, 559.9913890777244], [-70.5767147196694, -33.39644611881514, 559.9913890777244], [-70.5767147196694, -33.39714130906136, 559.9913890777244]]]}, "properties": {"building": "yes", "height": 10.205500279709558, "elevation": 559.9913890777244, "category": "mid-rise", "building_type": "residential"}}, {"type": "Feature", "geometry": {"type": "Polygon", "coordinates": [[[-70.5511731206415, -33.41077937767641, 587.6785505513128], [-70.55038843622498, -33.41077937767641, 587.6785505513128], [-70.55038843622498, -33.40999469325991, 587.6785505513128], [-70.5511731206415, -33.40999469325991, 587.6785505513128], [-70.5511731206415, -33.41077937767641, 587.6785505513128]]]}, "properties": {"building": "yes", "height": 16.27533091399846, "elevation": 587.6785505513128, "category": "mid-rise", "building_type": "residential"}}, {"type": "Feature", "geometry": {"type": "Polygon", "coordinates": [[[-70.52068175448068, -33.41112115846853, 592.3707575255071], [-70.52021485778653, -33.41112115846853, 592.3707575255071], [-70.52021485778653, -33.4106542617744, 592.3707575255071], [-70.52068175448068, -33.4106542617744, 592.3707575255071], [-70.52068175448068, -33.41112115846853, 592.3707575255071]]]}, "properties": {"building": "yes", "height": 24.269942784521227, "elevation": 592.3707575255071, "category": "mid-rise", "building_type": "commercial"}}, {"type": "Feature", "geometry": {"type": "Polygon", "coordinates": [[[-70.57876276270467, -33.37480272503449, 566.760613094604], [-70.57804685616311, -33.37480272503449, 566.760613094604], [-70.57804685616311, -33.374086818492934, 566.760613094604], [-70.57876276270467, -33.374086818492934, 566.760613094604], [-70.57876276270467, -33.37480272503449, 566.760613094604]]]}, "properties": {"building": "yes", "height": 21.640373572922655, "elevation": 566.760613094604, "category": "mid-rise", "building_type": "residential"}}, {"type": "Feature", "geometry": {"type": "Polygon", "coordinates": [[[-70.55099874062765, -33.399336818000755, 542.8369367596855], [-70.55016502568992, -33.399336818000755, 542.8369367596855], [-70.55016502568992, -33.39850310306304, 542.8369367596855], [-70.55099874062765, -33.39850310306304, 542.8369367596855], [-70.55099874062765, -33.399336818000755, 542.8369367596855]]]}, "properties": {"building": "yes", "height": 17.13683295537762, "elevation": 542.8369367596855, "category": "mid-rise", "building_type": "residential"}}, {"type": "Feature", "geometry": {"type": "Polygon", "coordinates": [[[-70.5211185830575, -33.41521982840908, 546.7628892799099], [-70.52021226906965, -33.41521982840908, 546.7628892799099], [-70.52021226906965, -33.414313514421224, 546.7628892799099], [-70.5211185830575, -33.414313514421224, 546.7628892799099], [-70.5211185830575, -33.41521982840908, 546.7628892799099]]]}, "properties": {"building": "yes", "height": 15.657651457772477, "elevation": 546.7628892799099, "category": "mid-rise", "building_type": "commercial"}}, {"type": "Feature", "geometry": {"type": "Polygon", "coordinates": [[[-70.5770482432786, -33.38370799900201, 549.8127386943171], [-70.576495723877, -33.38370799900201, 549.8127386943171], [-70.576495723877, -33.38315547960042, 549.8127386943171], [-70.5770482432786, -33.38315547960042, 549.8127386943171], [-70.5770482432786, -33.38370799900201, 549.8127386943171]]]}, "properties": {"building": "yes", "height": 12.682231846135906, "elevation": 549.8127386943171, "category": "mid-rise", "building_type": "commercial"}}, {"type": "Feature", "geometry": {"type": "Polygon", "coordinates": [[[-70.56353680650254, -33.402382883851985, 568.8066695433104], [-70.5630878833011, -33.402382883851985, 568.8066695433104], [-70.5630878833011, -33.40193396065054, 568.8066695433104], [-70.56353680650254, -33.40193396065054, 568.8066695433104], [-70.56353680650254, -33.402382883851985, 568.8066695433104]]]}, "properties": {"building": "yes", "height": 15.492176073609377, "elevation": 568.8066695433104, "category": "mid-rise", "building_type": "commercial"}}, {"type": "Feature", "geometry": {"type": "Polygon", "coordinates": [[[-70.5827909876197, -33.376368220844924, 563.375665502759], [-70.58185361924278, -33.376368220844924, 563.375665502759], [-70.58185361924278, -33.375430852467986, 563.375665502759], [-70.5827909876197, -33.375430852467986, 563.375665502759], [-70.5827909876197, -33.376368220844924, 563.375665502759]]]}, "properties": {"building": "yes", "height": 21.384241183109996, "elevation": 563.375665502759, "category": "mid-rise", "building_type": "residential"}}, {"type": "Feature", "geometry": {"type": "Polygon", "coordinates": [[[-70.53431189933046, -33.39394471162564, 571.4817754772637], [-70.53386136906649, -33.39394471162564, 571.4817754772637], [-70.53386136906649, -33.39349418136167, 571.4817754772637], [-70.53431189933046, -33.39349418136167, 571.4817754772637], [-70.53431189933046, -33.39394471162564, 571.4817754772637]]]}, "properties": {"building": "yes", "height": 15.504487252888666, "elevation": 571.4817754772637, "category": "mid-rise", "building_type": "residential"}}, {"type": "Feature", "geometry": {"type": "Polygon", "coordinates": [[[-70.55720325991798, -33.401785719132306, 558.5420579693883], [-70.5565146036697, -33.401785719132306, 558.5420579693883], [-70.5565146036697, -33.401097062884006, 558.5420579693883], [-70.55720325991798, -33.401097062884006, 558.5420579693883], [-70.55720325991798, -33.401785719132306, 558.5420579693883]]]}, "properties": {"building": "yes", "height": 18.71502365966703, "elevation": 558.5420579693883, "category": "mid-rise", "building_type": "residential"}}, {"type": "Feature", "geometry": {"type": "Polygon", "coordinates": [[[-70.53200795345117, -33.40129049238458, 587.0249413241057], [-70.53140204536376, -33.40129049238458, 587.0249413241057], [-70.53140204536376, -33.400684584297174, 587.0249413241057], [-70.53200795345117, -33.400684584297174, 587.0249413241057], [-70.53200795345117, -33.40129049238458, 587.0249413241057]]]}, "properties": {"building": "yes", "height": 14.626653526472383, "elevation": 587.0249413241057, "category": "mid-rise", "building_type": "residential"}}, {"type": "Feature", "geometry": {"type": "Polygon", "coordinates": [[[-70.52946693823138, -33.37818725008274, 552.8155974785188], [-70.52879874254977, -33.37818725008274, 552.8155974785188], [-70.52879874254977, -33.37751905440113, 552.8155974785188], [-70.52946693823138, -33.37751905440113, 552.8155974785188], [-70.52946693823138, -33.37818725008274, 552.8155974785188]]]}, "properties": {"building": "yes", "height": 24.638431371325634, "elevation": 552.8155974785188, "category": "mid-rise", "building_type": "commercial"}}, {"type": "Feature", "geometry": {"type": "Polygon", "coordinates": [[[-70.56215443911108, -33.3945181693887, 545.9138596664685], [-70.56163664596988, -33.3945181693887, 545.9138596664685], [-70.56163664596988, -33.39400037624748, 545.9138596664685], [-70.56215443911108, -33.39400037624748, 545.9138596664685], [-70.56215443911108, -33.3945181693887, 545.9138596664685]]]}, "properties": {"building": "yes", "height": 11.106410998650947, "elevation": 545.9138596664685, "category": "mid-rise", "building_type": "commercial"}}, {"type": "Feature", "geometry": {"type": "Polygon", "coordinates": [[[-70.57993393038815, -33.41518167543159, 559.8228865892909], [-70.5792786596911, -33.41518167543159, 559.8228865892909], [-70.5792786596911, -33.41452640473454, 559.8228865892909], [-70.57993393038815, -33.41452640473454, 559.8228865892909], [-70.57993393038815, -33.41518167543159, 559.8228865892909]]]}, "properties": {"building": "yes", "height": 17.165563603712705, "elevation": 559.8228865892909, "category": "mid-rise", "building_type": "residential"}}, {"type": "Feature", "geometry": {"type": "Polygon", "coordinates": [[[-70.54991238364059, -33.385286756289794, 572.250031848563], [-70.54947111981087, -33.385286756289794, 572.250031848563], [-70.54947111981087, -33.38484549246008, 572.250031848563], [-70.54991238364059, -33.38484549246008, 572.250031848563], [-70.54991238364059, -33.385286756289794, 572.250031848563]]]}, "properties": {"building": "yes", "height": 16.375862376701964, "elevation": 572.250031848563, "category": "mid-rise", "building_type": "residential"}}, {"type": "Feature", "geometry": {"type": "Polygon", "coordinates": [[[-70.58227071886058, -33.391612028777594, 584.124598178774], [-70.58177903725188, -33.391612028777594, 584.124598178774], [-70.58177903725188, -33.391120347168886, 584.124598178774], [-70.58227071886058, -33.391120347168886, 584.124598178774], [-70.58227071886058, -33.391612028777594, 584.124598178774]]]}, "properties": {"building": "yes", "height": 19.17271509547551, "elevation": 584.124598178774, "category": "mid-rise", "building_type": "residential"}}, {"type": "Feature", "geometry": {"type": "Polygon", "coordinates": [[[-70.54883239453154, -33.41505284072844, 574.3644057367787], [-70.54828484050775, -33.41505284072844, 574.3644057367787], [-70.54828484050775, -33.414505286704646, 574.3644057367787], [-70.54883239453154, -33.414505286704646, 574.3644057367787], [-70.54883239453154, -33.41505284072844, 574.3644057367787]]]}, "properties": {"building": "yes", "height": 24.49264749834601, "elevation": 574.3644057367787, "category": "mid-rise", "building_type": "commercial"}}, {"type": "Feature", "geometry": {"type": "Polygon", "coordinates": [[[-70.5347464777035, -33.402914918939324, 556.0583863468435], [-70.5337561072875, -33.402914918939324, 556.0583863468435], [-70.5337561072875, -33.40192454852333, 556.0583863468435], [-70.5347464777035, -33.40192454852333, 556.0583863468435], [-70.5347464777035, -33.402914918939324, 556.0583863468435]]]}, "properties": {"building": "yes", "height": 10.493158020770217, "elevation": 556.0583863468435, "category": "mid-rise", "building_type": "residential"}}, {"type": "Feature", "geometry": {"type": "Polygon", "coordinates": [[[-70.55365865142828, -33.3859131938883, 582.0191687095282], [-70.55287268947278, -33.3859131938883, 582.0191687095282], [-70.55287268947278, -33.3851272319328, 582.0191687095282], [-70.55365865142828, -33.3851272319328, 582.0191687095282], [-70.55365865142828, -33.3859131938883, 582.0191687095282]]]}, "properties": {"building": "yes", "height": 24.836929027594792, "elevation": 582.0191687095282, "category": "mid-rise", "building_type": "residential"}}, {"type": "Feature", "geometry": {"type": "Polygon", "coordinates": [[[-70.56754867408341, -33.37957487685555, 563.9080786492387], [-70.56711008172803, -33.37957487685555, 563.9080786492387], [-70.56711008172803, -33.37913628450017, 563.9080786492387], [-70.56754867408341, -33.37913628450017, 563.9080786492387], [-70.56754867408341, -33.37957487685555, 563.9080786492387]]]}, "properties": {"building": "yes", "height": 10.173721503236141, "elevation": 563.9080786492387, "category": "mid-rise", "building_type": "commercial"}}, {"type": "Feature", "geometry": {"type": "Polygon", "coordinates": [[[-70.58328679424586, -33.4008331653991, 525.6167989072294], [-70.58236619636243, -33.4008331653991, 525.6167989072294], [-70.58236619636243, -33.39991256751568, 525.6167989072294], [-70.58328679424586, -33.39991256751568, 525.6167989072294], [-70.58328679424586, -33.4008331653991, 525.6167989072294]]]}, "properties": {"building": "yes", "height": 10.090215608567897, "elevation": 525.6167989072294, "category": "mid-rise", "building_type": "commercial"}}, {"type": "Feature", "geometry": {"type": "Polygon", "coordinates": [[[-70.58019844226924, -33.39859672019845, 590.0729559983132], [-70.57957566948032, -33.39859672019845, 590.0729559983132], [-70.57957566948032, -33.39797394740953, 590.0729559983132], [-70.58019844226924, -33.39797394740953, 590.0729559983132], [-70.58019844226924, -33.39859672019845, 590.0729559983132]]]}, "properties": {"building": "yes", "height": 19.71615297341197, "elevation": 590.0729559983132, "category": "mid-rise", "building_type": "residential"}}, {"type": "Feature", "geometry": {"type": "Polygon", "coordinates": [[[-70.52578507542897, -33.37674519110081, 570.2061507687206], [-70.52512434131425, -33.37674519110081, 570.2061507687206], [-70.52512434131425, -33.37608445698609, 570.2061507687206], [-70.52578507542897, -33.37608445698609, 570.2061507687206], [-70.52578507542897, -33.37674519110081, 570.2061507687206]]]}, "properties": {"building": "yes", "height": 14.187759531593517, "elevation": 570.2061507687206, "category": "mid-rise", "building_type": "residential"}}, {"type": "Feature", "geometry": {"type": "Polygon", "coordinates": [[[-70.58270777456958, -33.38963109411496, 563.2273194551949], [-70.58226923644777, -33.38963109411496, 563.2273194551949], [-70.58226923644777, -33.38919255599315, 563.2273194551949], [-70.58270777456958, -33.38919255599315, 563.2273194551949], [-70.58270777456958, -33.38963109411496, 563.2273194551949]]]}, "properties": {"building": "yes", "height": 14.725610994091607, "elevation": 563.2273194551949, "category": "mid-rise", "building_type": "residential"}}, {"type": "Feature", "geometry": {"type": "Polygon", "coordinates": [[[-70.55719797715209, -33.41014652196407, 587.9551780664702], [-70.55670839589159, -33.41014652196407, 587.9551780664702], [-70.55670839589159, -33.40965694070356, 587.9551780664702], [-70.55719797715209, -33.40965694070356, 587.9551780664702], [-70.55719797715209, -33.41014652196407, 587.9551780664702]]]}, "properties": {"building": "yes", "height": 24.239248796388054, "elevation": 587.9551780664702, "category": "mid-rise", "building_type": "residential"}}, {"type": "Feature", "geometry": {"type": "Polygon", "coordinates": [[[-70.54821871233341, -33.39063318227659, 579.3668565281525], [-70.54776267943751, -33.39063318227659, 579.3668565281525], [-70.54776267943751, -33.390177149380676, 579.3668565281525], [-70.54821871233341, -33.390177149380676, 579.3668565281525], [-70.54821871233341, -33.39063318227659, 579.3668565281525]]]}, "properties": {"building": "yes", "height": 18.17853280200019, "elevation": 579.3668565281525, "category": "mid-rise", "building_type": "commercial"}}, {"type": "Feature", "geometry": {"type": "Polygon", "coordinates": [[[-70.58518500854399, -33.4050107978801, 525.5668158393173], [-70.5842136350002, -33.4050107978801, 525.5668158393173], [-70.5842136350002, -33.40403942433631, 525.5668158393173], [-70.58518500854399, -33.40403942433631, 525.5668158393173], [-70.58518500854399, -33.4050107978801, 525.5668158393173]]]}, "properties": {"building": "yes", "height": 17.84987395106924, "elevation": 525.5668158393173, "category": "mid-rise", "building_type": "commercial"}}, {"type": "Feature", "geometry": {"type": "Polygon", "coordinates": [[[-70.51947880886468, -33.406839563629234, 547.988206387857], [-70.51906411478427, -33.406839563629234, 547.988206387857], [-70.51906411478427, -33.40642486954883, 547.988206387857], [-70.51947880886468, -33.40642486954883, 547.988206387857], [-70.51947880886468, -33.406839563629234, 547.988206387857]]]}, "properties": {"building": "yes", "height": 10.235952078297844, "elevation": 547.988206387857, "category": "mid-rise", "building_type": "residential"}}, {"type": "Feature", "geometry": {"type": "Polygon", "coordinates": [[[-70.57136451717943, -33.38982317891739, 546.3741339546037], [-70.57068203333128, -33.38982317891739, 546.3741339546037], [-70.57068203333128, -33.38914069506924, 546.3741339546037], [-70.57136451717943, -33.38914069506924, 546.3741339546037], [-70.57136451717943, -33.38982317891739, 546.3741339546037]]]}, "properties": {"building": "yes", "height": 10.040116051711824, "elevation": 546.3741339546037, "category": "mid-rise", "building_type": "residential"}}, {"type": "Feature", "geometry": {"type": "Polygon", "coordinates": [[[-70.56303125267385, -33.39108609737736, 550.159503078738], [-70.56208698639014, -33.39108609737736, 550.159503078738], [-70.56208698639014, -33.390141831093636, 550.159503078738], [-70.56303125267385, -33.390141831093636, 550.159503078738], [-70.56303125267385, -33.39108609737736, 550.159503078738]]]}, "properties": {"building": "yes", "height": 12.500654698364993, "elevation": 550.159503078738, "category": "mid-rise", "building_type": "commercial"}}, {"type": "Feature", "geometry": {"type": "Polygon", "coordinates": [[[-70.54265547269848, -33.395597955712695, 579.8011090316509], [-70.54200397126631, -33.395597955712695, 579.8011090316509], [-70.54200397126631, -33.394946454280536, 579.8011090316509], [-70.54265547269848, -33.394946454280536, 579.8011090316509], [-70.54265547269848, -33.395597955712695, 579.8011090316509]]]}, "properties": {"building": "yes", "height": 18.75063198935002, "elevation": 579.8011090316509, "category": "mid-rise", "building_type": "residential"}}, {"type": "Feature", "geometry": {"type": "Polygon", "coordinates": [[[-70.5198225519345, -33.41463097381289, 526.8598352746911], [-70.51884352992663, -33.41463097381289, 526.8598352746911], [-70.51884352992663, -33.413651951805036, 526.8598352746911], [-70.5198225519345, -33.413651951805036, 526.8598352746911], [-70.5198225519345, -33.41463097381289, 526.8598352746911]]]}, "properties": {"building": "yes", "height": 18.10325114030923, "elevation": 526.8598352746911, "category": "mid-rise", "building_type": "residential"}}, {"type": "Feature", "geometry": {"type": "Polygon", "coordinates": [[[-70.56897256917382, -33.38976285449846, 586.7795946232177], [-70.56840650585237, -33.38976285449846, 586.7795946232177], [-70.56840650585237, -33.389196791177, 586.7795946232177], [-70.56897256917382, -33.389196791177, 586.7795946232177], [-70.56897256917382, -33.38976285449846, 586.7795946232177]]]}, "properties": {"building": "yes", "height": 22.528187317394753, "elevation": 586.7795946232177, "category": "mid-rise", "building_type": "commercial"}}, {"type": "Feature", "geometry": {"type": "Polygon", "coordinates": [[[-70.55445491943756, -33.39977547791828, 586.5971632151928], [-70.55369841537554, -33.39977547791828, 586.5971632151928], [-70.55369841537554, -33.39901897385627, 586.5971632151928], [-70.55445491943756, -33.39901897385627, 586.5971632151928], [-70.55445491943756, -33.39977547791828, 586.5971632151928]]]}, "properties": {"building": "yes", "height": 20.164949753919533, "elevation": 586.5971632151928, "category": "mid-rise", "building_type": "residential"}}, {"type": "Feature", "geometry": {"type": "Polygon", "coordinates": [[[-70.5444445708824, -33.41200856521605, 567.2184029469236], [-70.54364416690689, -33.41200856521605, 567.2184029469236], [-70.54364416690689, -33.41120816124053, 567.2184029469236], [-70.5444445708824, -33.41120816124053, 567.2184029469236], [-70.5444445708824, -33.41200856521605, 567.2184029469236]]]}, "properties": {"building": "yes", "height": 20.860041954261014, "elevation": 567.2184029469236, "category": "mid-rise", "building_type": "commercial"}}, {"type": "Feature", "geometry": {"type": "Polygon", "coordinates": [[[-70.530874454117, -33.394164266170385, 556.0497405724213], [-70.52999058529224, -33.394164266170385, 556.0497405724213], [-70.52999058529224, -33.39328039734563, 556.0497405724213], [-70.530874454117, -33.39328039734563, 556.0497405724213], [-70.530874454117, -33.394164266170385, 556.0497405724213]]]}, "properties": {"building": "yes", "height": 11.849270062233288, "elevation": 556.0497405724213, "category": "mid-rise", "building_type": "residential"}}, {"type": "Feature", "geometry": {"type": "Polygon", "coordinates": [[[-70.52982789368953, -33.382894539233746, 559.336451016692], [-70.52901616985115, -33.382894539233746, 559.336451016692], [-70.52901616985115, -33.382082815395364, 559.336451016692], [-70.52982789368953, -33.382082815395364, 559.336451016692], [-70.52982789368953, -33.382894539233746, 559.336451016692]]]}, "properties": {"building": "yes", "height": 21.726734925961217, "elevation": 559.336451016692, "category": "mid-rise", "building_type": "residential"}}, {"type": "Feature", "geometry": {"type": "Polygon", "coordinates": [[[-70.56719263091588, -33.388592440285265, 557.2012979523183], [-70.56644421957884, -33.388592440285265, 557.2012979523183], [-70.56644421957884, -33.38784402894822, 557.2012979523183], [-70.56719263091588, -33.38784402894822, 557.2012979523183], [-70.56719263091588, -33.388592440285265, 557.2012979523183]]]}, "properties": {"building": "yes", "height": 12.265693862254999, "elevation": 557.2012979523183, "category": "mid-rise", "building_type": "commercial"}}, {"type": "Feature", "geometry": {"type": "Polygon", "coordinates": [[[-70.5222701213339, -33.406620918939986, 570.2711868187014], [-70.52127275764072, -33.406620918939986, 570.2711868187014], [-70.52127275764072, -33.405623555246784, 570.2711868187014], [-70.5222701213339, -33.405623555246784, 570.2711868187014], [-70.5222701213339, -33.406620918939986, 570.2711868187014]]]}, "properties": {"building": "yes", "height": 18.260188597897333, "elevation": 570.2711868187014, "category": "mid-rise", "building_type": "commercial"}}, {"type": "Feature", "geometry": {"type": "Polygon", "coordinates": [[[-70.5347585646397, -33.39851915174651, 610.364470883778], [-70.53418719467973, -33.39851915174651, 610.364470883778], [-70.53418719467973, -33.39794778178654, 610.364470883778], [-70.5347585646397, -33.39794778178654, 610.364470883778], [-70.5347585646397, -33.39851915174651, 610.364470883778]]]}, "properties": {"building": "yes", "height": 10.994685328055583, "elevation": 610.364470883778, "category": "mid-rise", "building_type": "residential"}}, {"type": "Feature", "geometry": {"type": "Polygon", "coordinates": [[[-70.55114842306473, -33.38720294352817, 552.0400044774328], [-70.55038801147835, -33.38720294352817, 552.0400044774328], [-70.55038801147835, -33.386442531941775, 552.0400044774328], [-70.55114842306473, -33.386442531941775, 552.0400044774328], [-70.55114842306473, -33.38720294352817, 552.0400044774328]]]}, "properties": {"building": "yes", "height": 11.294469326419646, "elevation": 552.0400044774328, "category": "mid-rise", "building_type": "commercial"}}, {"type": "Feature", "geometry": {"type": "Polygon", "coordinates": [[[-70.55140050310804, -33.379767185689104, 566.1844532299856], [-70.55070959324497, -33.379767185689104, 566.1844532299856], [-70.55070959324497, -33.37907627582604, 566.1844532299856], [-70.55140050310804, -33.37907627582604, 566.1844532299856], [-70.55140050310804, -33.379767185689104, 566.1844532299856]]]}, "properties": {"building": "yes", "height": 24.858004861956665, "elevation": 566.1844532299856, "category": "mid-rise", "building_type": "residential"}}, {"type": "Feature", "geometry": {"type": "Polygon", "coordinates": [[[-70.55525230048956, -33.400406706735616, 570.5731899422283], [-70.55440355148257, -33.400406706735616, 570.5731899422283], [-70.55440355148257, -33.399557957728625, 570.5731899422283], [-70.55525230048956, -33.399557957728625, 570.5731899422283], [-70.55525230048956, -33.400406706735616, 570.5731899422283]]]}, "properties": {"building": "yes", "height": 16.448077605164496, "elevation": 570.5731899422283, "category": "mid-rise", "building_type": "residential"}}, {"type": "Feature", "geometry": {"type": "Polygon", "coordinates": [[[-70.54074361737882, -33.383496630888295, 530.2487987733906], [-70.53979327850426, -33.383496630888295, 530.2487987733906], [-70.53979327850426, -33.38254629201372, 530.2487987733906], [-70.54074361737882, -33.38254629201372, 530.2487987733906], [-70.54074361737882, -33.383496630888295, 530.2487987733906]]]}, "properties": {"building": "yes", "height": 19.32030090916781, "elevation": 530.2487987733906, "category": "mid-rise", "building_type": "residential"}}, {"type": "Feature", "geometry": {"type": "Polygon", "coordinates": [[[-70.53575624214042, -33.3974730472016, 516.0958207875601], [-70.53507605660721, -33.3974730472016, 516.0958207875601], [-70.53507605660721, -33.39679286166839, 516.0958207875601], [-70.53575624214042, -33.39679286166839, 516.0958207875601], [-70.53575624214042, -33.3974730472016, 516.0958207875601]]]}, "properties": {"building": "yes", "height": 18.835186692100738, "elevation": 516.0958207875601, "category": "mid-rise", "building_type": "commercial"}}, {"type": "Feature", "geometry": {"type": "Polygon", "coordinates": [[[-70.52649753853724, -33.39983873988459, 578.3673656552189], [-70.5257897321011, -33.39983873988459, 578.3673656552189], [-70.5257897321011, -33.399130933448454, 578.3673656552189], [-70.52649753853724, -33.399130933448454, 578.3673656552189], [-70.52649753853724, -33.39983873988459, 578.3673656552189]]]}, "properties": {"building": "yes", "height": 20.059873982634716, "elevation": 578.3673656552189, "category": "mid-rise", "building_type": "residential"}}, {"type": "Feature", "geometry": {"type": "Polygon", "coordinates": [[[-70.56540913007954, -33.40877362792127, 556.8130187817379], [-70.56487983458457, -33.40877362792127, 556.8130187817379], [-70.56487983458457, -33.408244332426314, 556.8130187817379], [-70.56540913007954, -33.408244332426314, 556.8130187817379], [-70.56540913007954, -33.40877362792127, 556.8130187817379]]]}, "properties": {"building": "yes", "height": 19.122298906821783, "elevation": 556.8130187817379, "category": "mid-rise", "building_type": "residential"}}, {"type": "Feature", "geometry": {"type": "Polygon", "coordinates": [[[-70.58198636893434, -33.396039878608526, 552.7760022347985], [-70.58109419426216, -33.396039878608526, 552.7760022347985], [-70.58109419426216, -33.39514770393637, 552.7760022347985], [-70.58198636893434, -33.39514770393637, 552.7760022347985], [-70.58198636893434, -33.396039878608526, 552.7760022347985]]]}, "properties": {"building": "yes", "height": 13.687444257163444, "elevation": 552.7760022347985, "category": "mid-rise", "building_type": "residential"}}, {"type": "Feature", "geometry": {"type": "Polygon", "coordinates": [[[-70.54886942082739, -33.38093826201213, 585.1521348998372], [-70.54821612209462, -33.38093826201213, 585.1521348998372], [-70.54821612209462, -33.38028496327937, 585.1521348998372], [-70.54886942082739, -33.38028496327937, 585.1521348998372], [-70.54886942082739, -33.38093826201213, 585.1521348998372]]]}, "properties": {"building": "yes", "height": 10.05132521143761, "elevation": 585.1521348998372, "category": "mid-rise", "building_type": "residential"}}, {"type": "Feature", "geometry": {"type": "Polygon", "coordinates": [[[-70.55669851587942, -33.393451298138054, 617.7298318037158], [-70.55608856702457, -33.393451298138054, 617.7298318037158], [-70.55608856702457, -33.39284134928322, 617.7298318037158], [-70.55669851587942, -33.39284134928322, 617.7298318037158], [-70.55669851587942, -33.393451298138054, 617.7298318037158]]]}, "properties": {"building": "yes", "height": 11.190460467780873, "elevation": 617.7298318037158, "category": "mid-rise", "building_type": "residential"}}, {"type": "Feature", "geometry": {"type": "Polygon", "coordinates": [[[-70.53708348522947, -33.391327235167964, 573.1090039627488], [-70.536125233079, -33.391327235167964, 573.1090039627488], [-70.536125233079, -33.39036898301751, 573.1090039627488], [-70.53708348522947, -33.39036898301751, 573.1090039627488], [-70.53708348522947, -33.391327235167964, 573.1090039627488]]]}, "properties": {"building": "yes", "height": 23.907213294786366, "elevation": 573.1090039627488, "category": "mid-rise", "building_type": "commercial"}}, {"type": "Feature", "geometry": {"type": "Polygon", "coordinates": [[[-70.54432211778142, -33.400291888068956, 580.3712826375888], [-70.54348087794689, -33.400291888068956, 580.3712826375888], [-70.54348087794689, -33.39945064823443, 580.3712826375888], [-70.54432211778142, -33.39945064823443, 580.3712826375888], [-70.54432211778142, -33.400291888068956, 580.3712826375888]]]}, "properties": {"building": "yes", "height": 15.872306224714023, "elevation": 580.3712826375888, "category": "mid-rise", "building_type": "residential"}}, {"type": "Feature", "geometry": {"type": "Polygon", "coordinates": [[[-70.55852776311741, -33.38823199184601, 603.015224410703], [-70.55786786048102, -33.38823199184601, 603.015224410703], [-70.55786786048102, -33.38757208920961, 603.015224410703], [-70.55852776311741, -33.38757208920961, 603.015224410703], [-70.55852776311741, -33.38823199184601, 603.015224410703]]]}, "properties": {"building": "yes", "height": 19.43977673584848, "elevation": 603.015224410703, "category": "mid-rise", "building_type": "residential"}}, {"type": "Feature", "geometry": {"type": "Polygon", "coordinates": [[[-70.54732315177988, -33.37443268641107, 582.2419303770466], [-70.54679866450375, -33.37443268641107, 582.2419303770466], [-70.54679866450375, -33.373908199134945, 582.2419303770466], [-70.54732315177988, -33.373908199134945, 582.2419303770466], [-70.54732315177988, -33.37443268641107, 582.2419303770466]]]}, "properties": {"building": "yes", "height": 12.710001919027984, "elevation": 582.2419303770466, "category": "mid-rise", "building_type": "residential"}}, {"type": "Feature", "geometry": {"type": "Polygon", "coordinates": [[[-70.56968113306039, -33.3841322546419, 551.6081765448223], [-70.56911444503041, -33.3841322546419, 551.6081765448223], [-70.56911444503041, -33.383565566611935, 551.6081765448223], [-70.56968113306039, -33.383565566611935, 551.6081765448223], [-70.56968113306039, -33.3841322546419, 551.6081765448223]]]}, "properties": {"building": "yes", "height": 15.614197868272647, "elevation": 551.6081765448223, "category": "mid-rise", "building_type": "residential"}}, {"type": "Feature", "geometry": {"type": "Polygon", "coordinates": [[[-70.53601499304334, -33.39420858799213, 611.8672744080458], [-70.53525095407211, -33.39420858799213, 611.8672744080458], [-70.53525095407211, -33.393444549020906, 611.8672744080458], [-70.53601499304334, -33.393444549020906, 611.8672744080458], [-70.53601499304334, -33.39420858799213, 611.8672744080458]]]}, "properties": {"building": "yes", "height": 14.250264775509995, "elevation": 611.8672744080458, "category": "mid-rise", "building_type": "residential"}}, {"type": "Feature", "geometry": {"type": "Polygon", "coordinates": [[[-70.52395379238493, -33.38655929562046, 578.457554834346], [-70.52329431172939, -33.38655929562046, 578.457554834346], [-70.52329431172939, -33.38589981496493, 578.457554834346], [-70.52395379238493, -33.38589981496493, 578.457554834346], [-70.52395379238493, -33.38655929562046, 578.457554834346]]]}, "properties": {"building": "yes", "height": 23.701599840761247, "elevation": 578.457554834346, "category": "mid-rise", "building_type": "commercial"}}, {"type": "Feature", "geometry": {"type": "Polygon", "coordinates": [[[-70.54299944406729, -33.38271983314296, 586.0875002107775], [-70.54221550527772, -33.38271983314296, 586.0875002107775], [-70.54221550527772, -33.38193589435339, 586.0875002107775], [-70.54299944406729, -33.38193589435339, 586.0875002107775], [-70.54299944406729, -33.38271983314296, 586.0875002107775]]]}, "properties": {"building": "yes", "height": 14.335120709390647, "elevation": 586.0875002107775, "category": "mid-rise", "building_type": "commercial"}}, {"type": "Feature", "geometry": {"type": "Polygon", "coordinates": [[[-70.52971267732504, -33.382298069468646, 539.1017653914283], [-70.52919183954855, -33.382298069468646, 539.1017653914283], [-70.52919183954855, -33.381777231692155, 539.1017653914283], [-70.52971267732504, -33.381777231692155, 539.1017653914283], [-70.52971267732504, -33.382298069468646, 539.1017653914283]]]}, "properties": {"building": "yes", "height": 17.058948668360152, "elevation": 539.1017653914283, "category": "mid-rise", "building_type": "residential"}}, {"type": "Feature", "geometry": {"type": "Polygon", "coordinates": [[[-70.52341560686068, -33.3761541481001, 595.8816238804066], [-70.5227505008402, -33.3761541481001, 595.8816238804066], [-70.5227505008402, -33.375489042079636, 595.8816238804066], [-70.52341560686068, -33.375489042079636, 595.8816238804066], [-70.52341560686068, -33.3761541481001, 595.8816238804066]]]}, "properties": {"building": "yes", "height": 13.376869701118723, "elevation": 595.8816238804066, "category": "mid-rise", "building_type": "residential"}}, {"type": "Feature", "geometry": {"type": "Polygon", "coordinates": [[[-70.54784492724518, -33.39536711266848, 570.008591260525], [-70.54726455573366, -33.39536711266848, 570.008591260525], [-70.54726455573366, -33.39478674115696, 570.008591260525], [-70.54784492724518, -33.39478674115696, 570.008591260525], [-70.54784492724518, -33.39536711266848, 570.008591260525]]]}, "properties": {"building": "yes", "height": 22.821638251754987, "elevation": 570.008591260525, "category": "mid-rise", "building_type": "residential"}}, {"type": "Feature", "geometry": {"type": "Polygon", "coordinates": [[[-70.54711928029002, -33.40878081577702, 572.6142180631571], [-70.54646463422137, -33.40878081577702, 572.6142180631571], [-70.54646463422137, -33.40812616970835, 572.6142180631571], [-70.54711928029002, -33.40812616970835, 572.6142180631571], [-70.54711928029002, -33.40878081577702, 572.6142180631571]]]}, "properties": {"building": "yes", "height": 13.919493439853975, "elevation": 572.6142180631571, "category": "mid-rise", "building_type": "commercial"}}, {"type": "Feature", "geometry": {"type": "Polygon", "coordinates": [[[-70.58411164430619, -33.39514890043014, 575.1348589124345], [-70.58312914808859, -33.39514890043014, 575.1348589124345], [-70.58312914808859, -33.394166404212534, 575.1348589124345], [-70.58411164430619, -33.394166404212534, 575.1348589124345], [-70.58411164430619, -33.39514890043014, 575.1348589124345]]]}, "properties": {"building": "yes", "height": 19.58086484740039, "elevation": 575.1348589124345, "category": "mid-rise", "building_type": "commercial"}}, {"type": "Feature", "geometry": {"type": "Polygon", "coordinates": [[[-70.52650719957575, -33.37598073568928, 565.819908542931], [-70.52599888661828, -33.37598073568928, 565.819908542931], [-70.52599888661828, -33.37547242273182, 565.819908542931], [-70.52650719957575, -33.37547242273182, 565.819908542931], [-70.52650719957575, -33.37598073568928, 565.819908542931]]]}, "properties": {"building": "yes", "height": 21.11047109212865, "elevation": 565.819908542931, "category": "mid-rise", "building_type": "commercial"}}, {"type": "Feature", "geometry": {"type": "Polygon", "coordinates": [[[-70.54339767643606, -33.39794036757996, 539.2098281424675], [-70.54279594610159, -33.39794036757996, 539.2098281424675], [-70.54279594610159, -33.39733863724551, 539.2098281424675], [-70.54339767643606, -33.39733863724551, 539.2098281424675], [-70.54339767643606, -33.39794036757996, 539.2098281424675]]]}, "properties": {"building": "yes", "height": 24.89710117537495, "elevation": 539.2098281424675, "category": "mid-rise", "building_type": "residential"}}, {"type": "Feature", "geometry": {"type": "Polygon", "coordinates": [[[-70.51833171213734, -33.375617950895766, 551.1412610225284], [-70.51791489483979, -33.375617950895766, 551.1412610225284], [-70.51791489483979, -33.37520113359823, 551.1412610225284], [-70.51833171213734, -33.37520113359823, 551.1412610225284], [-70.51833171213734, -33.375617950895766, 551.1412610225284]]]}, "properties": {"building": "yes", "height": 13.417000675171504, "elevation": 551.1412610225284, "category": "mid-rise", "building_type": "commercial"}}, {"type": "Feature", "geometry": {"type": "Polygon", "coordinates": [[[-70.58529686810749, -33.376212693875424, 583.8841574841109], [-70.58434260836009, -33.376212693875424, 583.8841574841109], [-70.58434260836009, -33.37525843412802, 583.8841574841109], [-70.58529686810749, -33.37525843412802, 583.8841574841109], [-70.58529686810749, -33.376212693875424, 583.8841574841109]]]}, "properties": {"building": "yes", "height": 12.649060166492937, "elevation": 583.8841574841109, "category": "mid-rise", "building_type": "residential"}}, {"type": "Feature", "geometry": {"type": "Polygon", "coordinates": [[[-70.54030639432034, -33.404915944740445, 599.0568739032149], [-70.53969732558465, -33.404915944740445, 599.0568739032149], [-70.53969732558465, -33.40430687600476, 599.0568739032149], [-70.54030639432034, -33.40430687600476, 599.0568739032149], [-70.54030639432034, -33.404915944740445, 599.0568739032149]]]}, "properties": {"building": "yes", "height": 22.205125192926104, "elevation": 599.0568739032149, "category": "mid-rise", "building_type": "residential"}}, {"type": "Feature", "geometry": {"type": "Polygon", "coordinates": [[[-70.55368394615785, -33.3768337186725, 580.0921009645521], [-70.55335925258531, -33.3768337186725, 580.0921009645521], [-70.55335925258531, -33.37650902509995, 580.0921009645521], [-70.55368394615785, -33.37650902509995, 580.0921009645521], [-70.55368394615785, -33.3768337186725, 580.0921009645521]]]}, "properties": {"building": "yes", "height": 7.103672335635834, "elevation": 580.0921009645521, "category": "low-rise", "building_type": "residential"}}, {"type": "Feature", "geometry": {"type": "Polygon", "coordinates": [[[-70.52314088581605, -33.38570317118656, 554.3232328820569], [-70.52280106827521, -33.38570317118656, 554.3232328820569], [-70.52280106827521, -33.385363353645744, 554.3232328820569], [-70.52314088581605, -33.385363353645744, 554.3232328820569], [-70.52314088581605, -33.38570317118656, 554.3232328820569]]]}, "properties": {"building": "yes", "height": 5.989183376507247, "elevation": 554.3232328820569, "category": "low-rise", "building_type": "residential"}}, {"type": "Feature", "geometry": {"type": "Polygon", "coordinates": [[[-70.53456169534819, -33.414574076640854, 538.4222647018803], [-70.53433945302503, -33.414574076640854, 538.4222647018803], [-70.53433945302503, -33.41435183431768, 538.4222647018803], [-70.53456169534819, -33.41435183431768, 538.4222647018803], [-70.53456169534819, -33.414574076640854, 538.4222647018803]]]}, "properties": {"building": "yes", "height": 8.267354182464219, "elevation": 538.4222647018803, "category": "low-rise", "building_type": "residential"}}, {"type": "Feature", "geometry": {"type": "Polygon", "coordinates": [[[-70.53279630796492, -33.40566425268638, 548.774515079126], [-70.53245821293574, -33.40566425268638, 548.774515079126], [-70.53245821293574, -33.4053261576572, 548.774515079126], [-70.53279630796492, -33.4053261576572, 548.774515079126], [-70.53279630796492, -33.40566425268638, 548.774515079126]]]}, "properties": {"building": "yes", "height": 5.041404077424324, "elevation": 548.774515079126, "category": "low-rise", "building_type": "residential"}}, {"type": "Feature", "geometry": {"type": "Polygon", "coordinates": [[[-70.5816328435047, -33.38120776735374, 575.9020162629878], [-70.5814512933876, -33.38120776735374, 575.9020162629878], [-70.5814512933876, -33.381026217236624, 575.9020162629878], [-70.5816328435047, -33.381026217236624, 575.9020162629878], [-70.5816328435047, -33.38120776735374, 575.9020162629878]]]}, "properties": {"building": "yes", "height": 6.807870339224499, "elevation": 575.9020162629878, "category": "low-rise", "building_type": "residential"}}, {"type": "Feature", "geometry": {"type": "Polygon", "coordinates": [[[-70.5349663311667, -33.39290767713075, 582.3879510984888], [-70.53458394019835, -33.39290767713075, 582.3879510984888], [-70.53458394019835, -33.39252528616238, 582.3879510984888], [-70.5349663311667, -33.39252528616238, 582.3879510984888], [-70.5349663311667, -33.39290767713075, 582.3879510984888]]]}, "properties": {"building": "yes", "height": 8.783304780523236, "elevation": 582.3879510984888, "category": "low-rise", "building_type": "residential"}}, {"type": "Feature", "geometry": {"type": "Polygon", "coordinates": [[[-70.57993978766237, -33.411475257498, 593.1686197003736], [-70.57972510776162, -33.411475257498, 593.1686197003736], [-70.57972510776162, -33.41126057759725, 593.1686197003736], [-70.57993978766237, -33.41126057759725, 593.1686197003736], [-70.57993978766237, -33.411475257498, 593.1686197003736]]]}, "properties": {"building": "yes", "height": 6.054777669174182, "elevation": 593.1686197003736, "category": "low-rise", "building_type": "residential"}}, {"type": "Feature", "geometry": {"type": "Polygon", "coordinates": [[[-70.57407660912547, -33.40683179201993, 583.547489619244], [-70.5737446687801, -33.40683179201993, 583.547489619244], [-70.5737446687801, -33.40649985167454, 583.547489619244], [-70.57407660912547, -33.40649985167454, 583.547489619244], [-70.57407660912547, -33.40683179201993, 583.547489619244]]]}, "properties": {"building": "yes", "height": 11.02054131714149, "elevation": 583.547489619244, "category": "low-rise", "building_type": "residential"}}, {"type": "Feature", "geometry": {"type": "Polygon", "coordinates": [[[-70.53452135154981, -33.41455605061568, 543.8977183927893], [-70.53433895044748, -33.41455605061568, 543.8977183927893], [-70.53433895044748, -33.414373649513344, 543.8977183927893], [-70.53452135154981, -33.414373649513344, 543.8977183927893], [-70.53452135154981, -33.41455605061568, 543.8977183927893]]]}, "properties": {"building": "yes", "height": 5.8922244361012, "elevation": 543.8977183927893, "category": "low-rise", "building_type": "residential"}}, {"type": "Feature", "geometry": {"type": "Polygon", "coordinates": [[[-70.56593455984641, -33.404947632756596, 564.836246818726], [-70.56562037756454, -33.404947632756596, 564.836246818726], [-70.56562037756454, -33.40463345047471, 564.836246818726], [-70.56593455984641, -33.40463345047471, 564.836246818726], [-70.56593455984641, -33.404947632756596, 564.836246818726]]]}, "properties": {"building": "yes", "height": 11.73293996952622, "elevation": 564.836246818726, "category": "low-rise", "building_type": "residential"}}, {"type": "Feature", "geometry": {"type": "Polygon", "coordinates": [[[-70.54106369160931, -33.39668955460362, 551.2634076584027], [-70.54075263832019, -33.39668955460362, 551.2634076584027], [-70.54075263832019, -33.396378501314494, 551.2634076584027], [-70.54106369160931, -33.396378501314494, 551.2634076584027], [-70.54106369160931, -33.39668955460362, 551.2634076584027]]]}, "properties": {"building": "yes", "height": 9.138574651629675, "elevation": 551.2634076584027, "category": "low-rise", "building_type": "residential"}}, {"type": "Feature", "geometry": {"type": "Polygon", "coordinates": [[[-70.53825920250644, -33.40480525563751, 604.5248081322852], [-70.53803810195707, -33.40480525563751, 604.5248081322852], [-70.53803810195707, -33.40458415508813, 604.5248081322852], [-70.53825920250644, -33.40458415508813, 604.5248081322852], [-70.53825920250644, -33.40480525563751, 604.5248081322852]]]}, "properties": {"building": "yes", "height": 10.283540942692847, "elevation": 604.5248081322852, "category": "low-rise", "building_type": "residential"}}, {"type": "Feature", "geometry": {"type": "Polygon", "coordinates": [[[-70.56593210639065, -33.39605547449224, 555.3882821170888], [-70.56557681134731, -33.39605547449224, 555.3882821170888], [-70.56557681134731, -33.39570017944892, 555.3882821170888], [-70.56593210639065, -33.39570017944892, 555.3882821170888], [-70.56593210639065, -33.39605547449224, 555.3882821170888]]]}, "properties": {"building": "yes", "height": 10.629165741683588, "elevation": 555.3882821170888, "category": "low-rise", "building_type": "residential"}}, {"type": "Feature", "geometry": {"type": "Polygon", "coordinates": [[[-70.57241935501219, -33.392867488527116, 565.2992042210477], [-70.57208409749157, -33.392867488527116, 565.2992042210477], [-70.57208409749157, -33.39253223100651, 565.2992042210477], [-70.57241935501219, -33.39253223100651, 565.2992042210477], [-70.57241935501219, -33.392867488527116, 565.2992042210477]]]}, "properties": {"building": "yes", "height": 6.242368345365829, "elevation": 565.2992042210477, "category": "low-rise", "building_type": "residential"}}, {"type": "Feature", "geometry": {"type": "Polygon", "coordinates": [[[-70.52495730729454, -33.40851447879789, 583.8257871373878], [-70.524689524209, -33.40851447879789, 583.8257871373878], [-70.524689524209, -33.40824669571236, 583.8257871373878], [-70.52495730729454, -33.40824669571236, 583.8257871373878], [-70.52495730729454, -33.40851447879789, 583.8257871373878]]]}, "properties": {"building": "yes", "height": 8.130849992375495, "elevation": 583.8257871373878, "category": "low-rise", "building_type": "residential"}}, {"type": "Feature", "geometry": {"type": "Polygon", "coordinates": [[[-70.5637005654683, -33.384544261855666, 558.6643956388459], [-70.5635255837427, -33.384544261855666, 558.6643956388459], [-70.5635255837427, -33.38436928013009, 558.6643956388459], [-70.5637005654683, -33.38436928013009, 558.6643956388459], [-70.5637005654683, -33.384544261855666, 558.6643956388459]]]}, "properties": {"building": "yes", "height": 10.965105725574904, "elevation": 558.6643956388459, "category": "low-rise", "building_type": "residential"}}, {"type": "Feature", "geometry": {"type": "Polygon", "coordinates": [[[-70.54288740798808, -33.40346555935736, 530.8535096137025], [-70.5426516306105, -33.40346555935736, 530.8535096137025], [-70.5426516306105, -33.40322978197979, 530.8535096137025], [-70.54288740798808, -33.40322978197979, 530.8535096137025], [-70.54288740798808, -33.40346555935736, 530.8535096137025]]]}, "properties": {"building": "yes", "height": 7.522475132073367, "elevation": 530.8535096137025, "category": "low-rise", "building_type": "residential"}}, {"type": "Feature", "geometry": {"type": "Polygon", "coordinates": [[[-70.53342346919118, -33.37590728356268, 605.662006632991], [-70.53324970668567, -33.37590728356268, 605.662006632991], [-70.53324970668567, -33.37573352105717, 605.662006632991], [-70.53342346919118, -33.37573352105717, 605.662006632991], [-70.53342346919118, -33.37590728356268, 605.662006632991]]]}, "properties": {"building": "yes", "height": 9.636827242319185, "elevation": 605.662006632991, "category": "low-rise", "building_type": "residential"}}, {"type": "Feature", "geometry": {"type": "Polygon", "coordinates": [[[-70.53460586870565, -33.38870519898587, 563.0555305959045], [-70.5343577007311, -33.38870519898587, 563.0555305959045], [-70.5343577007311, -33.38845703101132, 563.0555305959045], [-70.53460586870565, -33.38845703101132, 563.0555305959045], [-70.53460586870565, -33.38870519898587, 563.0555305959045]]]}, "properties": {"building": "yes", "height": 8.537098088899873, "elevation": 563.0555305959045, "category": "low-rise", "building_type": "residential"}}, {"type": "Feature", "geometry": {"type": "Polygon", "coordinates": [[[-70.5786861241395, -33.39894511163442, 582.0897514281532], [-70.57849205090582, -33.39894511163442, 582.0897514281532], [-70.57849205090582, -33.398751038400746, 582.0897514281532], [-70.5786861241395, -33.398751038400746, 582.0897514281532], [-70.5786861241395, -33.39894511163442, 582.0897514281532]]]}, "properties": {"building": "yes", "height": 8.525371505274132, "elevation": 582.0897514281532, "category": "low-rise", "building_type": "residential"}}, {"type": "Feature", "geometry": {"type": "Polygon", "coordinates": [[[-70.57294299240394, -33.401913061035025, 605.9228773101314], [-70.57278020523799, -33.401913061035025, 605.9228773101314], [-70.57278020523799, -33.40175027386908, 605.9228773101314], [-70.57294299240394, -33.40175027386908, 605.9228773101314], [-70.57294299240394, -33.401913061035025, 605.9228773101314]]]}, "properties": {"building": "yes", "height": 6.840565746715905, "elevation": 605.9228773101314, "category": "low-rise", "building_type": "residential"}}, {"type": "Feature", "geometry": {"type": "Polygon", "coordinates": [[[-70.5859723938082, -33.37512770626291, 552.6282990179293], [-70.58570312254197, -33.37512770626291, 552.6282990179293], [-70.58570312254197, -33.374858434996675, 552.6282990179293], [-70.5859723938082, -33.374858434996675, 552.6282990179293], [-70.5859723938082, -33.37512770626291, 552.6282990179293]]]}, "properties": {"building": "yes", "height": 13.89547200972715, "elevation": 552.6282990179293, "category": "low-rise", "building_type": "residential"}}, {"type": "Feature", "geometry": {"type": "Polygon", "coordinates": [[[-70.56080504067909, -33.37700100912302, 552.2641124664175], [-70.56047462098626, -33.37700100912302, 552.2641124664175], [-70.56047462098626, -33.37667058943019, 552.2641124664175], [-70.56080504067909, -33.37667058943019, 552.2641124664175], [-70.56080504067909, -33.37700100912302, 552.2641124664175]]]}, "properties": {"building": "yes", "height": 12.448302604123006, "elevation": 552.2641124664175, "category": "low-rise", "building_type": "residential"}}, {"type": "Feature", "geometry": {"type": "Polygon", "coordinates": [[[-70.55448986108767, -33.40239304491147, 586.8823564445089], [-70.55415940017623, -33.40239304491147, 586.8823564445089], [-70.55415940017623, -33.40206258400003, 586.8823564445089], [-70.55448986108767, -33.40206258400003, 586.8823564445089], [-70.55448986108767, -33.40239304491147, 586.8823564445089]]]}, "properties": {"building": "yes", "height": 11.277583606023057, "elevation": 586.8823564445089, "category": "low-rise", "building_type": "residential"}}, {"type": "Feature", "geometry": {"type": "Polygon", "coordinates": [[[-70.52137279270661, -33.396035251592345, 554.2802528474745], [-70.5211210836936, -33.396035251592345, 554.2802528474745], [-70.5211210836936, -33.39578354257933, 554.2802528474745], [-70.52137279270661, -33.39578354257933, 554.2802528474745], [-70.52137279270661, -33.396035251592345, 554.2802528474745]]]}, "properties": {"building": "yes", "height": 9.696961675548632, "elevation": 554.2802528474745, "category": "low-rise", "building_type": "residential"}}, {"type": "Feature", "geometry": {"type": "Polygon", "coordinates": [[[-70.52050247729628, -33.391787389808094, 579.4800171083087], [-70.52015098910033, -33.391787389808094, 579.4800171083087], [-70.52015098910033, -33.39143590161216, 579.4800171083087], [-70.52050247729628, -33.39143590161216, 579.4800171083087], [-70.52050247729628, -33.391787389808094, 579.4800171083087]]]}, "properties": {"building": "yes", "height": 14.3865342325434, "elevation": 579.4800171083087, "category": "low-rise", "building_type": "residential"}}, {"type": "Feature", "geometry": {"type": "Polygon", "coordinates": [[[-70.57702128227892, -33.37898023686831, 604.1027051008131], [-70.57663978096365, -33.37898023686831, 604.1027051008131], [-70.57663978096365, -33.378598735553034, 604.1027051008131], [-70.57702128227892, -33.378598735553034, 604.1027051008131], [-70.57702128227892, -33.37898023686831, 604.1027051008131]]]}, "properties": {"building": "yes", "height": 6.602922445447287, "elevation": 604.1027051008131, "category": "low-rise", "building_type": "residential"}}, {"type": "Feature", "geometry": {"type": "Polygon", "coordinates": [[[-70.53864197810032, -33.377462186801914, 588.2367371181529], [-70.53835882394677, -33.377462186801914, 588.2367371181529], [-70.53835882394677, -33.37717903264835, 588.2367371181529], [-70.53864197810032, -33.37717903264835, 588.2367371181529], [-70.53864197810032, -33.377462186801914, 588.2367371181529]]]}, "properties": {"building": "yes", "height": 5.0385380482003805, "elevation": 588.2367371181529, "category": "low-rise", "building_type": "residential"}}, {"type": "Feature", "geometry": {"type": "Polygon", "coordinates": [[[-70.58431776843864, -33.40857977256438, 574.1262268351907], [-70.58409549994118, -33.40857977256438, 574.1262268351907], [-70.58409549994118, -33.40835750406693, 574.1262268351907], [-70.58431776843864, -33.40835750406693, 574.1262268351907], [-70.58431776843864, -33.40857977256438, 574.1262268351907]]]}, "properties": {"building": "yes", "height": 8.195262092746516, "elevation": 574.1262268351907, "category": "low-rise", "building_type": "residential"}}, {"type": "Feature", "geometry": {"type": "Polygon", "coordinates": [[[-70.53699644508532, -33.39079092565315, 563.311703073779], [-70.53673602359112, -33.39079092565315, 563.311703073779], [-70.53673602359112, -33.390530504158946, 563.311703073779], [-70.53699644508532, -33.390530504158946, 563.311703073779], [-70.53699644508532, -33.39079092565315, 563.311703073779]]]}, "properties": {"building": "yes", "height": 13.606852936359155, "elevation": 563.311703073779, "category": "low-rise", "building_type": "residential"}}, {"type": "Feature", "geometry": {"type": "Polygon", "coordinates": [[[-70.56008528756189, -33.38009914678708, 590.7470297136202], [-70.55975878865499, -33.38009914678708, 590.7470297136202], [-70.55975878865499, -33.379772647880166, 590.7470297136202], [-70.56008528756189, -33.379772647880166, 590.7470297136202], [-70.56008528756189, -33.38009914678708, 590.7470297136202]]]}, "properties": {"building": "yes", "height": 11.591432118102786, "elevation": 590.7470297136202, "category": "low-rise", "building_type": "residential"}}, {"type": "Feature", "geometry": {"type": "Polygon", "coordinates": [[[-70.5567156073158, -33.39420130748803, 559.2070881683314], [-70.5563792900916, -33.39420130748803, 559.2070881683314], [-70.5563792900916, -33.39386499026385, 559.2070881683314], [-70.5567156073158, -33.39386499026385, 559.2070881683314], [-70.5567156073158, -33.39420130748803, 559.2070881683314]]]}, "properties": {"building": "yes", "height": 11.834644782673143, "elevation": 559.2070881683314, "category": "low-rise", "building_type": "residential"}}, {"type": "Feature", "geometry": {"type": "Polygon", "coordinates": [[[-70.55057604658171, -33.38040319438028, 579.6920602513004], [-70.55030734970674, -33.38040319438028, 579.6920602513004], [-70.55030734970674, -33.380134497505296, 579.6920602513004], [-70.55057604658171, -33.380134497505296, 579.6920602513004], [-70.55057604658171, -33.38040319438028, 579.6920602513004]]]}, "properties": {"building": "yes", "height": 10.80650455091778, "elevation": 579.6920602513004, "category": "low-rise", "building_type": "residential"}}, {"type": "Feature", "geometry": {"type": "Polygon", "coordinates": [[[-70.53634238145509, -33.39703259439192, 544.1816809608647], [-70.53601055910238, -33.39703259439192, 544.1816809608647], [-70.53601055910238, -33.3967007720392, 544.1816809608647], [-70.53634238145509, -33.3967007720392, 544.1816809608647], [-70.53634238145509, -33.39703259439192, 544.1816809608647]]]}, "properties": {"building": "yes", "height": 9.313606718231178, "elevation": 544.1816809608647, "category": "low-rise", "building_type": "residential"}}, {"type": "Feature", "geometry": {"type": "Polygon", "coordinates": [[[-70.53908526309083, -33.403276470195856, 562.7484193613462], [-70.538877825998, -33.403276470195856, 562.7484193613462], [-70.538877825998, -33.403069033103016, 562.7484193613462], [-70.53908526309083, -33.403069033103016, 562.7484193613462], [-70.53908526309083, -33.403276470195856, 562.7484193613462]]]}, "properties": {"building": "yes", "height": 9.195738795934716, "elevation": 562.7484193613462, "category": "low-rise", "building_type": "residential"}}, {"type": "Feature", "geometry": {"type": "Polygon", "coordinates": [[[-70.54841426894981, -33.39820264189556, 583.4567864149745], [-70.54804347960874, -33.39820264189556, 583.4567864149745], [-70.54804347960874, -33.39783185255448, 583.4567864149745], [-70.54841426894981, -33.39783185255448, 583.4567864149745], [-70.54841426894981, -33.39820264189556, 583.4567864149745]]]}, "properties": {"building": "yes", "height": 12.740949275901642, "elevation": 583.4567864149745, "category": "low-rise", "building_type": "residential"}}, {"type": "Feature", "geometry": {"type": "Polygon", "coordinates": [[[-70.5454482201002, -33.40626683706692, 579.8476500043784], [-70.5452694665755, -33.40626683706692, 579.8476500043784], [-70.5452694665755, -33.406088083542215, 579.8476500043784], [-70.5454482201002, -33.406088083542215, 579.8476500043784], [-70.5454482201002, -33.40626683706692, 579.8476500043784]]]}, "properties": {"building": "yes", "height": 11.727366262131193, "elevation": 579.8476500043784, "category": "low-rise", "building_type": "residential"}}, {"type": "Feature", "geometry": {"type": "Polygon", "coordinates": [[[-70.58579557674473, -33.3935041157443, 577.1366525045946], [-70.58551488175361, -33.3935041157443, 577.1366525045946], [-70.58551488175361, -33.393223420753195, 577.1366525045946], [-70.58579557674473, -33.393223420753195, 577.1366525045946], [-70.58579557674473, -33.3935041157443, 577.1366525045946]]]}, "properties": {"building": "yes", "height": 5.50695326479417, "elevation": 577.1366525045946, "category": "low-rise", "building_type": "residential"}}, {"type": "Feature", "geometry": {"type": "Polygon", "coordinates": [[[-70.52098460187864, -33.39611632620451, 552.2682455885475], [-70.52077011986103, -33.39611632620451, 552.2682455885475], [-70.52077011986103, -33.3959018441869, 552.2682455885475], [-70.52098460187864, -33.3959018441869, 552.2682455885475], [-70.52098460187864, -33.39611632620451, 552.2682455885475]]]}, "properties": {"building": "yes", "height": 14.44293766890844, "elevation": 552.2682455885475, "category": "low-rise", "building_type": "residential"}}, {"type": "Feature", "geometry": {"type": "Polygon", "coordinates": [[[-70.55063216586834, -33.38853725596573, 553.173618882181], [-70.55036062941815, -33.38853725596573, 553.173618882181], [-70.55036062941815, -33.38826571951556, 553.173618882181], [-70.55063216586834, -33.38826571951556, 553.173618882181], [-70.55063216586834, -33.38853725596573, 553.173618882181]]]}, "properties": {"building": "yes", "height": 5.486889108678743, "elevation": 553.173618882181, "category": "low-rise", "building_type": "residential"}}, {"type": "Feature", "geometry": {"type": "Polygon", "coordinates": [[[-70.55872485562614, -33.41027835981316, 609.2700717855391], [-70.55847088176276, -33.41027835981316, 609.2700717855391], [-70.55847088176276, -33.41002438594977, 609.2700717855391], [-70.55872485562614, -33.41002438594977, 609.2700717855391], [-70.55872485562614, -33.41027835981316, 609.2700717855391]]]}, "properties": {"building": "yes", "height": 9.205896005672422, "elevation": 609.2700717855391, "category": "low-rise", "building_type": "residential"}}, {"type": "Feature", "geometry": {"type": "Polygon", "coordinates": [[[-70.57186788235443, -33.40566729662389, 589.7116738624942], [-70.57165977790986, -33.40566729662389, 589.7116738624942], [-70.57165977790986, -33.40545919217932, 589.7116738624942], [-70.57186788235443, -33.40545919217932, 589.7116738624942], [-70.57186788235443, -33.40566729662389, 589.7116738624942]]]}, "properties": {"building": "yes", "height": 11.44220863563195, "elevation": 589.7116738624942, "category": "low-rise", "building_type": "residential"}}, {"type": "Feature", "geometry": {"type": "Polygon", "coordinates": [[[-70.57817137291119, -33.376688702549664, 559.6734241868271], [-70.57789894879508, -33.376688702549664, 559.6734241868271], [-70.57789894879508, -33.37641627843356, 559.6734241868271], [-70.57817137291119, -33.37641627843356, 559.6734241868271], [-70.57817137291119, -33.376688702549664, 559.6734241868271]]]}, "properties": {"building": "yes", "height": 5.025693063387554, "elevation": 559.6734241868271, "category": "low-rise", "building_type": "residential"}}, {"type": "Feature", "geometry": {"type": "Polygon", "coordinates": [[[-70.541554364347, -33.37652018628197, 617.879076905258], [-70.54117011414176, -33.37652018628197, 617.879076905258], [-70.54117011414176, -33.37613593607674, 617.879076905258], [-70.541554364347, -33.37613593607674, 617.879076905258], [-70.541554364347, -33.37652018628197, 617.879076905258]]]}, "properties": {"building": "yes", "height": 8.256870809275373, "elevation": 617.879076905258, "category": "low-rise", "building_type": "residential"}}, {"type": "Feature", "geometry": {"type": "Polygon", "coordinates": [[[-70.55577872866903, -33.38882636922109, 587.4763547745724], [-70.55552785657102, -33.38882636922109, 587.4763547745724], [-70.55552785657102, -33.38857549712307, 587.4763547745724], [-70.55577872866903, -33.38857549712307, 587.4763547745724], [-70.55577872866903, -33.38882636922109, 587.4763547745724]]]}, "properties": {"building": "yes", "height": 12.60381619724987, "elevation": 587.4763547745724, "category": "low-rise", "building_type": "residential"}}, {"type": "Feature", "geometry": {"type": "Polygon", "coordinates": [[[-70.57751557190132, -33.39247881587769, 574.9512559747714], [-70.57734996823136, -33.39247881587769, 574.9512559747714], [-70.57734996823136, -33.39231321220773, 574.9512559747714], [-70.57751557190132, -33.39231321220773, 574.9512559747714], [-70.57751557190132, -33.39247881587769, 574.9512559747714]]]}, "properties": {"building": "yes", "height": 7.8701330069735675, "elevation": 574.9512559747714, "category": "low-rise", "building_type": "residential"}}, {"type": "Feature", "geometry": {"type": "Polygon", "coordinates": [[[-70.54912609060483, -33.41199285696035, 541.0205812446413], [-70.54886150868631, -33.41199285696035, 541.0205812446413], [-70.54886150868631, -33.41172827504184, 541.0205812446413], [-70.54912609060483, -33.41172827504184, 541.0205812446413], [-70.54912609060483, -33.41199285696035, 541.0205812446413]]]}, "properties": {"building": "yes", "height": 13.093339842734718, "elevation": 541.0205812446413, "category": "low-rise", "building_type": "residential"}}, {"type": "Feature", "geometry": {"type": "Polygon", "coordinates": [[[-70.52145344915644, -33.41372090570168, 581.6024526842111], [-70.52115228244932, -33.41372090570168, 581.6024526842111], [-70.52115228244932, -33.41341973899458, 581.6024526842111], [-70.52145344915644, -33.41341973899458, 581.6024526842111], [-70.52145344915644, -33.41372090570168, 581.6024526842111]]]}, "properties": {"building": "yes", "height": 11.230959713935874, "elevation": 581.6024526842111, "category": "low-rise", "building_type": "residential"}}, {"type": "Feature", "geometry": {"type": "Polygon", "coordinates": [[[-70.52866133492148, -33.405674003998556, 587.8742799282434], [-70.52827256716989, -33.405674003998556, 587.8742799282434], [-70.52827256716989, -33.40528523624698, 587.8742799282434], [-70.52866133492148, -33.40528523624698, 587.8742799282434], [-70.52866133492148, -33.405674003998556, 587.8742799282434]]]}, "properties": {"building": "yes", "height": 8.092434894612666, "elevation": 587.8742799282434, "category": "low-rise", "building_type": "residential"}}, {"type": "Feature", "geometry": {"type": "Polygon", "coordinates": [[[-70.55537188396731, -33.39127658338646, 553.0294077515758], [-70.55502019182511, -33.39127658338646, 553.0294077515758], [-70.55502019182511, -33.390924891244254, 553.0294077515758], [-70.55537188396731, -33.390924891244254, 553.0294077515758], [-70.55537188396731, -33.39127658338646, 553.0294077515758]]]}, "properties": {"building": "yes", "height": 7.5734085670373155, "elevation": 553.0294077515758, "category": "low-rise", "building_type": "residential"}}, {"type": "Feature", "geometry": {"type": "Polygon", "coordinates": [[[-70.54836366110595, -33.40992636345288, 578.9146590688196], [-70.54798490556752, -33.40992636345288, 578.9146590688196], [-70.54798490556752, -33.40954760791446, 578.9146590688196], [-70.54836366110595, -33.40954760791446, 578.9146590688196], [-70.54836366110595, -33.40992636345288, 578.9146590688196]]]}, "properties": {"building": "yes", "height": 14.245158953129076, "elevation": 578.9146590688196, "category": "low-rise", "building_type": "residential"}}, {"type": "Feature", "geometry": {"type": "Polygon", "coordinates": [[[-70.55776195039363, -33.37532861493274, 563.1457510602154], [-70.55737671207311, -33.37532861493274, 563.1457510602154], [-70.55737671207311, -33.37494337661221, 563.1457510602154], [-70.55776195039363, -33.37494337661221, 563.1457510602154], [-70.55776195039363, -33.37532861493274, 563.1457510602154]]]}, "properties": {"building": "yes", "height": 12.883839143607847, "elevation": 563.1457510602154, "category": "low-rise", "building_type": "residential"}}, {"type": "Feature", "geometry": {"type": "Polygon", "coordinates": [[[-70.51951974201619, -33.39144879267203, 581.2078720433394], [-70.51925517158632, -33.39144879267203, 581.2078720433394], [-70.51925517158632, -33.39118422224215, 581.2078720433394], [-70.51951974201619, -33.39118422224215, 581.2078720433394], [-70.51951974201619, -33.39144879267203, 581.2078720433394]]]}, "properties": {"building": "yes", "height": 9.961429164822478, "elevation": 581.2078720433394, "category": "low-rise", "building_type": "residential"}}, {"type": "Feature", "geometry": {"type": "Polygon", "coordinates": [[[-70.54690960607394, -33.39387266852819, 591.51249171235], [-70.54655247310052, -33.39387266852819, 591.51249171235], [-70.54655247310052, -33.39351553555477, 591.51249171235], [-70.54690960607394, -33.39351553555477, 591.51249171235], [-70.54690960607394, -33.39387266852819, 591.51249171235]]]}, "properties": {"building": "yes", "height": 9.421860518180623, "elevation": 591.51249171235, "category": "low-rise", "building_type": "residential"}}, {"type": "Feature", "geometry": {"type": "Polygon", "coordinates": [[[-70.57159367440417, -33.388745174482786, 563.3129055841619], [-70.57133500889395, -33.388745174482786, 563.3129055841619], [-70.57133500889395, -33.388486508972555, 563.3129055841619], [-70.57159367440417, -33.388486508972555, 563.3129055841619], [-70.57159367440417, -33.388745174482786, 563.3129055841619]]]}, "properties": {"building": "yes", "height": 5.1806805658133825, "elevation": 563.3129055841619, "category": "low-rise", "building_type": "residential"}}, {"type": "Feature", "geometry": {"type": "Polygon", "coordinates": [[[-70.56609608017249, -33.37684141425499, 581.5129739559889], [-70.5657772309082, -33.37684141425499, 581.5129739559889], [-70.5657772309082, -33.376522564990715, 581.5129739559889], [-70.56609608017249, -33.376522564990715, 581.5129739559889], [-70.56609608017249, -33.37684141425499, 581.5129739559889]]]}, "properties": {"building": "yes", "height": 5.965918996097557, "elevation": 581.5129739559889, "category": "low-rise", "building_type": "residential"}}, {"type": "Feature", "geometry": {"type": "Polygon", "coordinates": [[[-70.54849512925459, -33.41345446986284, 585.9741520090711], [-70.5482141146082, -33.41345446986284, 585.9741520090711], [-70.5482141146082, -33.41317345521645, 585.9741520090711], [-70.54849512925459, -33.41317345521645, 585.9741520090711], [-70.54849512925459, -33.41345446986284, 585.9741520090711]]]}, "properties": {"building": "yes", "height": 7.6728284246802625, "elevation": 585.9741520090711, "category": "low-rise", "building_type": "residential"}}, {"type": "Feature", "geometry": {"type": "Polygon", "coordinates": [[[-70.55513468818722, -33.384852118145616, 618.3086873804561], [-70.5548278720731, -33.384852118145616, 618.3086873804561], [-70.5548278720731, -33.38454530203148, 618.3086873804561], [-70.55513468818722, -33.38454530203148, 618.3086873804561], [-70.55513468818722, -33.384852118145616, 618.3086873804561]]]}, "properties": {"building": "yes", "height": 11.493200201924868, "elevation": 618.3086873804561, "category": "low-rise", "building_type": "residential"}}, {"type": "Feature", "geometry": {"type": "Polygon", "coordinates": [[[-70.56306333879142, -33.3979741308593, 583.2228365560262], [-70.562694330415, -33.3979741308593, 583.2228365560262], [-70.562694330415, -33.397605122482894, 583.2228365560262], [-70.56306333879142, -33.397605122482894, 583.2228365560262], [-70.56306333879142, -33.3979741308593, 583.2228365560262]]]}, "properties": {"building": "yes", "height": 11.97085464334699, "elevation": 583.2228365560262, "category": "low-rise", "building_type": "residential"}}, {"type": "Feature", "geometry": {"type": "Polygon", "coordinates": [[[-70.53409134371023, -33.413547579597655, 588.1557490767697], [-70.53372617281806, -33.413547579597655, 588.1557490767697], [-70.53372617281806, -33.41318240870549, 588.1557490767697], [-70.53409134371023, -33.41318240870549, 588.1557490767697], [-70.53409134371023, -33.413547579597655, 588.1557490767697]]]}, "properties": {"building": "yes", "height": 7.965699424328092, "elevation": 588.1557490767697, "category": "low-rise", "building_type": "residential"}}, {"type": "Feature", "geometry": {"type": "Polygon", "coordinates": [[[-70.55528539056787, -33.3934317904325, 581.2631271766475], [-70.55489702216953, -33.3934317904325, 581.2631271766475], [-70.55489702216953, -33.39304342203414, 581.2631271766475], [-70.55528539056787, -33.39304342203414, 581.2631271766475], [-70.55528539056787, -33.3934317904325, 581.2631271766475]]]}, "properties": {"building": "yes", "height": 13.645769181887523, "elevation": 581.2631271766475, "category": "low-rise", "building_type": "residential"}}, {"type": "Feature", "geometry": {"type": "Polygon", "coordinates": [[[-70.55133104380238, -33.38910645847582, 608.030482477329], [-70.5511352264405, -33.38910645847582, 608.030482477329], [-70.5511352264405, -33.38891064111394, 608.030482477329], [-70.55133104380238, -33.38891064111394, 608.030482477329], [-70.55133104380238, -33.38910645847582, 608.030482477329]]]}, "properties": {"building": "yes", "height": 11.784331976688453, "elevation": 608.030482477329, "category": "low-rise", "building_type": "residential"}}, {"type": "Feature", "geometry": {"type": "Polygon", "coordinates": [[[-70.55989161332509, -33.38656382725129, 565.4865430743897], [-70.55957307136295, -33.38656382725129, 565.4865430743897], [-70.55957307136295, -33.38624528528916, 565.4865430743897], [-70.55989161332509, -33.38624528528916, 565.4865430743897], [-70.55989161332509, -33.38656382725129, 565.4865430743897]]]}, "properties": {"building": "yes", "height": 10.203202568478726, "elevation": 565.4865430743897, "category": "low-rise", "building_type": "residential"}}, {"type": "Feature", "geometry": {"type": "Polygon", "coordinates": [[[-70.5187830918463, -33.391381322696475, 576.4785162128272], [-70.51850347601655, -33.391381322696475, 576.4785162128272], [-70.51850347601655, -33.39110170686672, 576.4785162128272], [-70.5187830918463, -33.39110170686672, 576.4785162128272], [-70.5187830918463, -33.391381322696475, 576.4785162128272]]]}, "properties": {"building": "yes", "height": 12.611193333216598, "elevation": 576.4785162128272, "category": "low-rise", "building_type": "residential"}}, {"type": "Feature", "geometry": {"type": "Polygon", "coordinates": [[[-70.52221990942247, -33.39671779229315, 555.2162163374862], [-70.52195138068699, -33.39671779229315, 555.2162163374862], [-70.52195138068699, -33.39644926355766, 555.2162163374862], [-70.52221990942247, -33.39644926355766, 555.2162163374862], [-70.52221990942247, -33.39671779229315, 555.2162163374862]]]}, "properties": {"building": "yes", "height": 9.614970875137928, "elevation": 555.2162163374862, "category": "low-rise", "building_type": "residential"}}, {"type": "Feature", "geometry": {"type": "Polygon", "coordinates": [[[-70.538516757584, -33.406649244997325, 549.8705756634268], [-70.53827196807262, -33.406649244997325, 549.8705756634268], [-70.53827196807262, -33.406404455485955, 549.8705756634268], [-70.538516757584, -33.406404455485955, 549.8705756634268], [-70.538516757584, -33.406649244997325, 549.8705756634268]]]}, "properties": {"building": "yes", "height": 11.139266002840245, "elevation": 549.8705756634268, "category": "low-rise", "building_type": "residential"}}, {"type": "Feature", "geometry": {"type": "Polygon", "coordinates": [[[-70.58220317727289, -33.40106338350919, 561.0265724161716], [-70.5819236862135, -33.40106338350919, 561.0265724161716], [-70.5819236862135, -33.4007838924498, 561.0265724161716], [-70.58220317727289, -33.4007838924498, 561.0265724161716], [-70.58220317727289, -33.40106338350919, 561.0265724161716]]]}, "properties": {"building": "yes", "height": 5.925075119314556, "elevation": 561.0265724161716, "category": "low-rise", "building_type": "residential"}}, {"type": "Feature", "geometry": {"type": "Polygon", "coordinates": [[[-70.56485476463493, -33.379083550820454, 562.6906033135966], [-70.5645012434523, -33.379083550820454, 562.6906033135966], [-70.5645012434523, -33.37873002963782, 562.6906033135966], [-70.56485476463493, -33.37873002963782, 562.6906033135966], [-70.56485476463493, -33.379083550820454, 562.6906033135966]]]}, "properties": {"building": "yes", "height": 10.840567956613441, "elevation": 562.6906033135966, "category": "low-rise", "building_type": "residential"}}, {"type": "Feature", "geometry": {"type": "Polygon", "coordinates": [[[-70.57485899337911, -33.39833051364465, 591.2252634639838], [-70.57454039189594, -33.39833051364465, 591.2252634639838], [-70.57454039189594, -33.39801191216149, 591.2252634639838], [-70.57485899337911, -33.39801191216149, 591.2252634639838], [-70.57485899337911, -33.39833051364465, 591.2252634639838]]]}, "properties": {"building": "yes", "height": 5.364420300548073, "elevation": 591.2252634639838, "category": "low-rise", "building_type": "residential"}}, {"type": "Feature", "geometry": {"type": "Polygon", "coordinates": [[[-70.54064528210733, -33.39156610186225, 549.961033885237], [-70.54037051569819, -33.39156610186225, 549.961033885237], [-70.54037051569819, -33.391291335453104, 549.961033885237], [-70.54064528210733, -33.391291335453104, 549.961033885237], [-70.54064528210733, -33.39156610186225, 549.961033885237]]]}, "properties": {"building": "yes", "height": 9.59886808532428, "elevation": 549.961033885237, "category": "low-rise", "building_type": "residential"}}, {"type": "Feature", "geometry": {"type": "Polygon", "coordinates": [[[-70.57687952009965, -33.398803790559164, 575.4686918536969], [-70.57649048735502, -33.398803790559164, 575.4686918536969], [-70.57649048735502, -33.39841475781453, 575.4686918536969], [-70.57687952009965, -33.39841475781453, 575.4686918536969], [-70.57687952009965, -33.398803790559164, 575.4686918536969]]]}, "properties": {"building": "yes", "height": 8.682598932969409, "elevation": 575.4686918536969, "category": "low-rise", "building_type": "residential"}}, {"type": "Feature", "geometry": {"type": "Polygon", "coordinates": [[[-70.57567754992876, -33.3974498694699, 588.8282545526554], [-70.5753263429833, -33.3974498694699, 588.8282545526554], [-70.5753263429833, -33.397098662524435, 588.8282545526554], [-70.57567754992876, -33.397098662524435, 588.8282545526554], [-70.57567754992876, -33.3974498694699, 588.8282545526554]]]}, "properties": {"building": "yes", "height": 5.846235531345942, "elevation": 588.8282545526554, "category": "low-rise", "building_type": "residential"}}, {"type": "Feature", "geometry": {"type": "Polygon", "coordinates": [[[-70.55437589883594, -33.399504917767054, 565.8033935439449], [-70.55417892357501, -33.399504917767054, 565.8033935439449], [-70.55417892357501, -33.399307942506105, 565.8033935439449], [-70.55437589883594, -33.399307942506105, 565.8033935439449], [-70.55437589883594, -33.399504917767054, 565.8033935439449]]]}, "properties": {"building": "yes", "height": 5.765699828788275, "elevation": 565.8033935439449, "category": "low-rise", "building_type": "residential"}}, {"type": "Feature", "geometry": {"type": "Polygon", "coordinates": [[[-70.58166879784422, -33.391768238203824, 564.042286557898], [-70.58144281434129, -33.391768238203824, 564.042286557898], [-70.58144281434129, -33.39154225470091, 564.042286557898], [-70.58166879784422, -33.39154225470091, 564.042286557898], [-70.58166879784422, -33.391768238203824, 564.042286557898]]]}, "properties": {"building": "yes", "height": 8.14250443039725, "elevation": 564.042286557898, "category": "low-rise", "building_type": "residential"}}, {"type": "Feature", "geometry": {"type": "Polygon", "coordinates": [[[-70.56656942477116, -33.380007645634535, 590.0935885713394], [-70.56620156684406, -33.380007645634535, 590.0935885713394], [-70.56620156684406, -33.37963978770745, 590.0935885713394], [-70.56656942477116, -33.37963978770745, 590.0935885713394], [-70.56656942477116, -33.380007645634535, 590.0935885713394]]]}, "properties": {"building": "yes", "height": 9.01414187038295, "elevation": 590.0935885713394, "category": "low-rise", "building_type": "residential"}}, {"type": "Feature", "geometry": {"type": "Polygon", "coordinates": [[[-70.53289968781137, -33.38203986651111, 566.7165104803713], [-70.53271793679671, -33.38203986651111, 566.7165104803713], [-70.53271793679671, -33.381858115496456, 566.7165104803713], [-70.53289968781137, -33.381858115496456, 566.7165104803713], [-70.53289968781137, -33.38203986651111, 566.7165104803713]]]}, "properties": {"building": "yes", "height": 6.55657384857848, "elevation": 566.7165104803713, "category": "low-rise", "building_type": "residential"}}, {"type": "Feature", "geometry": {"type": "Polygon", "coordinates": [[[-70.58391370066258, -33.39437841597991, 538.0451723865259], [-70.58355888510201, -33.39437841597991, 538.0451723865259], [-70.58355888510201, -33.39402360041934, 538.0451723865259], [-70.58391370066258, -33.39402360041934, 538.0451723865259], [-70.58391370066258, -33.39437841597991, 538.0451723865259]]]}, "properties": {"building": "yes", "height": 14.289725411216045, "elevation": 538.0451723865259, "category": "low-rise", "building_type": "residential"}}, {"type": "Feature", "geometry": {"type": "Polygon", "coordinates": [[[-70.55595889431466, -33.38008291549146, 518.0705118437022], [-70.55576359066684, -33.38008291549146, 518.0705118437022], [-70.55576359066684, -33.37988761184363, 518.0705118437022], [-70.55595889431466, -33.37988761184363, 518.0705118437022], [-70.55595889431466, -33.38008291549146, 518.0705118437022]]]}, "properties": {"building": "yes", "height": 7.334734496521953, "elevation": 518.0705118437022, "category": "low-rise", "building_type": "residential"}}, {"type": "Feature", "geometry": {"type": "Polygon", "coordinates": [[[-70.55470671911996, -33.408770800395864, 540.9179177518388], [-70.55438715468381, -33.408770800395864, 540.9179177518388], [-70.55438715468381, -33.408451235959696, 540.9179177518388], [-70.55470671911996, -33.408451235959696, 540.9179177518388], [-70.55470671911996, -33.408770800395864, 540.9179177518388]]]}, "properties": {"building": "yes", "height": 8.63723270353531, "elevation": 540.9179177518388, "category": "low-rise", "building_type": "residential"}}, {"type": "Feature", "geometry": {"type": "Polygon", "coordinates": [[[-70.52646507346414, -33.393671733180305, 604.7535416777905], [-70.52623496370252, -33.393671733180305, 604.7535416777905], [-70.52623496370252, -33.393441623418674, 604.7535416777905], [-70.52646507346414, -33.393441623418674, 604.7535416777905], [-70.52646507346414, -33.393671733180305, 604.7535416777905]]]}, "properties": {"building": "yes", "height": 7.234081745002461, "elevation": 604.7535416777905, "category": "low-rise", "building_type": "residential"}}, {"type": "Feature", "geometry": {"type": "Polygon", "coordinates": [[[-70.58237913639854, -33.40651741093155, 620.1470388301228], [-70.58221709848624, -33.40651741093155, 620.1470388301228], [-70.58221709848624, -33.406355373019245, 620.1470388301228], [-70.58237913639854, -33.406355373019245, 620.1470388301228], [-70.58237913639854, -33.40651741093155, 620.1470388301228]]]}, "properties": {"building": "yes", "height": 7.148551663504898, "elevation": 620.1470388301228, "category": "low-rise", "building_type": "residential"}}, {"type": "Feature", "geometry": {"type": "Polygon", "coordinates": [[[-70.5715580669392, -33.39617880485383, 583.0982684810767], [-70.57117244549171, -33.39617880485383, 583.0982684810767], [-70.57117244549171, -33.395793183406326, 583.0982684810767], [-70.5715580669392, -33.395793183406326, 583.0982684810767], [-70.5715580669392, -33.39617880485383, 583.0982684810767]]]}, "properties": {"building": "yes", "height": 5.869732369324931, "elevation": 583.0982684810767, "category": "low-rise", "building_type": "residential"}}, {"type": "Feature", "geometry": {"type": "Polygon", "coordinates": [[[-70.58336732294275, -33.41473839894009, 567.0301562644685], [-70.58317556909456, -33.41473839894009, 567.0301562644685], [-70.58317556909456, -33.41454664509192, 567.0301562644685], [-70.58336732294275, -33.41454664509192, 567.0301562644685], [-70.58336732294275, -33.41473839894009, 567.0301562644685]]]}, "properties": {"building": "yes", "height": 10.074420919581737, "elevation": 567.0301562644685, "category": "low-rise", "building_type": "residential"}}, {"type": "Feature", "geometry": {"type": "Polygon", "coordinates": [[[-70.51818293215041, -33.38800768362729, 567.9406597328231], [-70.51797894185708, -33.38800768362729, 567.9406597328231], [-70.51797894185708, -33.38780369333395, 567.9406597328231], [-70.51818293215041, -33.38780369333395, 567.9406597328231], [-70.51818293215041, -33.38800768362729, 567.9406597328231]]]}, "properties": {"building": "yes", "height": 7.725327673513158, "elevation": 567.9406597328231, "category": "low-rise", "building_type": "residential"}}, {"type": "Feature", "geometry": {"type": "Polygon", "coordinates": [[[-70.56425565489428, -33.39449455330681, 569.8423091358925], [-70.56402272801338, -33.39449455330681, 569.8423091358925], [-70.56402272801338, -33.39426162642591, 569.8423091358925], [-70.56425565489428, -33.39426162642591, 569.8423091358925], [-70.56425565489428, -33.39449455330681, 569.8423091358925]]]}, "properties": {"building": "yes", "height": 10.867810896538835, "elevation": 569.8423091358925, "category": "low-rise", "building_type": "residential"}}, {"type": "Feature", "geometry": {"type": "Polygon", "coordinates": [[[-70.53928427066744, -33.39233368492707, 559.2015975342002], [-70.5390897645775, -33.39233368492707, 559.2015975342002], [-70.5390897645775, -33.39213917883713, 559.2015975342002], [-70.53928427066744, -33.39213917883713, 559.2015975342002], [-70.53928427066744, -33.39233368492707, 559.2015975342002]]]}, "properties": {"building": "yes", "height": 5.287644170675324, "elevation": 559.2015975342002, "category": "low-rise", "building_type": "residential"}}, {"type": "Feature", "geometry": {"type": "Polygon", "coordinates": [[[-70.53084160668928, -33.41205090680809, 566.3452557422236], [-70.53049597246479, -33.41205090680809, 566.3452557422236], [-70.53049597246479, -33.4117052725836, 566.3452557422236], [-70.53084160668928, -33.4117052725836, 566.3452557422236], [-70.53084160668928, -33.41205090680809, 566.3452557422236]]]}, "properties": {"building": "yes", "height": 13.835867622440123, "elevation": 566.3452557422236, "category": "low-rise", "building_type": "residential"}}, {"type": "Feature", "geometry": {"type": "Polygon", "coordinates": [[[-70.54527321401031, -33.40210048546838, 588.4802985400171], [-70.54504851352658, -33.40210048546838, 588.4802985400171], [-70.54504851352658, -33.401875784984654, 588.4802985400171], [-70.54527321401031, -33.401875784984654, 588.4802985400171], [-70.54527321401031, -33.40210048546838, 588.4802985400171]]]}, "properties": {"building": "yes", "height": 10.725357418370997, "elevation": 588.4802985400171, "category": "low-rise", "building_type": "residential"}}, {"type": "Feature", "geometry": {"type": "Polygon", "coordinates": [[[-70.53954903307951, -33.37432413798546, 530.3879469730284], [-70.53926021405124, -33.37432413798546, 530.3879469730284], [-70.53926021405124, -33.37403531895719, 530.3879469730284], [-70.53954903307951, -33.37403531895719, 530.3879469730284], [-70.53954903307951, -33.37432413798546, 530.3879469730284]]]}, "properties": {"building": "yes", "height": 10.93312333923112, "elevation": 530.3879469730284, "category": "low-rise", "building_type": "residential"}}, {"type": "Feature", "geometry": {"type": "Polygon", "coordinates": [[[-70.53338521125586, -33.38561085676066, 587.5012150785914], [-70.53320790152254, -33.38561085676066, 587.5012150785914], [-70.53320790152254, -33.385433547027354, 587.5012150785914], [-70.53338521125586, -33.385433547027354, 587.5012150785914], [-70.53338521125586, -33.38561085676066, 587.5012150785914]]]}, "properties": {"building": "yes", "height": 10.25182046494416, "elevation": 587.5012150785914, "category": "low-rise", "building_type": "residential"}}, {"type": "Feature", "geometry": {"type": "Polygon", "coordinates": [[[-70.52615418491978, -33.39826170798956, 567.8009231862903], [-70.52598587492714, -33.39826170798956, 567.8009231862903], [-70.52598587492714, -33.39809339799693, 567.8009231862903], [-70.52615418491978, -33.39809339799693, 567.8009231862903], [-70.52615418491978, -33.39826170798956, 567.8009231862903]]]}, "properties": {"building": "yes", "height": 13.58163978740668, "elevation": 567.8009231862903, "category": "low-rise", "building_type": "residential"}}, {"type": "Feature", "geometry": {"type": "Polygon", "coordinates": [[[-70.53049008232185, -33.37526751264108, 611.1485151302404], [-70.53013016175981, -33.37526751264108, 611.1485151302404], [-70.53013016175981, -33.37490759207903, 611.1485151302404], [-70.53049008232185, -33.37490759207903, 611.1485151302404], [-70.53049008232185, -33.37526751264108, 611.1485151302404]]]}, "properties": {"building": "yes", "height": 5.457991551389524, "elevation": 611.1485151302404, "category": "low-rise", "building_type": "residential"}}, {"type": "Feature", "geometry": {"type": "Polygon", "coordinates": [[[-70.5339152804099, -33.400348746548254, 590.5284228821538], [-70.53359710625134, -33.400348746548254, 590.5284228821538], [-70.53359710625134, -33.40003057238969, 590.5284228821538], [-70.5339152804099, -33.40003057238969, 590.5284228821538], [-70.5339152804099, -33.400348746548254, 590.5284228821538]]]}, "properties": {"building": "yes", "height": 13.457302652034603, "elevation": 590.5284228821538, "category": "low-rise", "building_type": "residential"}}, {"type": "Feature", "geometry": {"type": "Polygon", "coordinates": [[[-70.53700397159697, -33.39474946366165, 572.7660289890908], [-70.53665265196115, -33.39474946366165, 572.7660289890908], [-70.53665265196115, -33.39439814402581, 572.7660289890908], [-70.53700397159697, -33.39439814402581, 572.7660289890908], [-70.53700397159697, -33.39474946366165, 572.7660289890908]]]}, "properties": {"building": "yes", "height": 7.990082198254807, "elevation": 572.7660289890908, "category": "low-rise", "building_type": "residential"}}, {"type": "Feature", "geometry": {"type": "Polygon", "coordinates": [[[-70.54169669789592, -33.39050033456627, 531.6753706003561], [-70.54133924126678, -33.39050033456627, 531.6753706003561], [-70.54133924126678, -33.39014287793714, 531.6753706003561], [-70.54169669789592, -33.39014287793714, 531.6753706003561], [-70.54169669789592, -33.39050033456627, 531.6753706003561]]]}, "properties": {"building": "yes", "height": 5.94545188598937, "elevation": 531.6753706003561, "category": "low-rise", "building_type": "residential"}}, {"type": "Feature", "geometry": {"type": "Polygon", "coordinates": [[[-70.54003495047641, -33.39197063543668, 578.9405417201863], [-70.5397572740118, -33.39197063543668, 578.9405417201863], [-70.5397572740118, -33.39169295897206, 578.9405417201863], [-70.54003495047641, -33.39169295897206, 578.9405417201863], [-70.54003495047641, -33.39197063543668, 578.9405417201863]]]}, "properties": {"building": "yes", "height": 10.301933375599994, "elevation": 578.9405417201863, "category": "low-rise", "building_type": "residential"}}, {"type": "Feature", "geometry": {"type": "Polygon", "coordinates": [[[-70.57444453386996, -33.40396370773328, 580.940316900683], [-70.57406377447585, -33.40396370773328, 580.940316900683], [-70.57406377447585, -33.403582948339164, 580.940316900683], [-70.57444453386996, -33.403582948339164, 580.940316900683], [-70.57444453386996, -33.40396370773328, 580.940316900683]]]}, "properties": {"building": "yes", "height": 11.72929005541635, "elevation": 580.940316900683, "category": "low-rise", "building_type": "residential"}}, {"type": "Feature", "geometry": {"type": "Polygon", "coordinates": [[[-70.55690693114916, -33.40324955545148, 589.1713015786178], [-70.55662569685875, -33.40324955545148, 589.1713015786178], [-70.55662569685875, -33.40296832116107, 589.1713015786178], [-70.55690693114916, -33.40296832116107, 589.1713015786178], [-70.55690693114916, -33.40324955545148, 589.1713015786178]]]}, "properties": {"building": "yes", "height": 8.575678803690327, "elevation": 589.1713015786178, "category": "low-rise", "building_type": "residential"}}, {"type": "Feature", "geometry": {"type": "Polygon", "coordinates": [[[-70.5356362106224, -33.41084831567375, 604.7321953118861], [-70.53542883363674, -33.41084831567375, 604.7321953118861], [-70.53542883363674, -33.4106409386881, 604.7321953118861], [-70.5356362106224, -33.4106409386881, 604.7321953118861], [-70.5356362106224, -33.41084831567375, 604.7321953118861]]]}, "properties": {"building": "yes", "height": 8.75787479474712, "elevation": 604.7321953118861, "category": "low-rise", "building_type": "residential"}}, {"type": "Feature", "geometry": {"type": "Polygon", "coordinates": [[[-70.55735029476136, -33.3866121373262, 563.8643280363605], [-70.55713643691087, -33.3866121373262, 563.8643280363605], [-70.55713643691087, -33.38639827947572, 563.8643280363605], [-70.55735029476136, -33.38639827947572, 563.8643280363605], [-70.55735029476136, -33.3866121373262, 563.8643280363605]]]}, "properties": {"building": "yes", "height": 6.891788876268928, "elevation": 563.8643280363605, "category": "low-rise", "building_type": "residential"}}, {"type": "Feature", "geometry": {"type": "Polygon", "coordinates": [[[-70.53220461619246, -33.37707072730089, 565.5603968080003], [-70.5320417419653, -33.37707072730089, 565.5603968080003], [-70.5320417419653, -33.37690785307372, 565.5603968080003], [-70.53220461619246, -33.37690785307372, 565.5603968080003], [-70.53220461619246, -33.37707072730089, 565.5603968080003]]]}, "properties": {"building": "yes", "height": 13.493719013439048, "elevation": 565.5603968080003, "category": "low-rise", "building_type": "residential"}}, {"type": "Feature", "geometry": {"type": "Polygon", "coordinates": [[[-70.57924273497468, -33.38761068733036, 588.8244698945539], [-70.57900955078648, -33.38761068733036, 588.8244698945539], [-70.57900955078648, -33.387377503142154, 588.8244698945539], [-70.57924273497468, -33.387377503142154, 588.8244698945539], [-70.57924273497468, -33.38761068733036, 588.8244698945539]]]}, "properties": {"building": "yes", "height": 12.224164772155275, "elevation": 588.8244698945539, "category": "low-rise", "building_type": "residential"}}, {"type": "Feature", "geometry": {"type": "Polygon", "coordinates": [[[-70.54842931328348, -33.3753005653715, 574.5028033137893], [-70.54812361158172, -33.3753005653715, 574.5028033137893], [-70.54812361158172, -33.37499486366975, 574.5028033137893], [-70.54842931328348, -33.37499486366975, 574.5028033137893], [-70.54842931328348, -33.3753005653715, 574.5028033137893]]]}, "properties": {"building": "yes", "height": 7.460327227433929, "elevation": 574.5028033137893, "category": "low-rise", "building_type": "residential"}}, {"type": "Feature", "geometry": {"type": "Polygon", "coordinates": [[[-70.54399167474179, -33.37739533859194, 547.9716959361527], [-70.54374414198216, -33.37739533859194, 547.9716959361527], [-70.54374414198216, -33.37714780583232, 547.9716959361527], [-70.54399167474179, -33.37714780583232, 547.9716959361527], [-70.54399167474179, -33.37739533859194, 547.9716959361527]]]}, "properties": {"building": "yes", "height": 10.59671485051979, "elevation": 547.9716959361527, "category": "low-rise", "building_type": "residential"}}, {"type": "Feature", "geometry": {"type": "Polygon", "coordinates": [[[-70.55531195800806, -33.39487039062275, 576.1482824788399], [-70.55512860418897, -33.39487039062275, 576.1482824788399], [-70.55512860418897, -33.39468703680365, 576.1482824788399], [-70.55531195800806, -33.39468703680365, 576.1482824788399], [-70.55531195800806, -33.39487039062275, 576.1482824788399]]]}, "properties": {"building": "yes", "height": 6.421668723275907, "elevation": 576.1482824788399, "category": "low-rise", "building_type": "residential"}}, {"type": "Feature", "geometry": {"type": "Polygon", "coordinates": [[[-70.55006668664835, -33.41234848666824, 559.8271004314582], [-70.54987341045221, -33.41234848666824, 559.8271004314582], [-70.54987341045221, -33.412155210472086, 559.8271004314582], [-70.55006668664835, -33.412155210472086, 559.8271004314582], [-70.55006668664835, -33.41234848666824, 559.8271004314582]]]}, "properties": {"building": "yes", "height": 11.067455456630384, "elevation": 559.8271004314582, "category": "low-rise", "building_type": "residential"}}, {"type": "Feature", "geometry": {"type": "Polygon", "coordinates": [[[-70.57543327377147, -33.392326702113444, 591.3480539200385], [-70.57504306548674, -33.392326702113444, 591.3480539200385], [-70.57504306548674, -33.3919364938287, 591.3480539200385], [-70.57543327377147, -33.3919364938287, 591.3480539200385], [-70.57543327377147, -33.392326702113444, 591.3480539200385]]]}, "properties": {"building": "yes", "height": 12.028255665418902, "elevation": 591.3480539200385, "category": "low-rise", "building_type": "residential"}}, {"type": "Feature", "geometry": {"type": "Polygon", "coordinates": [[[-70.56221140000373, -33.38570566700279, 573.9968986510731], [-70.56192297769486, -33.38570566700279, 573.9968986510731], [-70.56192297769486, -33.385417244693905, 573.9968986510731], [-70.56221140000373, -33.385417244693905, 573.9968986510731], [-70.56221140000373, -33.38570566700279, 573.9968986510731]]]}, "properties": {"building": "yes", "height": 11.027353287186253, "elevation": 573.9968986510731, "category": "low-rise", "building_type": "residential"}}, {"type": "Feature", "geometry": {"type": "Polygon", "coordinates": [[[-70.58612129684685, -33.37858252503427, 588.7134406358045], [-70.58578994242892, -33.37858252503427, 588.7134406358045], [-70.58578994242892, -33.37825117061633, 588.7134406358045], [-70.58612129684685, -33.37825117061633, 588.7134406358045], [-70.58612129684685, -33.37858252503427, 588.7134406358045]]]}, "properties": {"building": "yes", "height": 14.7886859847146, "elevation": 588.7134406358045, "category": "low-rise", "building_type": "residential"}}, {"type": "Feature", "geometry": {"type": "Polygon", "coordinates": [[[-70.52674808374948, -33.38299053892629, 562.2157130942725], [-70.52643423101901, -33.38299053892629, 562.2157130942725], [-70.52643423101901, -33.38267668619581, 562.2157130942725], [-70.52674808374948, -33.38267668619581, 562.2157130942725], [-70.52674808374948, -33.38299053892629, 562.2157130942725]]]}, "properties": {"building": "yes", "height": 7.270854622686599, "elevation": 562.2157130942725, "category": "low-rise", "building_type": "residential"}}, {"type": "Feature", "geometry": {"type": "Polygon", "coordinates": [[[-70.57385082541302, -33.40040712474041, 585.2234208016353], [-70.57353672808946, -33.40040712474041, 585.2234208016353], [-70.57353672808946, -33.400093027416844, 585.2234208016353], [-70.57385082541302, -33.400093027416844, 585.2234208016353], [-70.57385082541302, -33.40040712474041, 585.2234208016353]]]}, "properties": {"building": "yes", "height": 7.790221941029088, "elevation": 585.2234208016353, "category": "low-rise", "building_type": "residential"}}, {"type": "Feature", "geometry": {"type": "Polygon", "coordinates": [[[-70.5587526327616, -33.40215002317898, 533.8321041493748], [-70.55857261665388, -33.40215002317898, 533.8321041493748], [-70.55857261665388, -33.40197000707126, 533.8321041493748], [-70.5587526327616, -33.40197000707126, 533.8321041493748], [-70.5587526327616, -33.40215002317898, 533.8321041493748]]]}, "properties": {"building": "yes", "height": 14.79559938832926, "elevation": 533.8321041493748, "category": "low-rise", "building_type": "residential"}}, {"type": "Feature", "geometry": {"type": "Polygon", "coordinates": [[[-70.54448715546353, -33.411554864822605, 582.1107036890261], [-70.54430654171757, -33.411554864822605, 582.1107036890261], [-70.54430654171757, -33.41137425107664, 582.1107036890261], [-70.54448715546353, -33.41137425107664, 582.1107036890261], [-70.54448715546353, -33.411554864822605, 582.1107036890261]]]}, "properties": {"building": "yes", "height": 9.274338379209588, "elevation": 582.1107036890261, "category": "low-rise", "building_type": "residential"}}, {"type": "Feature", "geometry": {"type": "Polygon", "coordinates": [[[-70.55954865426402, -33.3903485470206, 598.2098954190934], [-70.55937489276475, -33.3903485470206, 598.2098954190934], [-70.55937489276475, -33.39017478552133, 598.2098954190934], [-70.55954865426402, -33.39017478552133, 598.2098954190934], [-70.55954865426402, -33.3903485470206, 598.2098954190934]]]}, "properties": {"building": "yes", "height": 7.4873177173652365, "elevation": 598.2098954190934, "category": "low-rise", "building_type": "residential"}}, {"type": "Feature", "geometry": {"type": "Polygon", "coordinates": [[[-70.56265534864521, -33.40794239116995, 619.4365465833989], [-70.56230652944951, -33.40794239116995, 619.4365465833989], [-70.56230652944951, -33.40759357197427, 619.4365465833989], [-70.56265534864521, -33.40759357197427, 619.4365465833989], [-70.56265534864521, -33.40794239116995, 619.4365465833989]]]}, "properties": {"building": "yes", "height": 10.964441234562285, "elevation": 619.4365465833989, "category": "low-rise", "building_type": "residential"}}, {"type": "Feature", "geometry": {"type": "Polygon", "coordinates": [[[-70.58297058297883, -33.37470145769525, 550.7186073700128], [-70.58275427662473, -33.37470145769525, 550.7186073700128], [-70.58275427662473, -33.37448515134116, 550.7186073700128], [-70.58297058297883, -33.37448515134116, 550.7186073700128], [-70.58297058297883, -33.37470145769525, 550.7186073700128]]]}, "properties": {"building": "yes", "height": 6.313753721478472, "elevation": 550.7186073700128, "category": "low-rise", "building_type": "residential"}}, {"type": "Feature", "geometry": {"type": "Polygon", "coordinates": [[[-70.57834342091294, -33.37878130687076, 550.9124594354676], [-70.57800531131659, -33.37878130687076, 550.9124594354676], [-70.57800531131659, -33.37844319727441, 550.9124594354676], [-70.57834342091294, -33.37844319727441, 550.9124594354676], [-70.57834342091294, -33.37878130687076, 550.9124594354676]]]}, "properties": {"building": "yes", "height": 6.04010184735945, "elevation": 550.9124594354676, "category": "low-rise", "building_type": "residential"}}, {"type": "Feature", "geometry": {"type": "Polygon", "coordinates": [[[-70.55072985958577, -33.384688819687014, 578.2760008007532], [-70.55055074312969, -33.384688819687014, 578.2760008007532], [-70.55055074312969, -33.38450970323095, 578.2760008007532], [-70.55072985958577, -33.38450970323095, 578.2760008007532], [-70.55072985958577, -33.384688819687014, 578.2760008007532]]]}, "properties": {"building": "yes", "height": 10.0212603241315, "elevation": 578.2760008007532, "category": "low-rise", "building_type": "residential"}}, {"type": "Feature", "geometry": {"type": "Polygon", "coordinates": [[[-70.54403851603087, -33.376792365749296, 589.6234873025425], [-70.54371270892369, -33.376792365749296, 589.6234873025425], [-70.54371270892369, -33.37646655864212, 589.6234873025425], [-70.54403851603087, -33.37646655864212, 589.6234873025425], [-70.54403851603087, -33.376792365749296, 589.6234873025425]]]}, "properties": {"building": "yes", "height": 13.698063452269185, "elevation": 589.6234873025425, "category": "low-rise", "building_type": "residential"}}, {"type": "Feature", "geometry": {"type": "Polygon", "coordinates": [[[-70.57342590575401, -33.375194004049675, 573.5365047276804], [-70.57323001938825, -33.375194004049675, 573.5365047276804], [-70.57323001938825, -33.3749981176839, 573.5365047276804], [-70.57342590575401, -33.3749981176839, 573.5365047276804], [-70.57342590575401, -33.375194004049675, 573.5365047276804]]]}, "properties": {"building": "yes", "height": 11.898176747102294, "elevation": 573.5365047276804, "category": "low-rise", "building_type": "residential"}}, {"type": "Feature", "geometry": {"type": "Polygon", "coordinates": [[[-70.56347603550581, -33.379142250063005, 556.0392240034982], [-70.5632578994274, -33.379142250063005, 556.0392240034982], [-70.5632578994274, -33.37892411398459, 556.0392240034982], [-70.56347603550581, -33.37892411398459, 556.0392240034982], [-70.56347603550581, -33.379142250063005, 556.0392240034982]]]}, "properties": {"building": "yes", "height": 12.00421502818583, "elevation": 556.0392240034982, "category": "low-rise", "building_type": "residential"}}, {"type": "Feature", "geometry": {"type": "Polygon", "coordinates": [[[-70.53373797610405, -33.40947726927186, 584.6985198197367], [-70.53342391343429, -33.40947726927186, 584.6985198197367], [-70.53342391343429, -33.409163206602116, 584.6985198197367], [-70.53373797610405, -33.409163206602116, 584.6985198197367], [-70.53373797610405, -33.40947726927186, 584.6985198197367]]]}, "properties": {"building": "yes", "height": 11.428114364150705, "elevation": 584.6985198197367, "category": "low-rise", "building_type": "residential"}}, {"type": "Feature", "geometry": {"type": "Polygon", "coordinates": [[[-70.53661650833676, -33.40073495382473, 587.1753294213311], [-70.53644292931382, -33.40073495382473, 587.1753294213311], [-70.53644292931382, -33.4005613748018, 587.1753294213311], [-70.53661650833676, -33.4005613748018, 587.1753294213311], [-70.53661650833676, -33.40073495382473, 587.1753294213311]]]}, "properties": {"building": "yes", "height": 7.459495536464425, "elevation": 587.1753294213311, "category": "low-rise", "building_type": "residential"}}, {"type": "Feature", "geometry": {"type": "Polygon", "coordinates": [[[-70.53748051546175, -33.38268963928565, 579.2687635629967], [-70.53725399147517, -33.38268963928565, 579.2687635629967], [-70.53725399147517, -33.38246311529905, 579.2687635629967], [-70.53748051546175, -33.38246311529905, 579.2687635629967], [-70.53748051546175, -33.38268963928565, 579.2687635629967]]]}, "properties": {"building": "yes", "height": 7.6286190096724935, "elevation": 579.2687635629967, "category": "low-rise", "building_type": "residential"}}, {"type": "Feature", "geometry": {"type": "Polygon", "coordinates": [[[-70.56048440063529, -33.38664181336362, 579.7212982132742], [-70.56023072634972, -33.38664181336362, 579.7212982132742], [-70.56023072634972, -33.38638813907806, 579.7212982132742], [-70.56048440063529, -33.38638813907806, 579.7212982132742], [-70.56048440063529, -33.38664181336362, 579.7212982132742]]]}, "properties": {"building": "yes", "height": 7.497560443796306, "elevation": 579.7212982132742, "category": "low-rise", "building_type": "residential"}}, {"type": "Feature", "geometry": {"type": "Polygon", "coordinates": [[[-70.57080741385023, -33.38035846288963, 580.3867338846137], [-70.57048460166725, -33.38035846288963, 580.3867338846137], [-70.57048460166725, -33.38003565070663, 580.3867338846137], [-70.57080741385023, -33.38003565070663, 580.3867338846137], [-70.57080741385023, -33.38035846288963, 580.3867338846137]]]}, "properties": {"building": "yes", "height": 7.363695709968459, "elevation": 580.3867338846137, "category": "low-rise", "building_type": "residential"}}, {"type": "Feature", "geometry": {"type": "Polygon", "coordinates": [[[-70.58563340248408, -33.39809194084901, 581.753248711397], [-70.58546375315045, -33.39809194084901, 581.753248711397], [-70.58546375315045, -33.39792229151538, 581.753248711397], [-70.58563340248408, -33.39792229151538, 581.753248711397], [-70.58563340248408, -33.39809194084901, 581.753248711397]]]}, "properties": {"building": "yes", "height": 13.633649513077781, "elevation": 581.753248711397, "category": "low-rise", "building_type": "residential"}}, {"type": "Feature", "geometry": {"type": "Polygon", "coordinates": [[[-70.57658574640506, -33.3964929683245, 586.6624482581985], [-70.57640746807049, -33.3964929683245, 586.6624482581985], [-70.57640746807049, -33.39631468998993, 586.6624482581985], [-70.57658574640506, -33.39631468998993, 586.6624482581985], [-70.57658574640506, -33.3964929683245, 586.6624482581985]]]}, "properties": {"building": "yes", "height": 11.936287223327191, "elevation": 586.6624482581985, "category": "low-rise", "building_type": "residential"}}, {"type": "Feature", "geometry": {"type": "Polygon", "coordinates": [[[-70.57870876670752, -33.37849859303091, 563.3517692275323], [-70.57853662293904, -33.37849859303091, 563.3517692275323], [-70.57853662293904, -33.37832644926243, 563.3517692275323], [-70.57870876670752, -33.37832644926243, 563.3517692275323], [-70.57870876670752, -33.37849859303091, 563.3517692275323]]]}, "properties": {"building": "yes", "height": 6.270655910810959, "elevation": 563.3517692275323, "category": "low-rise", "building_type": "residential"}}, {"type": "Feature", "geometry": {"type": "Polygon", "coordinates": [[[-70.53888176551246, -33.37690987690237, 551.2724712338038], [-70.53864835305168, -33.37690987690237, 551.2724712338038], [-70.53864835305168, -33.376676464441594, 551.2724712338038], [-70.53888176551246, -33.376676464441594, 551.2724712338038], [-70.53888176551246, -33.37690987690237, 551.2724712338038]]]}, "properties": {"building": "yes", "height": 10.282620153522624, "elevation": 551.2724712338038, "category": "low-rise", "building_type": "residential"}}, {"type": "Feature", "geometry": {"type": "Polygon", "coordinates": [[[-70.53017909494488, -33.41303166400472, 612.7173861662786], [-70.52995922753996, -33.41303166400472, 612.7173861662786], [-70.52995922753996, -33.41281179659981, 612.7173861662786], [-70.53017909494488, -33.41281179659981, 612.7173861662786], [-70.53017909494488, -33.41303166400472, 612.7173861662786]]]}, "properties": {"building": "yes", "height": 6.956947115340898, "elevation": 612.7173861662786, "category": "low-rise", "building_type": "residential"}}, {"type": "Feature", "geometry": {"type": "Polygon", "coordinates": [[[-70.52432856940179, -33.39567097374008, 593.1059327432481], [-70.5239947294428, -33.39567097374008, 593.1059327432481], [-70.5239947294428, -33.395337133781084, 593.1059327432481], [-70.52432856940179, -33.395337133781084, 593.1059327432481], [-70.52432856940179, -33.39567097374008, 593.1059327432481]]]}, "properties": {"building": "yes", "height": 10.178432097613051, "elevation": 593.1059327432481, "category": "low-rise", "building_type": "residential"}}, {"type": "Feature", "geometry": {"type": "Polygon", "coordinates": [[[-70.56851991752467, -33.391885659778374, 581.4651179397098], [-70.56834080289934, -33.391885659778374, 581.4651179397098], [-70.56834080289934, -33.39170654515306, 581.4651179397098], [-70.56851991752467, -33.39170654515306, 581.4651179397098], [-70.56851991752467, -33.391885659778374, 581.4651179397098]]]}, "properties": {"building": "yes", "height": 13.069426414944154, "elevation": 581.4651179397098, "category": "low-rise", "building_type": "residential"}}, {"type": "Feature", "geometry": {"type": "Polygon", "coordinates": [[[-70.52123946500087, -33.404368143300054, 611.6880133068443], [-70.52088758830622, -33.404368143300054, 611.6880133068443], [-70.52088758830622, -33.4040162666054, 611.6880133068443], [-70.52123946500087, -33.4040162666054, 611.6880133068443], [-70.52123946500087, -33.404368143300054, 611.6880133068443]]]}, "properties": {"building": "yes", "height": 5.611859390247693, "elevation": 611.6880133068443, "category": "low-rise", "building_type": "residential"}}, {"type": "Feature", "geometry": {"type": "Polygon", "coordinates": [[[-70.57538239127824, -33.402009951334854, 579.2751961858362], [-70.57521114238806, -33.402009951334854, 579.2751961858362], [-70.57521114238806, -33.40183870244467, 579.2751961858362], [-70.57538239127824, -33.40183870244467, 579.2751961858362], [-70.57538239127824, -33.402009951334854, 579.2751961858362]]]}, "properties": {"building": "yes", "height": 14.355786642747296, "elevation": 579.2751961858362, "category": "low-rise", "building_type": "residential"}}, {"type": "Feature", "geometry": {"type": "Polygon", "coordinates": [[[-70.53276907673666, -33.41326303504191, 583.5502903884908], [-70.53259304763907, -33.41326303504191, 583.5502903884908], [-70.53259304763907, -33.41308700594432, 583.5502903884908], [-70.53276907673666, -33.41308700594432, 583.5502903884908], [-70.53276907673666, -33.41326303504191, 583.5502903884908]]]}, "properties": {"building": "yes", "height": 12.353873111087912, "elevation": 583.5502903884908, "category": "low-rise", "building_type": "residential"}}, {"type": "Feature", "geometry": {"type": "Polygon", "coordinates": [[[-70.54954354061428, -33.39492941689953, 590.7981795005143], [-70.54929147365678, -33.39492941689953, 590.7981795005143], [-70.54929147365678, -33.394677349942015, 590.7981795005143], [-70.54954354061428, -33.394677349942015, 590.7981795005143], [-70.54954354061428, -33.39492941689953, 590.7981795005143]]]}, "properties": {"building": "yes", "height": 9.949106637459606, "elevation": 590.7981795005143, "category": "low-rise", "building_type": "residential"}}, {"type": "Feature", "geometry": {"type": "Polygon", "coordinates": [[[-70.58573807740761, -33.38405745071553, 538.4424438515357], [-70.58543931128985, -33.38405745071553, 538.4424438515357], [-70.58543931128985, -33.38375868459775, 538.4424438515357], [-70.58573807740761, -33.38375868459775, 538.4424438515357], [-70.58573807740761, -33.38405745071553, 538.4424438515357]]]}, "properties": {"building": "yes", "height": 5.538808099731928, "elevation": 538.4424438515357, "category": "low-rise", "building_type": "residential"}}, {"type": "Feature", "geometry": {"type": "Polygon", "coordinates": [[[-70.5574843387206, -33.40519422759469, 558.2387104015472], [-70.55720201810624, -33.40519422759469, 558.2387104015472], [-70.55720201810624, -33.40491190698033, 558.2387104015472], [-70.5574843387206, -33.40491190698033, 558.2387104015472], [-70.5574843387206, -33.40519422759469, 558.2387104015472]]]}, "properties": {"building": "yes", "height": 14.569869301384717, "elevation": 558.2387104015472, "category": "low-rise", "building_type": "residential"}}, {"type": "Feature", "geometry": {"type": "Polygon", "coordinates": [[[-70.52944814608414, -33.386244286697156, 567.0217744612517], [-70.52920630265355, -33.386244286697156, 567.0217744612517], [-70.52920630265355, -33.38600244326657, 567.0217744612517], [-70.52944814608414, -33.38600244326657, 567.0217744612517], [-70.52944814608414, -33.386244286697156, 567.0217744612517]]]}, "properties": {"building": "yes", "height": 7.202728524543326, "elevation": 567.0217744612517, "category": "low-rise", "building_type": "residential"}}, {"type": "Feature", "geometry": {"type": "Polygon", "coordinates": [[[-70.5556034611861, -33.378452907907715, 572.2825858505236], [-70.5552516881694, -33.378452907907715, 572.2825858505236], [-70.5552516881694, -33.378101134891025, 572.2825858505236], [-70.5556034611861, -33.378101134891025, 572.2825858505236], [-70.5556034611861, -33.378452907907715, 572.2825858505236]]]}, "properties": {"building": "yes", "height": 8.861309926260462, "elevation": 572.2825858505236, "category": "low-rise", "building_type": "residential"}}, {"type": "Feature", "geometry": {"type": "Polygon", "coordinates": [[[-70.52113231166722, -33.39816523543424, 566.420202307173], [-70.52079178678697, -33.39816523543424, 566.420202307173], [-70.52079178678697, -33.397824710554, 566.420202307173], [-70.52113231166722, -33.397824710554, 566.420202307173], [-70.52113231166722, -33.39816523543424, 566.420202307173]]]}, "properties": {"building": "yes", "height": 11.243641157096896, "elevation": 566.420202307173, "category": "low-rise", "building_type": "residential"}}, {"type": "Feature", "geometry": {"type": "Polygon", "coordinates": [[[-70.55142156327658, -33.40784809732702, 567.313826227415], [-70.55111376820169, -33.40784809732702, 567.313826227415], [-70.55111376820169, -33.40754030225213, 567.313826227415], [-70.55142156327658, -33.40754030225213, 567.313826227415], [-70.55142156327658, -33.40784809732702, 567.313826227415]]]}, "properties": {"building": "yes", "height": 13.91850926629671, "elevation": 567.313826227415, "category": "low-rise", "building_type": "residential"}}, {"type": "Feature", "geometry": {"type": "Polygon", "coordinates": [[[-70.54203594498597, -33.39668107103216, 573.2269268059974], [-70.54171621748745, -33.39668107103216, 573.2269268059974], [-70.54171621748745, -33.39636134353364, 573.2269268059974], [-70.54203594498597, -33.39636134353364, 573.2269268059974], [-70.54203594498597, -33.39668107103216, 573.2269268059974]]]}, "properties": {"building": "yes", "height": 6.199200559410035, "elevation": 573.2269268059974, "category": "low-rise", "building_type": "residential"}}, {"type": "Feature", "geometry": {"type": "Polygon", "coordinates": [[[-70.57823477658205, -33.413530797318366, 571.5844527911407], [-70.57805106306587, -33.413530797318366, 571.5844527911407], [-70.57805106306587, -33.413347083802186, 571.5844527911407], [-70.57823477658205, -33.413347083802186, 571.5844527911407], [-70.57823477658205, -33.413530797318366, 571.5844527911407]]]}, "properties": {"building": "yes", "height": 14.12431309337096, "elevation": 571.5844527911407, "category": "low-rise", "building_type": "residential"}}, {"type": "Feature", "geometry": {"type": "Polygon", "coordinates": [[[-70.54984299895851, -33.386683335505204, 566.735598497377], [-70.54955339828966, -33.386683335505204, 566.735598497377], [-70.54955339828966, -33.38639373483635, 566.735598497377], [-70.54984299895851, -33.38639373483635, 566.735598497377], [-70.54984299895851, -33.386683335505204, 566.735598497377]]]}, "properties": {"building": "yes", "height": 7.207579622570419, "elevation": 566.735598497377, "category": "low-rise", "building_type": "residential"}}, {"type": "Feature", "geometry": {"type": "Polygon", "coordinates": [[[-70.55219075930316, -33.39035337434207, 571.6691449631057], [-70.55200145440526, -33.39035337434207, 571.6691449631057], [-70.55200145440526, -33.39016406944417, 571.6691449631057], [-70.55219075930316, -33.39016406944417, 571.6691449631057], [-70.55219075930316, -33.39035337434207, 571.6691449631057]]]}, "properties": {"building": "yes", "height": 5.272655275854059, "elevation": 571.6691449631057, "category": "low-rise", "building_type": "residential"}}, {"type": "Feature", "geometry": {"type": "Polygon", "coordinates": [[[-70.56041246760046, -33.40880453119577, 571.9437244332912], [-70.56006102694758, -33.40880453119577, 571.9437244332912], [-70.56006102694758, -33.40845309054288, 571.9437244332912], [-70.56041246760046, -33.40845309054288, 571.9437244332912], [-70.56041246760046, -33.40880453119577, 571.9437244332912]]]}, "properties": {"building": "yes", "height": 12.022611690369988, "elevation": 571.9437244332912, "category": "low-rise", "building_type": "residential"}}, {"type": "Feature", "geometry": {"type": "Polygon", "coordinates": [[[-70.53456918917396, -33.404617304835455, 550.735468444876], [-70.53428509041424, -33.404617304835455, 550.735468444876], [-70.53428509041424, -33.40433320607572, 550.735468444876], [-70.53456918917396, -33.40433320607572, 550.735468444876], [-70.53456918917396, -33.404617304835455, 550.735468444876]]]}, "properties": {"building": "yes", "height": 12.875989563360623, "elevation": 550.735468444876, "category": "low-rise", "building_type": "residential"}}, {"type": "Feature", "geometry": {"type": "Polygon", "coordinates": [[[-70.55464506239981, -33.38977884456867, 563.6939686090346], [-70.55446715084234, -33.38977884456867, 563.6939686090346], [-70.55446715084234, -33.389600933011195, 563.6939686090346], [-70.55464506239981, -33.389600933011195, 563.6939686090346], [-70.55464506239981, -33.38977884456867, 563.6939686090346]]]}, "properties": {"building": "yes", "height": 10.934557309320525, "elevation": 563.6939686090346, "category": "low-rise", "building_type": "residential"}}, {"type": "Feature", "geometry": {"type": "Polygon", "coordinates": [[[-70.57737758424071, -33.40687205599751, 566.2553766436358], [-70.57700420050983, -33.40687205599751, 566.2553766436358], [-70.57700420050983, -33.40649867226665, 566.2553766436358], [-70.57737758424071, -33.40649867226665, 566.2553766436358], [-70.57737758424071, -33.40687205599751, 566.2553766436358]]]}, "properties": {"building": "yes", "height": 11.903329723025987, "elevation": 566.2553766436358, "category": "low-rise", "building_type": "residential"}}, {"type": "Feature", "geometry": {"type": "Polygon", "coordinates": [[[-70.57673169119136, -33.396118271587795, 574.3914574982189], [-70.57642566816907, -33.396118271587795, 574.3914574982189], [-70.57642566816907, -33.395812248565505, 574.3914574982189], [-70.57673169119136, -33.395812248565505, 574.3914574982189], [-70.57673169119136, -33.396118271587795, 574.3914574982189]]]}, "properties": {"building": "yes", "height": 8.000352721927426, "elevation": 574.3914574982189, "category": "low-rise", "building_type": "residential"}}, {"type": "Feature", "geometry": {"type": "Polygon", "coordinates": [[[-70.58520621113006, -33.41288124392091, 584.8946525933569], [-70.58488906127492, -33.41288124392091, 584.8946525933569], [-70.58488906127492, -33.412564094065786, 584.8946525933569], [-70.58520621113006, -33.412564094065786, 584.8946525933569], [-70.58520621113006, -33.41288124392091, 584.8946525933569]]]}, "properties": {"building": "yes", "height": 6.333406243087852, "elevation": 584.8946525933569, "category": "low-rise", "building_type": "residential"}}, {"type": "Feature", "geometry": {"type": "Polygon", "coordinates": [[[-70.55805434332456, -33.39733159410215, 618.8396304261397], [-70.55769142121355, -33.39733159410215, 618.8396304261397], [-70.55769142121355, -33.396968671991125, 618.8396304261397], [-70.55805434332456, -33.396968671991125, 618.8396304261397], [-70.55805434332456, -33.39733159410215, 618.8396304261397]]]}, "properties": {"building": "yes", "height": 6.2827809763825195, "elevation": 618.8396304261397, "category": "low-rise", "building_type": "residential"}}, {"type": "Feature", "geometry": {"type": "Polygon", "coordinates": [[[-70.57043537979148, -33.38867799444461, 601.352988713567], [-70.57011216315088, -33.38867799444461, 601.352988713567], [-70.57011216315088, -33.388354777804004, 601.352988713567], [-70.57043537979148, -33.388354777804004, 601.352988713567], [-70.57043537979148, -33.38867799444461, 601.352988713567]]]}, "properties": {"building": "yes", "height": 13.455531653867597, "elevation": 601.352988713567, "category": "low-rise", "building_type": "residential"}}, {"type": "Feature", "geometry": {"type": "Polygon", "coordinates": [[[-70.55442713043895, -33.39724860410952, 609.6753865320163], [-70.5541966572063, -33.39724860410952, 609.6753865320163], [-70.5541966572063, -33.39701813087689, 609.6753865320163], [-70.55442713043895, -33.39701813087689, 609.6753865320163], [-70.55442713043895, -33.39724860410952, 609.6753865320163]]]}, "properties": {"building": "yes", "height": 12.328087261074463, "elevation": 609.6753865320163, "category": "low-rise", "building_type": "residential"}}, {"type": "Feature", "geometry": {"type": "Polygon", "coordinates": [[[-70.56637053769425, -33.40883567426906, 548.9265260262355], [-70.5659882880288, -33.40883567426906, 548.9265260262355], [-70.5659882880288, -33.408453424603614, 548.9265260262355], [-70.56637053769425, -33.408453424603614, 548.9265260262355], [-70.56637053769425, -33.40883567426906, 548.9265260262355]]]}, "properties": {"building": "yes", "height": 5.0928726672921245, "elevation": 548.9265260262355, "category": "low-rise", "building_type": "residential"}}, {"type": "Feature", "geometry": {"type": "Polygon", "coordinates": [[[-70.53936959930803, -33.39584224674133, 532.8060285284612], [-70.539025890131, -33.39584224674133, 532.8060285284612], [-70.539025890131, -33.395498537564315, 532.8060285284612], [-70.53936959930803, -33.395498537564315, 532.8060285284612], [-70.53936959930803, -33.39584224674133, 532.8060285284612]]]}, "properties": {"building": "yes", "height": 11.77587225867008, "elevation": 532.8060285284612, "category": "low-rise", "building_type": "residential"}}, {"type": "Feature", "geometry": {"type": "Polygon", "coordinates": [[[-70.55821596813627, -33.40630904894642, 532.4601510578791], [-70.55787095486014, -33.40630904894642, 532.4601510578791], [-70.55787095486014, -33.4059640356703, 532.4601510578791], [-70.55821596813627, -33.4059640356703, 532.4601510578791], [-70.55821596813627, -33.40630904894642, 532.4601510578791]]]}, "properties": {"building": "yes", "height": 13.544928525946094, "elevation": 532.4601510578791, "category": "low-rise", "building_type": "residential"}}, {"type": "Feature", "geometry": {"type": "Polygon", "coordinates": [[[-70.52580148775515, -33.39788427856386, 606.592472589995], [-70.52550973204394, -33.39788427856386, 606.592472589995], [-70.52550973204394, -33.397592522852655, 606.592472589995], [-70.52580148775515, -33.397592522852655, 606.592472589995], [-70.52580148775515, -33.39788427856386, 606.592472589995]]]}, "properties": {"building": "yes", "height": 9.578987215250374, "elevation": 606.592472589995, "category": "low-rise", "building_type": "residential"}}, {"type": "Feature", "geometry": {"type": "Polygon", "coordinates": [[[-70.53219434142231, -33.40741192099773, 573.0455831585344], [-70.53186302119052, -33.40741192099773, 573.0455831585344], [-70.53186302119052, -33.40708060076594, 573.0455831585344], [-70.53219434142231, -33.40708060076594, 573.0455831585344], [-70.53219434142231, -33.40741192099773, 573.0455831585344]]]}, "properties": {"building": "yes", "height": 14.637623723632817, "elevation": 573.0455831585344, "category": "low-rise", "building_type": "residential"}}, {"type": "Feature", "geometry": {"type": "Polygon", "coordinates": [[[-70.54495641172848, -33.41499797188325, 570.2846638138201], [-70.54462670276827, -33.41499797188325, 570.2846638138201], [-70.54462670276827, -33.414668262923044, 570.2846638138201], [-70.54495641172848, -33.414668262923044, 570.2846638138201], [-70.54495641172848, -33.41499797188325, 570.2846638138201]]]}, "properties": {"building": "yes", "height": 13.961651443790345, "elevation": 570.2846638138201, "category": "low-rise", "building_type": "residential"}}, {"type": "Feature", "geometry": {"type": "Polygon", "coordinates": [[[-70.53631349400992, -33.39413552961682, 569.303260052177], [-70.53591565067408, -33.39413552961682, 569.303260052177], [-70.53591565067408, -33.393737686280986, 569.303260052177], [-70.53631349400992, -33.393737686280986, 569.303260052177], [-70.53631349400992, -33.39413552961682, 569.303260052177]]]}, "properties": {"building": "yes", "height": 8.1184239571515, "elevation": 569.303260052177, "category": "low-rise", "building_type": "residential"}}, {"type": "Feature", "geometry": {"type": "Polygon", "coordinates": [[[-70.52969268344165, -33.41418624704756, 570.5076057111319], [-70.5293542597287, -33.41418624704756, 570.5076057111319], [-70.5293542597287, -33.4138478233346, 570.5076057111319], [-70.52969268344165, -33.4138478233346, 570.5076057111319], [-70.52969268344165, -33.41418624704756, 570.5076057111319]]]}, "properties": {"building": "yes", "height": 14.383921760830273, "elevation": 570.5076057111319, "category": "low-rise", "building_type": "residential"}}, {"type": "Feature", "geometry": {"type": "Polygon", "coordinates": [[[-70.55768744220327, -33.39025065498962, 548.0614135417088], [-70.55736435232774, -33.39025065498962, 548.0614135417088], [-70.55736435232774, -33.389927565114085, 548.0614135417088], [-70.55768744220327, -33.389927565114085, 548.0614135417088], [-70.55768744220327, -33.39025065498962, 548.0614135417088]]]}, "properties": {"building": "yes", "height": 10.092452205378468, "elevation": 548.0614135417088, "category": "low-rise", "building_type": "residential"}}, {"type": "Feature", "geometry": {"type": "Polygon", "coordinates": [[[-70.53915935185972, -33.41171142792369, 560.6221810996823], [-70.53893592576424, -33.41171142792369, 560.6221810996823], [-70.53893592576424, -33.411488001828204, 560.6221810996823], [-70.53915935185972, -33.411488001828204, 560.6221810996823], [-70.53915935185972, -33.41171142792369, 560.6221810996823]]]}, "properties": {"building": "yes", "height": 9.9541568545759, "elevation": 560.6221810996823, "category": "low-rise", "building_type": "residential"}}, {"type": "Feature", "geometry": {"type": "Polygon", "coordinates": [[[-70.56399897384036, -33.400269993333914, 587.0827356313692], [-70.56365934626935, -33.400269993333914, 587.0827356313692], [-70.56365934626935, -33.39993036576289, 587.0827356313692], [-70.56399897384036, -33.39993036576289, 587.0827356313692], [-70.56399897384036, -33.400269993333914, 587.0827356313692]]]}, "properties": {"building": "yes", "height": 14.761105550127242, "elevation": 587.0827356313692, "category": "low-rise", "building_type": "residential"}}, {"type": "Feature", "geometry": {"type": "Polygon", "coordinates": [[[-70.58140930280429, -33.40160489148912, 576.0462710199624], [-70.58101021011954, -33.40160489148912, 576.0462710199624], [-70.58101021011954, -33.40120579880438, 576.0462710199624], [-70.58140930280429, -33.40120579880438, 576.0462710199624], [-70.58140930280429, -33.40160489148912, 576.0462710199624]]]}, "properties": {"building": "yes", "height": 8.708097022290538, "elevation": 576.0462710199624, "category": "low-rise", "building_type": "residential"}}, {"type": "Feature", "geometry": {"type": "Polygon", "coordinates": [[[-70.55401142416288, -33.383094016658085, 524.2085747061891], [-70.55375455739623, -33.383094016658085, 524.2085747061891], [-70.55375455739623, -33.38283714989142, 524.2085747061891], [-70.55401142416288, -33.38283714989142, 524.2085747061891], [-70.55401142416288, -33.383094016658085, 524.2085747061891]]]}, "properties": {"building": "yes", "height": 6.170382052873, "elevation": 524.2085747061891, "category": "low-rise", "building_type": "residential"}}, {"type": "Feature", "geometry": {"type": "Polygon", "coordinates": [[[-70.55042062594538, -33.400410188903045, 543.3623060496755], [-70.55005308045534, -33.400410188903045, 543.3623060496755], [-70.55005308045534, -33.400042643412995, 543.3623060496755], [-70.55042062594538, -33.400042643412995, 543.3623060496755], [-70.55042062594538, -33.400410188903045, 543.3623060496755]]]}, "properties": {"building": "yes", "height": 8.987866422609915, "elevation": 543.3623060496755, "category": "low-rise", "building_type": "residential"}}, {"type": "Feature", "geometry": {"type": "Polygon", "coordinates": [[[-70.5747631633503, -33.41042877943084, 570.7369589833362], [-70.57455800929156, -33.41042877943084, 570.7369589833362], [-70.57455800929156, -33.410223625372105, 570.7369589833362], [-70.5747631633503, -33.410223625372105, 570.7369589833362], [-70.5747631633503, -33.41042877943084, 570.7369589833362]]]}, "properties": {"building": "yes", "height": 9.46245571807709, "elevation": 570.7369589833362, "category": "low-rise", "building_type": "residential"}}, {"type": "Feature", "geometry": {"type": "Polygon", "coordinates": [[[-70.5738843565074, -33.40036095198807, 592.2276492828727], [-70.57359344585542, -33.40036095198807, 592.2276492828727], [-70.57359344585542, -33.400070041336086, 592.2276492828727], [-70.5738843565074, -33.400070041336086, 592.2276492828727], [-70.5738843565074, -33.40036095198807, 592.2276492828727]]]}, "properties": {"building": "yes", "height": 11.701882842949455, "elevation": 592.2276492828727, "category": "low-rise", "building_type": "residential"}}, {"type": "Feature", "geometry": {"type": "Polygon", "coordinates": [[[-70.54922103456659, -33.37884284430573, 584.9229043089441], [-70.5489217803634, -33.37884284430573, 584.9229043089441], [-70.5489217803634, -33.378543590102545, 584.9229043089441], [-70.54922103456659, -33.378543590102545, 584.9229043089441], [-70.54922103456659, -33.37884284430573, 584.9229043089441]]]}, "properties": {"building": "yes", "height": 5.995909100922433, "elevation": 584.9229043089441, "category": "low-rise", "building_type": "residential"}}, {"type": "Feature", "geometry": {"type": "Polygon", "coordinates": [[[-70.57587842097213, -33.38316406031547, 587.108057857941], [-70.57563062912793, -33.38316406031547, 587.108057857941], [-70.57563062912793, -33.38291626847127, 587.108057857941], [-70.57587842097213, -33.38291626847127, 587.108057857941], [-70.57587842097213, -33.38316406031547, 587.108057857941]]]}, "properties": {"building": "yes", "height": 10.996672359170837, "elevation": 587.108057857941, "category": "low-rise", "building_type": "residential"}}, {"type": "Feature", "geometry": {"type": "Polygon", "coordinates": [[[-70.53569329661103, -33.39102519661601, 559.6320965282513], [-70.53532191042449, -33.39102519661601, 559.6320965282513], [-70.53532191042449, -33.390653810429455, 559.6320965282513], [-70.53569329661103, -33.390653810429455, 559.6320965282513], [-70.53569329661103, -33.39102519661601, 559.6320965282513]]]}, "properties": {"building": "yes", "height": 8.2747180010829, "elevation": 559.6320965282513, "category": "low-rise", "building_type": "residential"}}, {"type": "Feature", "geometry": {"type": "Polygon", "coordinates": [[[-70.53955317180149, -33.383328598929374, 594.3824526018415], [-70.53930275786826, -33.383328598929374, 594.3824526018415], [-70.53930275786826, -33.38307818499613, 594.3824526018415], [-70.53955317180149, -33.38307818499613, 594.3824526018415], [-70.53955317180149, -33.383328598929374, 594.3824526018415]]]}, "properties": {"building": "yes", "height": 8.092247444820533, "elevation": 594.3824526018415, "category": "low-rise", "building_type": "residential"}}, {"type": "Feature", "geometry": {"type": "Polygon", "coordinates": [[[-70.58293664626878, -33.38390959797536, 584.6261910752185], [-70.58277492320813, -33.38390959797536, 584.6261910752185], [-70.58277492320813, -33.38374787491472, 584.6261910752185], [-70.58293664626878, -33.38374787491472, 584.6261910752185], [-70.58293664626878, -33.38390959797536, 584.6261910752185]]]}, "properties": {"building": "yes", "height": 10.999249484611115, "elevation": 584.6261910752185, "category": "low-rise", "building_type": "residential"}}, {"type": "Feature", "geometry": {"type": "Polygon", "coordinates": [[[-70.57455547034641, -33.41460762467295, 590.657544721792], [-70.57427085261997, -33.41460762467295, 590.657544721792], [-70.57427085261997, -33.41432300694652, 590.657544721792], [-70.57455547034641, -33.41432300694652, 590.657544721792], [-70.57455547034641, -33.41460762467295, 590.657544721792]]]}, "properties": {"building": "yes", "height": 11.23870527155232, "elevation": 590.657544721792, "category": "low-rise", "building_type": "residential"}}, {"type": "Feature", "geometry": {"type": "Polygon", "coordinates": [[[-70.52599639852849, -33.40369302256775, 586.4907822298873], [-70.52564641711984, -33.40369302256775, 586.4907822298873], [-70.52564641711984, -33.403343041159104, 586.4907822298873], [-70.52599639852849, -33.403343041159104, 586.4907822298873], [-70.52599639852849, -33.40369302256775, 586.4907822298873]]]}, "properties": {"building": "yes", "height": 7.751375945679804, "elevation": 586.4907822298873, "category": "low-rise", "building_type": "residential"}}, {"type": "Feature", "geometry": {"type": "Polygon", "coordinates": [[[-70.55834584995426, -33.4067769469971, 606.7650517756744], [-70.55806340235137, -33.4067769469971, 606.7650517756744], [-70.55806340235137, -33.4064944993942, 606.7650517756744], [-70.55834584995426, -33.4064944993942, 606.7650517756744], [-70.55834584995426, -33.4067769469971, 606.7650517756744]]]}, "properties": {"building": "yes", "height": 6.555006920420424, "elevation": 606.7650517756744, "category": "low-rise", "building_type": "residential"}}, {"type": "Feature", "geometry": {"type": "Polygon", "coordinates": [[[-70.53031463836471, -33.400192093305705, 569.7118178594327], [-70.52996566024477, -33.400192093305705, 569.7118178594327], [-70.52996566024477, -33.399843115185774, 569.7118178594327], [-70.53031463836471, -33.399843115185774, 569.7118178594327], [-70.53031463836471, -33.400192093305705, 569.7118178594327]]]}, "properties": {"building": "yes", "height": 7.240690620437496, "elevation": 569.7118178594327, "category": "low-rise", "building_type": "residential"}}, {"type": "Feature", "geometry": {"type": "Polygon", "coordinates": [[[-70.5614023541108, -33.3995518739308, 536.4163741605618], [-70.5610476664654, -33.3995518739308, 536.4163741605618], [-70.5610476664654, -33.39919718628541, 536.4163741605618], [-70.5614023541108, -33.39919718628541, 536.4163741605618], [-70.5614023541108, -33.3995518739308, 536.4163741605618]]]}, "properties": {"building": "yes", "height": 14.236325313253362, "elevation": 536.4163741605618, "category": "low-rise", "building_type": "residential"}}, {"type": "Feature", "geometry": {"type": "Polygon", "coordinates": [[[-70.53968734227932, -33.40385108150893, 507.4242749192871], [-70.53932600445437, -33.40385108150893, 507.4242749192871], [-70.53932600445437, -33.40348974368398, 507.4242749192871], [-70.53968734227932, -33.40348974368398, 507.4242749192871], [-70.53968734227932, -33.40385108150893, 507.4242749192871]]]}, "properties": {"building": "yes", "height": 7.328556398811459, "elevation": 507.4242749192871, "category": "low-rise", "building_type": "residential"}}, {"type": "Feature", "geometry": {"type": "Polygon", "coordinates": [[[-70.53774961521819, -33.374983158692004, 572.4202494854812], [-70.53747616138068, -33.374983158692004, 572.4202494854812], [-70.53747616138068, -33.37470970485451, 572.4202494854812], [-70.53774961521819, -33.37470970485451, 572.4202494854812], [-70.53774961521819, -33.374983158692004, 572.4202494854812]]]}, "properties": {"building": "yes", "height": 10.01431269333058, "elevation": 572.4202494854812, "category": "low-rise", "building_type": "residential"}}, {"type": "Feature", "geometry": {"type": "Polygon", "coordinates": [[[-70.57979102240363, -33.37474378054478, 536.505517863901], [-70.57955090240883, -33.37474378054478, 536.505517863901], [-70.57955090240883, -33.37450366054997, 536.505517863901], [-70.57979102240363, -33.37450366054997, 536.505517863901], [-70.57979102240363, -33.37474378054478, 536.505517863901]]]}, "properties": {"building": "yes", "height": 13.780491682634501, "elevation": 536.505517863901, "category": "low-rise", "building_type": "residential"}}, {"type": "Feature", "geometry": {"type": "Polygon", "coordinates": [[[-70.55003131138925, -33.38216058093429, 543.5535551369901], [-70.54985928277394, -33.38216058093429, 543.5535551369901], [-70.54985928277394, -33.38198855231898, 543.5535551369901], [-70.55003131138925, -33.38198855231898, 543.5535551369901], [-70.55003131138925, -33.38216058093429, 543.5535551369901]]]}, "properties": {"building": "yes", "height": 13.752870297747158, "elevation": 543.5535551369901, "category": "low-rise", "building_type": "residential"}}, {"type": "Feature", "geometry": {"type": "Polygon", "coordinates": [[[-70.53308714226722, -33.40978471142222, 547.4214440228577], [-70.53292286780979, -33.40978471142222, 547.4214440228577], [-70.53292286780979, -33.40962043696479, 547.4214440228577], [-70.53308714226722, -33.40962043696479, 547.4214440228577], [-70.53308714226722, -33.40978471142222, 547.4214440228577]]]}, "properties": {"building": "yes", "height": 13.872704739389647, "elevation": 547.4214440228577, "category": "low-rise", "building_type": "residential"}}, {"type": "Feature", "geometry": {"type": "Polygon", "coordinates": [[[-70.54856795183962, -33.40749000273688, 605.1539058148887], [-70.54819757705611, -33.40749000273688, 605.1539058148887], [-70.54819757705611, -33.407119627953364, 605.1539058148887], [-70.54856795183962, -33.407119627953364, 605.1539058148887], [-70.54856795183962, -33.40749000273688, 605.1539058148887]]]}, "properties": {"building": "yes", "height": 14.140621416816854, "elevation": 605.1539058148887, "category": "low-rise", "building_type": "residential"}}, {"type": "Feature", "geometry": {"type": "Polygon", "coordinates": [[[-70.53235187684159, -33.40932033401461, 585.9203281497715], [-70.53213418425581, -33.40932033401461, 585.9203281497715], [-70.53213418425581, -33.40910264142883, 585.9203281497715], [-70.53235187684159, -33.40910264142883, 585.9203281497715], [-70.53235187684159, -33.40932033401461, 585.9203281497715]]]}, "properties": {"building": "yes", "height": 5.929321695163471, "elevation": 585.9203281497715, "category": "low-rise", "building_type": "residential"}}, {"type": "Feature", "geometry": {"type": "Polygon", "coordinates": [[[-70.58206793178749, -33.41089417163641, 561.3217811783503], [-70.58167021595611, -33.41089417163641, 561.3217811783503], [-70.58167021595611, -33.410496455805024, 561.3217811783503], [-70.58206793178749, -33.410496455805024, 561.3217811783503], [-70.58206793178749, -33.41089417163641, 561.3217811783503]]]}, "properties": {"building": "yes", "height": 11.862836619559673, "elevation": 561.3217811783503, "category": "low-rise", "building_type": "residential"}}, {"type": "Feature", "geometry": {"type": "Polygon", "coordinates": [[[-70.52466898072889, -33.39409789079908, 568.0655375343601], [-70.52450647828407, -33.39409789079908, 568.0655375343601], [-70.52450647828407, -33.393935388354244, 568.0655375343601], [-70.52466898072889, -33.393935388354244, 568.0655375343601], [-70.52466898072889, -33.39409789079908, 568.0655375343601]]]}, "properties": {"building": "yes", "height": 5.406981700566287, "elevation": 568.0655375343601, "category": "low-rise", "building_type": "residential"}}, {"type": "Feature", "geometry": {"type": "Polygon", "coordinates": [[[-70.57421450804533, -33.3947332888764, 579.5053865506983], [-70.5739794039876, -33.3947332888764, 579.5053865506983], [-70.5739794039876, -33.39449818481868, 579.5053865506983], [-70.57421450804533, -33.39449818481868, 579.5053865506983], [-70.57421450804533, -33.3947332888764, 579.5053865506983]]]}, "properties": {"building": "yes", "height": 8.25641522361604, "elevation": 579.5053865506983, "category": "low-rise", "building_type": "residential"}}, {"type": "Feature", "geometry": {"type": "Polygon", "coordinates": [[[-70.55036841450372, -33.4025133736905, 549.8687775695951], [-70.550025746593, -33.4025133736905, 549.8687775695951], [-70.550025746593, -33.40217070577976, 549.8687775695951], [-70.55036841450372, -33.40217070577976, 549.8687775695951], [-70.55036841450372, -33.4025133736905, 549.8687775695951]]]}, "properties": {"building": "yes", "height": 13.990246008538753, "elevation": 549.8687775695951, "category": "low-rise", "building_type": "residential"}}, {"type": "Feature", "geometry": {"type": "Polygon", "coordinates": [[[-70.53457563334331, -33.38949530606437, 519.7867785329254], [-70.53422498788123, -33.38949530606437, 519.7867785329254], [-70.53422498788123, -33.38914466060228, 519.7867785329254], [-70.53457563334331, -33.38914466060228, 519.7867785329254], [-70.53457563334331, -33.38949530606437, 519.7867785329254]]]}, "properties": {"building": "yes", "height": 11.033456137827892, "elevation": 519.7867785329254, "category": "low-rise", "building_type": "residential"}}, {"type": "Feature", "geometry": {"type": "Polygon", "coordinates": [[[-70.5443598457313, -33.3879740622006, 553.0395388984889], [-70.54408656140555, -33.3879740622006, 553.0395388984889], [-70.54408656140555, -33.387700777874855, 553.0395388984889], [-70.5443598457313, -33.387700777874855, 553.0395388984889], [-70.5443598457313, -33.3879740622006, 553.0395388984889]]]}, "properties": {"building": "yes", "height": 13.996990447646324, "elevation": 553.0395388984889, "category": "low-rise", "building_type": "residential"}}, {"type": "Feature", "geometry": {"type": "Polygon", "coordinates": [[[-70.52171056135083, -33.39672645505664, 600.0722068655685], [-70.52138467037136, -33.39672645505664, 600.0722068655685], [-70.52138467037136, -33.39640056407717, 600.0722068655685], [-70.52171056135083, -33.39640056407717, 600.0722068655685], [-70.52171056135083, -33.39672645505664, 600.0722068655685]]]}, "properties": {"building": "yes", "height": 13.664555886152366, "elevation": 600.0722068655685, "category": "low-rise", "building_type": "residential"}}, {"type": "Feature", "geometry": {"type": "Polygon", "coordinates": [[[-70.52494367422265, -33.37885184793855, 591.172481815196], [-70.52457673705119, -33.37885184793855, 591.172481815196], [-70.52457673705119, -33.37848491076707, 591.172481815196], [-70.52494367422265, -33.37848491076707, 591.172481815196], [-70.52494367422265, -33.37885184793855, 591.172481815196]]]}, "properties": {"building": "yes", "height": 9.000472821561495, "elevation": 591.172481815196, "category": "low-rise", "building_type": "residential"}}, {"type": "Feature", "geometry": {"type": "Polygon", "coordinates": [[[-70.54286152598353, -33.38373157410657, 574.5986388982462], [-70.54261344239579, -33.38373157410657, 574.5986388982462], [-70.54261344239579, -33.383483490518834, 574.5986388982462], [-70.54286152598353, -33.383483490518834, 574.5986388982462], [-70.54286152598353, -33.38373157410657, 574.5986388982462]]]}, "properties": {"building": "yes", "height": 8.12592450102601, "elevation": 574.5986388982462, "category": "low-rise", "building_type": "residential"}}, {"type": "Feature", "geometry": {"type": "Polygon", "coordinates": [[[-70.58456783218485, -33.38142247638896, 550.128137390621], [-70.58435186010449, -33.38142247638896, 550.128137390621], [-70.58435186010449, -33.38120650430862, 550.128137390621], [-70.58456783218485, -33.38120650430862, 550.128137390621], [-70.58456783218485, -33.38142247638896, 550.128137390621]]]}, "properties": {"building": "yes", "height": 9.34598264680549, "elevation": 550.128137390621, "category": "low-rise", "building_type": "residential"}}, {"type": "Feature", "geometry": {"type": "Polygon", "coordinates": [[[-70.55653800305565, -33.41444175667731, 601.7035259094846], [-70.55631211764769, -33.41444175667731, 601.7035259094846], [-70.55631211764769, -33.414215871269356, 601.7035259094846], [-70.55653800305565, -33.414215871269356, 601.7035259094846], [-70.55653800305565, -33.41444175667731, 601.7035259094846]]]}, "properties": {"building": "yes", "height": 6.8816827607661715, "elevation": 601.7035259094846, "category": "low-rise", "building_type": "residential"}}, {"type": "Feature", "geometry": {"type": "Polygon", "coordinates": [[[-70.5789224752435, -33.37428397234475, 593.423384087309], [-70.57855817802869, -33.37428397234475, 593.423384087309], [-70.57855817802869, -33.37391967512992, 593.423384087309], [-70.5789224752435, -33.37391967512992, 593.423384087309], [-70.5789224752435, -33.37428397234475, 593.423384087309]]]}, "properties": {"building": "yes", "height": 9.192405152386906, "elevation": 593.423384087309, "category": "low-rise", "building_type": "residential"}}, {"type": "Feature", "geometry": {"type": "Polygon", "coordinates": [[[-70.53414946569085, -33.40133447578139, 566.3196441513442], [-70.53393960085246, -33.40133447578139, 566.3196441513442], [-70.53393960085246, -33.40112461094302, 566.3196441513442], [-70.53414946569085, -33.40112461094302, 566.3196441513442], [-70.53414946569085, -33.40133447578139, 566.3196441513442]]]}, "properties": {"building": "yes", "height": 5.754653240894588, "elevation": 566.3196441513442, "category": "low-rise", "building_type": "residential"}}, {"type": "Feature", "geometry": {"type": "Polygon", "coordinates": [[[-70.5791271564173, -33.41001995074736, 578.0003934129976], [-70.57873691510618, -33.41001995074736, 578.0003934129976], [-70.57873691510618, -33.40962970943624, 578.0003934129976], [-70.5791271564173, -33.40962970943624, 578.0003934129976], [-70.5791271564173, -33.41001995074736, 578.0003934129976]]]}, "properties": {"building": "yes", "height": 12.579936625716675, "elevation": 578.0003934129976, "category": "low-rise", "building_type": "residential"}}, {"type": "Feature", "geometry": {"type": "Polygon", "coordinates": [[[-70.56909810590815, -33.37634951908618, 530.4461394341566], [-70.56887490294878, -33.37634951908618, 530.4461394341566], [-70.56887490294878, -33.37612631612682, 530.4461394341566], [-70.56909810590815, -33.37612631612682, 530.4461394341566], [-70.56909810590815, -33.37634951908618, 530.4461394341566]]]}, "properties": {"building": "yes", "height": 14.724593337959602, "elevation": 530.4461394341566, "category": "low-rise", "building_type": "residential"}}, {"type": "Feature", "geometry": {"type": "Polygon", "coordinates": [[[-70.56866245063547, -33.40302427580559, 569.8794140688815], [-70.56827895775079, -33.40302427580559, 569.8794140688815], [-70.56827895775079, -33.402640782920926, 569.8794140688815], [-70.56866245063547, -33.402640782920926, 569.8794140688815], [-70.56866245063547, -33.40302427580559, 569.8794140688815]]]}, "properties": {"building": "yes", "height": 8.466235626128865, "elevation": 569.8794140688815, "category": "low-rise", "building_type": "residential"}}, {"type": "Feature", "geometry": {"type": "Polygon", "coordinates": [[[-70.56550443419994, -33.40795237509061, 550.8010683883251], [-70.56513095180009, -33.40795237509061, 550.8010683883251], [-70.56513095180009, -33.40757889269076, 550.8010683883251], [-70.56550443419994, -33.40757889269076, 550.8010683883251], [-70.56550443419994, -33.40795237509061, 550.8010683883251]]]}, "properties": {"building": "yes", "height": 9.304299292459127, "elevation": 550.8010683883251, "category": "low-rise", "building_type": "residential"}}, {"type": "Feature", "geometry": {"type": "Polygon", "coordinates": [[[-70.52459185659164, -33.375047012807485, 561.3566782349748], [-70.52432706353365, -33.375047012807485, 561.3566782349748], [-70.52432706353365, -33.37478221974948, 561.3566782349748], [-70.52459185659164, -33.37478221974948, 561.3566782349748], [-70.52459185659164, -33.375047012807485, 561.3566782349748]]]}, "properties": {"building": "yes", "height": 12.203463760391578, "elevation": 561.3566782349748, "category": "low-rise", "building_type": "residential"}}, {"type": "Feature", "geometry": {"type": "Polygon", "coordinates": [[[-70.5310134064369, -33.402993664799084, 602.071217246332], [-70.53062624485409, -33.402993664799084, 602.071217246332], [-70.53062624485409, -33.40260650321629, 602.071217246332], [-70.5310134064369, -33.40260650321629, 602.071217246332], [-70.5310134064369, -33.402993664799084, 602.071217246332]]]}, "properties": {"building": "yes", "height": 13.303631056248685, "elevation": 602.071217246332, "category": "low-rise", "building_type": "residential"}}, {"type": "Feature", "geometry": {"type": "Polygon", "coordinates": [[[-70.58454955814126, -33.37562264418197, 583.8523669741344], [-70.58421302300026, -33.37562264418197, 583.8523669741344], [-70.58421302300026, -33.37528610904096, 583.8523669741344], [-70.58454955814126, -33.37528610904096, 583.8523669741344], [-70.58454955814126, -33.37562264418197, 583.8523669741344]]]}, "properties": {"building": "yes", "height": 7.617084174635195, "elevation": 583.8523669741344, "category": "low-rise", "building_type": "residential"}}, {"type": "Feature", "geometry": {"type": "Polygon", "coordinates": [[[-70.53466877540217, -33.409368087069275, 548.3389150908438], [-70.53440799872158, -33.409368087069275, 548.3389150908438], [-70.53440799872158, -33.40910731038867, 548.3389150908438], [-70.53466877540217, -33.40910731038867, 548.3389150908438], [-70.53466877540217, -33.409368087069275, 548.3389150908438]]]}, "properties": {"building": "yes", "height": 10.116939213832987, "elevation": 548.3389150908438, "category": "low-rise", "building_type": "residential"}}, {"type": "Feature", "geometry": {"type": "Polygon", "coordinates": [[[-70.58072168185652, -33.38995863735901, 582.8379258307854], [-70.5805350288251, -33.38995863735901, 582.8379258307854], [-70.5805350288251, -33.3897719843276, 582.8379258307854], [-70.58072168185652, -33.3897719843276, 582.8379258307854], [-70.58072168185652, -33.38995863735901, 582.8379258307854]]]}, "properties": {"building": "yes", "height": 7.29929789741714, "elevation": 582.8379258307854, "category": "low-rise", "building_type": "residential"}}, {"type": "Feature", "geometry": {"type": "Polygon", "coordinates": [[[-70.56212803930283, -33.39609307929465, 586.7418545830844], [-70.56176339504476, -33.39609307929465, 586.7418545830844], [-70.56176339504476, -33.39572843503658, 586.7418545830844], [-70.56212803930283, -33.39572843503658, 586.7418545830844], [-70.56212803930283, -33.39609307929465, 586.7418545830844]]]}, "properties": {"building": "yes", "height": 13.71868709359955, "elevation": 586.7418545830844, "category": "low-rise", "building_type": "residential"}}, {"type": "Feature", "geometry": {"type": "Polygon", "coordinates": [[[-70.58580055503808, -33.40403539683032, 574.8417796415845], [-70.5854949403508, -33.40403539683032, 574.8417796415845], [-70.5854949403508, -33.403729782143024, 574.8417796415845], [-70.58580055503808, -33.403729782143024, 574.8417796415845], [-70.58580055503808, -33.40403539683032, 574.8417796415845]]]}, "properties": {"building": "yes", "height": 9.370740455565873, "elevation": 574.8417796415845, "category": "low-rise", "building_type": "residential"}}, {"type": "Feature", "geometry": {"type": "Polygon", "coordinates": [[[-70.54090163629205, -33.378255914809685, 559.7290780033134], [-70.5405034381845, -33.378255914809685, 559.7290780033134], [-70.5405034381845, -33.37785771670214, 559.7290780033134], [-70.54090163629205, -33.37785771670214, 559.7290780033134], [-70.54090163629205, -33.378255914809685, 559.7290780033134]]]}, "properties": {"building": "yes", "height": 13.022739625403343, "elevation": 559.7290780033134, "category": "low-rise", "building_type": "residential"}}, {"type": "Feature", "geometry": {"type": "Polygon", "coordinates": [[[-70.54602215385506, -33.390729484783186, 571.8328508455389], [-70.54570544020854, -33.390729484783186, 571.8328508455389], [-70.54570544020854, -33.390412771136674, 571.8328508455389], [-70.54602215385506, -33.390412771136674, 571.8328508455389], [-70.54602215385506, -33.390729484783186, 571.8328508455389]]]}, "properties": {"building": "yes", "height": 13.068701818263586, "elevation": 571.8328508455389, "category": "low-rise", "building_type": "residential"}}, {"type": "Feature", "geometry": {"type": "Polygon", "coordinates": [[[-70.53370549309972, -33.40873378903465, 565.295785009145], [-70.53331319879487, -33.40873378903465, 565.295785009145], [-70.53331319879487, -33.408341494729804, 565.295785009145], [-70.53370549309972, -33.408341494729804, 565.295785009145], [-70.53370549309972, -33.40873378903465, 565.295785009145]]]}, "properties": {"building": "yes", "height": 8.91143172486734, "elevation": 565.295785009145, "category": "low-rise", "building_type": "residential"}}, {"type": "Feature", "geometry": {"type": "Polygon", "coordinates": [[[-70.56452098897364, -33.37542198224366, 570.2305199690421], [-70.56428477850838, -33.37542198224366, 570.2305199690421], [-70.56428477850838, -33.3751857717784, 570.2305199690421], [-70.56452098897364, -33.3751857717784, 570.2305199690421], [-70.56452098897364, -33.37542198224366, 570.2305199690421]]]}, "properties": {"building": "yes", "height": 12.621890049484884, "elevation": 570.2305199690421, "category": "low-rise", "building_type": "residential"}}, {"type": "Feature", "geometry": {"type": "Polygon", "coordinates": [[[-70.58021238200826, -33.39864707608219, 602.5804765560102], [-70.57990049418845, -33.39864707608219, 602.5804765560102], [-70.57990049418845, -33.3983351882624, 602.5804765560102], [-70.58021238200826, -33.3983351882624, 602.5804765560102], [-70.58021238200826, -33.39864707608219, 602.5804765560102]]]}, "properties": {"building": "yes", "height": 8.0431638237176, "elevation": 602.5804765560102, "category": "low-rise", "building_type": "residential"}}, {"type": "Feature", "geometry": {"type": "Polygon", "coordinates": [[[-70.5439682445731, -33.374168013118016, 591.4498659491358], [-70.54372911667751, -33.374168013118016, 591.4498659491358], [-70.54372911667751, -33.37392888522245, 591.4498659491358], [-70.5439682445731, -33.37392888522245, 591.4498659491358], [-70.5439682445731, -33.374168013118016, 591.4498659491358]]]}, "properties": {"building": "yes", "height": 14.700060851639934, "elevation": 591.4498659491358, "category": "low-rise", "building_type": "residential"}}, {"type": "Feature", "geometry": {"type": "Polygon", "coordinates": [[[-70.58369901641578, -33.400785431753, 572.1984920988259], [-70.58337822561828, -33.400785431753, 572.1984920988259], [-70.58337822561828, -33.40046464095551, 572.1984920988259], [-70.58369901641578, -33.40046464095551, 572.1984920988259], [-70.58369901641578, -33.400785431753, 572.1984920988259]]]}, "properties": {"building": "yes", "height": 5.059151359440315, "elevation": 572.1984920988259, "category": "low-rise", "building_type": "residential"}}, {"type": "Feature", "geometry": {"type": "Polygon", "coordinates": [[[-70.54087274420468, -33.38087203205935, 550.9842573568742], [-70.54066903623612, -33.38087203205935, 550.9842573568742], [-70.54066903623612, -33.38066832409081, 550.9842573568742], [-70.54087274420468, -33.38066832409081, 550.9842573568742], [-70.54087274420468, -33.38087203205935, 550.9842573568742]]]}, "properties": {"building": "yes", "height": 6.52688494761018, "elevation": 550.9842573568742, "category": "low-rise", "building_type": "residential"}}, {"type": "Feature", "geometry": {"type": "Polygon", "coordinates": [[[-70.55806035361503, -33.375206794784646, 570.2939458957806], [-70.55776768287164, -33.375206794784646, 570.2939458957806], [-70.55776768287164, -33.37491412404124, 570.2939458957806], [-70.55806035361503, -33.37491412404124, 570.2939458957806], [-70.55806035361503, -33.375206794784646, 570.2939458957806]]]}, "properties": {"building": "yes", "height": 7.978022081790151, "elevation": 570.2939458957806, "category": "low-rise", "building_type": "residential"}}, {"type": "Feature", "geometry": {"type": "Polygon", "coordinates": [[[-70.55789510768243, -33.38908415641148, 593.5537397184164], [-70.55766566483597, -33.38908415641148, 593.5537397184164], [-70.55766566483597, -33.38885471356502, 593.5537397184164], [-70.55789510768243, -33.38885471356502, 593.5537397184164], [-70.55789510768243, -33.38908415641148, 593.5537397184164]]]}, "properties": {"building": "yes", "height": 13.708020890220618, "elevation": 593.5537397184164, "category": "low-rise", "building_type": "residential"}}, {"type": "Feature", "geometry": {"type": "Polygon", "coordinates": [[[-70.57983018808405, -33.39826097081257, 563.9907579171644], [-70.5795828763686, -33.39826097081257, 563.9907579171644], [-70.5795828763686, -33.39801365909713, 563.9907579171644], [-70.57983018808405, -33.39801365909713, 563.9907579171644], [-70.57983018808405, -33.39826097081257, 563.9907579171644]]]}, "properties": {"building": "yes", "height": 10.545411271854459, "elevation": 563.9907579171644, "category": "low-rise", "building_type": "residential"}}, {"type": "Feature", "geometry": {"type": "Polygon", "coordinates": [[[-70.5466481585917, -33.4131765882316, 567.1106568932125], [-70.54635212232648, -33.4131765882316, 567.1106568932125], [-70.54635212232648, -33.412880551966374, 567.1106568932125], [-70.5466481585917, -33.412880551966374, 567.1106568932125], [-70.5466481585917, -33.4131765882316, 567.1106568932125]]]}, "properties": {"building": "yes", "height": 12.412822638235824, "elevation": 567.1106568932125, "category": "low-rise", "building_type": "residential"}}, {"type": "Feature", "geometry": {"type": "Polygon", "coordinates": [[[-70.553192029273, -33.40811340426496, 562.8218244976642], [-70.55283294544112, -33.40811340426496, 562.8218244976642], [-70.55283294544112, -33.407754320433064, 562.8218244976642], [-70.553192029273, -33.407754320433064, 562.8218244976642], [-70.553192029273, -33.40811340426496, 562.8218244976642]]]}, "properties": {"building": "yes", "height": 7.317303324175631, "elevation": 562.8218244976642, "category": "low-rise", "building_type": "residential"}}, {"type": "Feature", "geometry": {"type": "Polygon", "coordinates": [[[-70.52968100616062, -33.402113097959315, 577.8157131487327], [-70.52951685049948, -33.402113097959315, 577.8157131487327], [-70.52951685049948, -33.40194894229819, 577.8157131487327], [-70.52968100616062, -33.40194894229819, 577.8157131487327], [-70.52968100616062, -33.402113097959315, 577.8157131487327]]]}, "properties": {"building": "yes", "height": 8.613773113081034, "elevation": 577.8157131487327, "category": "low-rise", "building_type": "residential"}}, {"type": "Feature", "geometry": {"type": "Polygon", "coordinates": [[[-70.56868604439853, -33.384056467595514, 574.8927616794087], [-70.56833213625646, -33.384056467595514, 574.8927616794087], [-70.56833213625646, -33.383702559453454, 574.8927616794087], [-70.56868604439853, -33.383702559453454, 574.8927616794087], [-70.56868604439853, -33.384056467595514, 574.8927616794087]]]}, "properties": {"building": "yes", "height": 12.479657277751224, "elevation": 574.8927616794087, "category": "low-rise", "building_type": "residential"}}, {"type": "Feature", "geometry": {"type": "Polygon", "coordinates": [[[-70.53475673123783, -33.38487089243665, 553.7365721323256], [-70.5344594524286, -33.38487089243665, 553.7365721323256], [-70.5344594524286, -33.384573613627424, 553.7365721323256], [-70.53475673123783, -33.384573613627424, 553.7365721323256], [-70.53475673123783, -33.38487089243665, 553.7365721323256]]]}, "properties": {"building": "yes", "height": 9.782216993516641, "elevation": 553.7365721323256, "category": "low-rise", "building_type": "residential"}}, {"type": "Feature", "geometry": {"type": "Polygon", "coordinates": [[[-70.52259900871343, -33.38499739776957, 533.2759013486507], [-70.52226153765196, -33.38499739776957, 533.2759013486507], [-70.52226153765196, -33.38465992670808, 533.2759013486507], [-70.52259900871343, -33.38465992670808, 533.2759013486507], [-70.52259900871343, -33.38499739776957, 533.2759013486507]]]}, "properties": {"building": "yes", "height": 13.420714434054279, "elevation": 533.2759013486507, "category": "low-rise", "building_type": "residential"}}, {"type": "Feature", "geometry": {"type": "Polygon", "coordinates": [[[-70.57094767965106, -33.40126519960887, 585.1110501800879], [-70.57072787317244, -33.40126519960887, 585.1110501800879], [-70.57072787317244, -33.401045393130275, 585.1110501800879], [-70.57094767965106, -33.401045393130275, 585.1110501800879], [-70.57094767965106, -33.40126519960887, 585.1110501800879]]]}, "properties": {"building": "yes", "height": 8.652016624458348, "elevation": 585.1110501800879, "category": "low-rise", "building_type": "residential"}}, {"type": "Feature", "geometry": {"type": "Polygon", "coordinates": [[[-70.57828665553413, -33.382284829903554, 574.4278648646866], [-70.57799069048116, -33.382284829903554, 574.4278648646866], [-70.57799069048116, -33.3819888648506, 574.4278648646866], [-70.57828665553413, -33.3819888648506, 574.4278648646866], [-70.57828665553413, -33.382284829903554, 574.4278648646866]]]}, "properties": {"building": "yes", "height": 12.736044647076433, "elevation": 574.4278648646866, "category": "low-rise", "building_type": "residential"}}, {"type": "Feature", "geometry": {"type": "Polygon", "coordinates": [[[-70.57689066834659, -33.38980642610333, 548.1648026994002], [-70.57651870615906, -33.38980642610333, 548.1648026994002], [-70.57651870615906, -33.389434463915784, 548.1648026994002], [-70.57689066834659, -33.389434463915784, 548.1648026994002], [-70.57689066834659, -33.38980642610333, 548.1648026994002]]]}, "properties": {"building": "yes", "height": 8.562884486801188, "elevation": 548.1648026994002, "category": "low-rise", "building_type": "residential"}}, {"type": "Feature", "geometry": {"type": "Polygon", "coordinates": [[[-70.57309519883779, -33.3756697665526, 546.9891649218757], [-70.57290089680666, -33.3756697665526, 546.9891649218757], [-70.57290089680666, -33.37547546452148, 546.9891649218757], [-70.57309519883779, -33.37547546452148, 546.9891649218757], [-70.57309519883779, -33.3756697665526, 546.9891649218757]]]}, "properties": {"building": "yes", "height": 6.966544787874998, "elevation": 546.9891649218757, "category": "low-rise", "building_type": "residential"}}, {"type": "Feature", "geometry": {"type": "Polygon", "coordinates": [[[-70.53519292544702, -33.379466075291, 540.9944446054482], [-70.53496374255793, -33.379466075291, 540.9944446054482], [-70.53496374255793, -33.37923689240191, 540.9944446054482], [-70.53519292544702, -33.37923689240191, 540.9944446054482], [-70.53519292544702, -33.379466075291, 540.9944446054482]]]}, "properties": {"building": "yes", "height": 14.54105774840986, "elevation": 540.9944446054482, "category": "low-rise", "building_type": "residential"}}, {"type": "Feature", "geometry": {"type": "Polygon", "coordinates": [[[-70.56723436174124, -33.38534600784425, 567.7763125611089], [-70.56683921186672, -33.38534600784425, 567.7763125611089], [-70.56683921186672, -33.38495085796973, 567.7763125611089], [-70.56723436174124, -33.38495085796973, 567.7763125611089], [-70.56723436174124, -33.38534600784425, 567.7763125611089]]]}, "properties": {"building": "yes", "height": 9.21432237903441, "elevation": 567.7763125611089, "category": "low-rise", "building_type": "residential"}}, {"type": "Feature", "geometry": {"type": "Polygon", "coordinates": [[[-70.52533765650712, -33.38743202416377, 588.9337081216355], [-70.52496211651352, -33.38743202416377, 588.9337081216355], [-70.52496211651352, -33.387056484170174, 588.9337081216355], [-70.52533765650712, -33.387056484170174, 588.9337081216355], [-70.52533765650712, -33.38743202416377, 588.9337081216355]]]}, "properties": {"building": "yes", "height": 13.667702573511864, "elevation": 588.9337081216355, "category": "low-rise", "building_type": "residential"}}, {"type": "Feature", "geometry": {"type": "Polygon", "coordinates": [[[-70.52405062042165, -33.375601427223394, 567.1955744404002], [-70.52378810950496, -33.375601427223394, 567.1955744404002], [-70.52378810950496, -33.37533891630671, 567.1955744404002], [-70.52405062042165, -33.37533891630671, 567.1955744404002], [-70.52405062042165, -33.375601427223394, 567.1955744404002]]]}, "properties": {"building": "yes", "height": 5.680942524403446, "elevation": 567.1955744404002, "category": "low-rise", "building_type": "residential"}}, {"type": "Feature", "geometry": {"type": "Polygon", "coordinates": [[[-70.5395259052976, -33.40107760547929, 534.3978196959443], [-70.53913320261903, -33.40107760547929, 534.3978196959443], [-70.53913320261903, -33.40068490280072, 534.3978196959443], [-70.5395259052976, -33.40068490280072, 534.3978196959443], [-70.5395259052976, -33.40107760547929, 534.3978196959443]]]}, "properties": {"building": "yes", "height": 14.941258028108892, "elevation": 534.3978196959443, "category": "low-rise", "building_type": "residential"}}, {"type": "Feature", "geometry": {"type": "Polygon", "coordinates": [[[-70.58409475509778, -33.39639924225074, 563.3271452704447], [-70.58385013780686, -33.39639924225074, 563.3271452704447], [-70.58385013780686, -33.396154624959834, 563.3271452704447], [-70.58409475509778, -33.396154624959834, 563.3271452704447], [-70.58409475509778, -33.39639924225074, 563.3271452704447]]]}, "properties": {"building": "yes", "height": 13.11378143755617, "elevation": 563.3271452704447, "category": "low-rise", "building_type": "residential"}}, {"type": "Feature", "geometry": {"type": "Polygon", "coordinates": [[[-70.56304865500489, -33.379436626096926, 595.765525679789], [-70.56265436850593, -33.379436626096926, 595.765525679789], [-70.56265436850593, -33.37904233959798, 595.765525679789], [-70.56304865500489, -33.37904233959798, 595.765525679789], [-70.56304865500489, -33.379436626096926, 595.765525679789]]]}, "properties": {"building": "yes", "height": 9.250986261164904, "elevation": 595.765525679789, "category": "low-rise", "building_type": "residential"}}, {"type": "Feature", "geometry": {"type": "Polygon", "coordinates": [[[-70.57153294951898, -33.39958540645389, 571.5097281660666], [-70.57121579590982, -33.39958540645389, 571.5097281660666], [-70.57121579590982, -33.39926825284474, 571.5097281660666], [-70.57153294951898, -33.39926825284474, 571.5097281660666], [-70.57153294951898, -33.39958540645389, 571.5097281660666]]]}, "properties": {"building": "yes", "height": 6.765269524191155, "elevation": 571.5097281660666, "category": "low-rise", "building_type": "residential"}}, {"type": "Feature", "geometry": {"type": "Polygon", "coordinates": [[[-70.58117652692857, -33.3794236054661, 552.6932911421886], [-70.58079868287697, -33.3794236054661, 552.6932911421886], [-70.58079868287697, -33.3790457614145, 552.6932911421886], [-70.58117652692857, -33.3790457614145, 552.6932911421886], [-70.58117652692857, -33.3794236054661, 552.6932911421886]]]}, "properties": {"building": "yes", "height": 8.323171958231855, "elevation": 552.6932911421886, "category": "low-rise", "building_type": "residential"}}, {"type": "Feature", "geometry": {"type": "Polygon", "coordinates": [[[-70.55554951609638, -33.40236119885098, 598.969552641515], [-70.55521566222502, -33.40236119885098, 598.969552641515], [-70.55521566222502, -33.40202734497963, 598.969552641515], [-70.55554951609638, -33.40202734497963, 598.969552641515], [-70.55554951609638, -33.40236119885098, 598.969552641515]]]}, "properties": {"building": "yes", "height": 8.649543610095348, "elevation": 598.969552641515, "category": "low-rise", "building_type": "residential"}}, {"type": "Feature", "geometry": {"type": "Polygon", "coordinates": [[[-70.52630355936273, -33.41471836452373, 523.9699278768019], [-70.52596136672815, -33.41471836452373, 523.9699278768019], [-70.52596136672815, -33.41437617188915, 523.9699278768019], [-70.52630355936273, -33.41437617188915, 523.9699278768019], [-70.52630355936273, -33.41471836452373, 523.9699278768019]]]}, "properties": {"building": "yes", "height": 10.618019837802338, "elevation": 523.9699278768019, "category": "low-rise", "building_type": "residential"}}, {"type": "Feature", "geometry": {"type": "Polygon", "coordinates": [[[-70.5680005831824, -33.375327986956194, 562.831790333754], [-70.56762766043082, -33.375327986956194, 562.831790333754], [-70.56762766043082, -33.37495506420461, 562.831790333754], [-70.5680005831824, -33.37495506420461, 562.831790333754], [-70.5680005831824, -33.375327986956194, 562.831790333754]]]}, "properties": {"building": "yes", "height": 10.810147264563422, "elevation": 562.831790333754, "category": "low-rise", "building_type": "residential"}}, {"type": "Feature", "geometry": {"type": "Polygon", "coordinates": [[[-70.57578645834313, -33.404816603269005, 591.2936523093936], [-70.57543476530712, -33.404816603269005, 591.2936523093936], [-70.57543476530712, -33.404464910232996, 591.2936523093936], [-70.57578645834313, -33.404464910232996, 591.2936523093936], [-70.57578645834313, -33.404816603269005, 591.2936523093936]]]}, "properties": {"building": "yes", "height": 13.036408857196177, "elevation": 591.2936523093936, "category": "low-rise", "building_type": "residential"}}, {"type": "Feature", "geometry": {"type": "Polygon", "coordinates": [[[-70.55381303723361, -33.39272712513692, 558.8766827624253], [-70.55365040732416, -33.39272712513692, 558.8766827624253], [-70.55365040732416, -33.392564495227454, 558.8766827624253], [-70.55381303723361, -33.392564495227454, 558.8766827624253], [-70.55381303723361, -33.39272712513692, 558.8766827624253]]]}, "properties": {"building": "yes", "height": 11.761976121180634, "elevation": 558.8766827624253, "category": "low-rise", "building_type": "residential"}}, {"type": "Feature", "geometry": {"type": "Polygon", "coordinates": [[[-70.54201228664625, -33.411118774608596, 547.2471095155526], [-70.54171388252927, -33.411118774608596, 547.2471095155526], [-70.54171388252927, -33.41082037049161, 547.2471095155526], [-70.54201228664625, -33.41082037049161, 547.2471095155526], [-70.54201228664625, -33.411118774608596, 547.2471095155526]]]}, "properties": {"building": "yes", "height": 14.686501900017232, "elevation": 547.2471095155526, "category": "low-rise", "building_type": "residential"}}, {"type": "Feature", "geometry": {"type": "Polygon", "coordinates": [[[-70.54222662015559, -33.403908151074944, 553.4402560866478], [-70.54185859050952, -33.403908151074944, 553.4402560866478], [-70.54185859050952, -33.40354012142886, 553.4402560866478], [-70.54222662015559, -33.40354012142886, 553.4402560866478], [-70.54222662015559, -33.403908151074944, 553.4402560866478]]]}, "properties": {"building": "yes", "height": 5.211014051960432, "elevation": 553.4402560866478, "category": "low-rise", "building_type": "residential"}}, {"type": "Feature", "geometry": {"type": "Polygon", "coordinates": [[[-70.5773426340245, -33.37784775560079, 599.3707694899224], [-70.57717212641454, -33.37784775560079, 599.3707694899224], [-70.57717212641454, -33.377677247990825, 599.3707694899224], [-70.5773426340245, -33.377677247990825, 599.3707694899224], [-70.5773426340245, -33.37784775560079, 599.3707694899224]]]}, "properties": {"building": "yes", "height": 5.889616241987437, "elevation": 599.3707694899224, "category": "low-rise", "building_type": "residential"}}, {"type": "Feature", "geometry": {"type": "Polygon", "coordinates": [[[-70.52889651374176, -33.402799417059185, 552.5154285235355], [-70.52853702609795, -33.402799417059185, 552.5154285235355], [-70.52853702609795, -33.40243992941538, 552.5154285235355], [-70.52889651374176, -33.40243992941538, 552.5154285235355], [-70.52889651374176, -33.402799417059185, 552.5154285235355]]]}, "properties": {"building": "yes", "height": 13.554655348511432, "elevation": 552.5154285235355, "category": "low-rise", "building_type": "residential"}}, {"type": "Feature", "geometry": {"type": "Polygon", "coordinates": [[[-70.53318315805484, -33.39246529174653, 584.6127080462429], [-70.53281079832081, -33.39246529174653, 584.6127080462429], [-70.53281079832081, -33.3920929320125, 584.6127080462429], [-70.53318315805484, -33.3920929320125, 584.6127080462429], [-70.53318315805484, -33.39246529174653, 584.6127080462429]]]}, "properties": {"building": "yes", "height": 12.304268345272654, "elevation": 584.6127080462429, "category": "low-rise", "building_type": "residential"}}, {"type": "Feature", "geometry": {"type": "Polygon", "coordinates": [[[-70.54327078939151, -33.39562783025616, 577.705123741074], [-70.54310510314882, -33.39562783025616, 577.705123741074], [-70.54310510314882, -33.39546214401348, 577.705123741074], [-70.54327078939151, -33.39546214401348, 577.705123741074], [-70.54327078939151, -33.39562783025616, 577.705123741074]]]}, "properties": {"building": "yes", "height": 10.661129826061751, "elevation": 577.705123741074, "category": "low-rise", "building_type": "residential"}}, {"type": "Feature", "geometry": {"type": "Polygon", "coordinates": [[[-70.58606437697091, -33.40597646820573, 598.4689212217565], [-70.58573617286086, -33.40597646820573, 598.4689212217565], [-70.58573617286086, -33.40564826409567, 598.4689212217565], [-70.58606437697091, -33.40564826409567, 598.4689212217565], [-70.58606437697091, -33.40597646820573, 598.4689212217565]]]}, "properties": {"building": "yes", "height": 10.208126140213558, "elevation": 598.4689212217565, "category": "low-rise", "building_type": "residential"}}, {"type": "Feature", "geometry": {"type": "Polygon", "coordinates": [[[-70.57742091752118, -33.38134009885942, 551.2546329670853], [-70.57723940550616, -33.38134009885942, 551.2546329670853], [-70.57723940550616, -33.3811585868444, 551.2546329670853], [-70.57742091752118, -33.3811585868444, 551.2546329670853], [-70.57742091752118, -33.38134009885942, 551.2546329670853]]]}, "properties": {"building": "yes", "height": 10.148636102572741, "elevation": 551.2546329670853, "category": "low-rise", "building_type": "residential"}}, {"type": "Feature", "geometry": {"type": "Polygon", "coordinates": [[[-70.52678863120343, -33.4014097127731, 558.883584033939], [-70.52653862769213, -33.4014097127731, 558.883584033939], [-70.52653862769213, -33.401159709261805, 558.883584033939], [-70.52678863120343, -33.401159709261805, 558.883584033939], [-70.52678863120343, -33.4014097127731, 558.883584033939]]]}, "properties": {"building": "yes", "height": 9.301890110810197, "elevation": 558.883584033939, "category": "low-rise", "building_type": "residential"}}, {"type": "Feature", "geometry": {"type": "Polygon", "coordinates": [[[-70.56108884674282, -33.37594233813124, 623.0890983770123], [-70.56072398651449, -33.37594233813124, 623.0890983770123], [-70.56072398651449, -33.37557747790291, 623.0890983770123], [-70.56108884674282, -33.37557747790291, 623.0890983770123], [-70.56108884674282, -33.37594233813124, 623.0890983770123]]]}, "properties": {"building": "yes", "height": 9.467679267826504, "elevation": 623.0890983770123, "category": "low-rise", "building_type": "residential"}}, {"type": "Feature", "geometry": {"type": "Polygon", "coordinates": [[[-70.5408806755406, -33.39617038239618, 585.9629095304947], [-70.54051519334952, -33.39617038239618, 585.9629095304947], [-70.54051519334952, -33.39580490020509, 585.9629095304947], [-70.5408806755406, -33.39580490020509, 585.9629095304947], [-70.5408806755406, -33.39617038239618, 585.9629095304947]]]}, "properties": {"building": "yes", "height": 10.613063334621268, "elevation": 585.9629095304947, "category": "low-rise", "building_type": "residential"}}, {"type": "Feature", "geometry": {"type": "Polygon", "coordinates": [[[-70.54795301757852, -33.37720042156684, 586.5804511989517], [-70.54768690121412, -33.37720042156684, 586.5804511989517], [-70.54768690121412, -33.376934305202454, 586.5804511989517], [-70.54795301757852, -33.376934305202454, 586.5804511989517], [-70.54795301757852, -33.37720042156684, 586.5804511989517]]]}, "properties": {"building": "yes", "height": 12.406306961549227, "elevation": 586.5804511989517, "category": "low-rise", "building_type": "residential"}}, {"type": "Feature", "geometry": {"type": "Polygon", "coordinates": [[[-70.54966931886794, -33.37891871844774, 593.1927975101099], [-70.54932660955465, -33.37891871844774, 593.1927975101099], [-70.54932660955465, -33.37857600913447, 593.1927975101099], [-70.54966931886794, -33.37857600913447, 593.1927975101099], [-70.54966931886794, -33.37891871844774, 593.1927975101099]]]}, "properties": {"building": "yes", "height": 12.44289442352546, "elevation": 593.1927975101099, "category": "low-rise", "building_type": "residential"}}, {"type": "Feature", "geometry": {"type": "Polygon", "coordinates": [[[-70.54386267542563, -33.37809140616807, 596.3913109581108], [-70.54352430940224, -33.37809140616807, 596.3913109581108], [-70.54352430940224, -33.37775304014468, 596.3913109581108], [-70.54386267542563, -33.37775304014468, 596.3913109581108], [-70.54386267542563, -33.37809140616807, 596.3913109581108]]]}, "properties": {"building": "yes", "height": 5.748761257581927, "elevation": 596.3913109581108, "category": "low-rise", "building_type": "residential"}}, {"type": "Feature", "geometry": {"type": "Polygon", "coordinates": [[[-70.55131047227418, -33.41125262141503, 540.0030366509642], [-70.55104403410472, -33.41125262141503, 540.0030366509642], [-70.55104403410472, -33.410986183245555, 540.0030366509642], [-70.55131047227418, -33.410986183245555, 540.0030366509642], [-70.55131047227418, -33.41125262141503, 540.0030366509642]]]}, "properties": {"building": "yes", "height": 10.578059352321956, "elevation": 540.0030366509642, "category": "low-rise", "building_type": "residential"}}, {"type": "Feature", "geometry": {"type": "Polygon", "coordinates": [[[-70.5336561255964, -33.41158912645277, 556.4334495299964], [-70.53328905251905, -33.41158912645277, 556.4334495299964], [-70.53328905251905, -33.411222053375425, 556.4334495299964], [-70.5336561255964, -33.411222053375425, 556.4334495299964], [-70.5336561255964, -33.41158912645277, 556.4334495299964]]]}, "properties": {"building": "yes", "height": 6.760654655412145, "elevation": 556.4334495299964, "category": "low-rise", "building_type": "residential"}}, {"type": "Feature", "geometry": {"type": "Polygon", "coordinates": [[[-70.53303725565229, -33.38766186249868, 576.8709951388184], [-70.5328658298651, -33.38766186249868, 576.8709951388184], [-70.5328658298651, -33.38749043671151, 576.8709951388184], [-70.53303725565229, -33.38749043671151, 576.8709951388184], [-70.53303725565229, -33.38766186249868, 576.8709951388184]]]}, "properties": {"building": "yes", "height": 11.747235805256738, "elevation": 576.8709951388184, "category": "low-rise", "building_type": "residential"}}, {"type": "Feature", "geometry": {"type": "Polygon", "coordinates": [[[-70.52501684784288, -33.376269523171985, 548.9314953351985], [-70.5248110608927, -33.376269523171985, 548.9314953351985], [-70.5248110608927, -33.37606373622182, 548.9314953351985], [-70.52501684784288, -33.37606373622182, 548.9314953351985], [-70.52501684784288, -33.376269523171985, 548.9314953351985]]]}, "properties": {"building": "yes", "height": 9.919086563529614, "elevation": 548.9314953351985, "category": "low-rise", "building_type": "residential"}}, {"type": "Feature", "geometry": {"type": "Polygon", "coordinates": [[[-70.5658440115545, -33.40083658539926, 556.7832806800311], [-70.56568022306635, -33.40083658539926, 556.7832806800311], [-70.56568022306635, -33.40067279691111, 556.7832806800311], [-70.5658440115545, -33.40067279691111, 556.7832806800311], [-70.5658440115545, -33.40083658539926, 556.7832806800311]]]}, "properties": {"building": "yes", "height": 9.286229722103808, "elevation": 556.7832806800311, "category": "low-rise", "building_type": "residential"}}, {"type": "Feature", "geometry": {"type": "Polygon", "coordinates": [[[-70.52435906256709, -33.39780717154475, 568.279685535167], [-70.52412064442747, -33.39780717154475, 568.279685535167], [-70.52412064442747, -33.397568753405146, 568.279685535167], [-70.52435906256709, -33.397568753405146, 568.279685535167], [-70.52435906256709, -33.39780717154475, 568.279685535167]]]}, "properties": {"building": "yes", "height": 5.503594786916767, "elevation": 568.279685535167, "category": "low-rise", "building_type": "residential"}}, {"type": "Feature", "geometry": {"type": "Polygon", "coordinates": [[[-70.55806908078507, -33.39710172426105, 607.1619628129265], [-70.55790362503241, -33.39710172426105, 607.1619628129265], [-70.55790362503241, -33.396936268508384, 607.1619628129265], [-70.55806908078507, -33.396936268508384, 607.1619628129265], [-70.55806908078507, -33.39710172426105, 607.1619628129265]]]}, "properties": {"building": "yes", "height": 6.5872468485750515, "elevation": 607.1619628129265, "category": "low-rise", "building_type": "residential"}}, {"type": "Feature", "geometry": {"type": "Polygon", "coordinates": [[[-70.54099032784237, -33.37468215104157, 620.6577543956047], [-70.54060813395131, -33.37468215104157, 620.6577543956047], [-70.54060813395131, -33.37429995715051, 620.6577543956047], [-70.54099032784237, -33.37429995715051, 620.6577543956047], [-70.54099032784237, -33.37468215104157, 620.6577543956047]]]}, "properties": {"building": "yes", "height": 10.711166250117277, "elevation": 620.6577543956047, "category": "low-rise", "building_type": "residential"}}, {"type": "Feature", "geometry": {"type": "Polygon", "coordinates": [[[-70.52618550325968, -33.3831756530135, 598.1141095607333], [-70.52587314908843, -33.3831756530135, 598.1141095607333], [-70.52587314908843, -33.382863298842246, 598.1141095607333], [-70.52618550325968, -33.382863298842246, 598.1141095607333], [-70.52618550325968, -33.3831756530135, 598.1141095607333]]]}, "properties": {"building": "yes", "height": 9.333069246433688, "elevation": 598.1141095607333, "category": "low-rise", "building_type": "residential"}}, {"type": "Feature", "geometry": {"type": "Polygon", "coordinates": [[[-70.58082333925218, -33.37964638350868, 591.6352547300436], [-70.58047215056875, -33.37964638350868, 591.6352547300436], [-70.58047215056875, -33.37929519482524, 591.6352547300436], [-70.58082333925218, -33.37929519482524, 591.6352547300436], [-70.58082333925218, -33.37964638350868, 591.6352547300436]]]}, "properties": {"building": "yes", "height": 8.797741747897625, "elevation": 591.6352547300436, "category": "low-rise", "building_type": "residential"}}, {"type": "Feature", "geometry": {"type": "Polygon", "coordinates": [[[-70.564766483101, -33.407713026828006, 586.7911034492314], [-70.56453145468667, -33.407713026828006, 586.7911034492314], [-70.56453145468667, -33.40747799841368, 586.7911034492314], [-70.564766483101, -33.40747799841368, 586.7911034492314], [-70.564766483101, -33.407713026828006, 586.7911034492314]]]}, "properties": {"building": "yes", "height": 8.874826740195433, "elevation": 586.7911034492314, "category": "low-rise", "building_type": "residential"}}, {"type": "Feature", "geometry": {"type": "Polygon", "coordinates": [[[-70.56776039632618, -33.37878773573734, 557.9116734582495], [-70.56755741363989, -33.37878773573734, 557.9116734582495], [-70.56755741363989, -33.37858475305105, 557.9116734582495], [-70.56776039632618, -33.37858475305105, 557.9116734582495], [-70.56776039632618, -33.37878773573734, 557.9116734582495]]]}, "properties": {"building": "yes", "height": 14.486599109071083, "elevation": 557.9116734582495, "category": "low-rise", "building_type": "residential"}}, {"type": "Feature", "geometry": {"type": "Polygon", "coordinates": [[[-70.55182805474557, -33.39654354916483, 576.5975657462934], [-70.55166634976605, -33.39654354916483, 576.5975657462934], [-70.55166634976605, -33.3963818441853, 576.5975657462934], [-70.55182805474557, -33.3963818441853, 576.5975657462934], [-70.55182805474557, -33.39654354916483, 576.5975657462934]]]}, "properties": {"building": "yes", "height": 7.132162396067267, "elevation": 576.5975657462934, "category": "low-rise", "building_type": "residential"}}, {"type": "Feature", "geometry": {"type": "Polygon", "coordinates": [[[-70.5218022649322, -33.40530452322214, 570.2035634808891], [-70.5216225832643, -33.40530452322214, 570.2035634808891], [-70.5216225832643, -33.405124841554226, 570.2035634808891], [-70.5218022649322, -33.405124841554226, 570.2035634808891], [-70.5218022649322, -33.40530452322214, 570.2035634808891]]]}, "properties": {"building": "yes", "height": 9.871990797402947, "elevation": 570.2035634808891, "category": "low-rise", "building_type": "residential"}}, {"type": "Feature", "geometry": {"type": "Polygon", "coordinates": [[[-70.54151830962947, -33.39676886878656, 592.6002740644741], [-70.54125692401085, -33.39676886878656, 592.6002740644741], [-70.54125692401085, -33.39650748316796, 592.6002740644741], [-70.54151830962947, -33.39650748316796, 592.6002740644741], [-70.54151830962947, -33.39676886878656, 592.6002740644741]]]}, "properties": {"building": "yes", "height": 7.455333094468748, "elevation": 592.6002740644741, "category": "low-rise", "building_type": "residential"}}, {"type": "Feature", "geometry": {"type": "Polygon", "coordinates": [[[-70.54609247923686, -33.38792423881698, 573.739387260564], [-70.54571761383106, -33.38792423881698, 573.739387260564], [-70.54571761383106, -33.387549373411176, 573.739387260564], [-70.54609247923686, -33.387549373411176, 573.739387260564], [-70.54609247923686, -33.38792423881698, 573.739387260564]]]}, "properties": {"building": "yes", "height": 11.862935147211118, "elevation": 573.739387260564, "category": "low-rise", "building_type": "residential"}}, {"type": "Feature", "geometry": {"type": "Polygon", "coordinates": [[[-70.55485736441581, -33.41007640728883, 575.0598802171401], [-70.55448191625818, -33.41007640728883, 575.0598802171401], [-70.55448191625818, -33.4097009591312, 575.0598802171401], [-70.55485736441581, -33.4097009591312, 575.0598802171401], [-70.55485736441581, -33.41007640728883, 575.0598802171401]]]}, "properties": {"building": "yes", "height": 5.61943586036991, "elevation": 575.0598802171401, "category": "low-rise", "building_type": "residential"}}, {"type": "Feature", "geometry": {"type": "Polygon", "coordinates": [[[-70.5820674254372, -33.414611901350874, 567.0595239601073], [-70.58173217535168, -33.414611901350874, 567.0595239601073], [-70.58173217535168, -33.41427665126535, 567.0595239601073], [-70.5820674254372, -33.41427665126535, 567.0595239601073], [-70.5820674254372, -33.414611901350874, 567.0595239601073]]]}, "properties": {"building": "yes", "height": 5.255958823087613, "elevation": 567.0595239601073, "category": "low-rise", "building_type": "residential"}}, {"type": "Feature", "geometry": {"type": "Polygon", "coordinates": [[[-70.58492047522984, -33.380607217636225, 595.3405958400627], [-70.58464840086364, -33.380607217636225, 595.3405958400627], [-70.58464840086364, -33.38033514327003, 595.3405958400627], [-70.58492047522984, -33.38033514327003, 595.3405958400627], [-70.58492047522984, -33.380607217636225, 595.3405958400627]]]}, "properties": {"building": "yes", "height": 10.380120549611348, "elevation": 595.3405958400627, "category": "low-rise", "building_type": "residential"}}, {"type": "Feature", "geometry": {"type": "Polygon", "coordinates": [[[-70.51836432108259, -33.37919150617107, 540.0360354934342], [-70.51801557816778, -33.37919150617107, 540.0360354934342], [-70.51801557816778, -33.37884276325626, 540.0360354934342], [-70.51836432108259, -33.37884276325626, 540.0360354934342], [-70.51836432108259, -33.37919150617107, 540.0360354934342]]]}, "properties": {"building": "yes", "height": 5.301273474966174, "elevation": 540.0360354934342, "category": "low-rise", "building_type": "residential"}}, {"type": "Feature", "geometry": {"type": "Polygon", "coordinates": [[[-70.56198125217499, -33.3959498245916, 570.1959069513207], [-70.56181712478671, -33.3959498245916, 570.1959069513207], [-70.56181712478671, -33.39578569720332, 570.1959069513207], [-70.56198125217499, -33.39578569720332, 570.1959069513207], [-70.56198125217499, -33.3959498245916, 570.1959069513207]]]}, "properties": {"building": "yes", "height": 7.552502113357536, "elevation": 570.1959069513207, "category": "low-rise", "building_type": "residential"}}, {"type": "Feature", "geometry": {"type": "Polygon", "coordinates": [[[-70.51898116954249, -33.403937750637375, 567.1241660227412], [-70.51869321917198, -33.403937750637375, 567.1241660227412], [-70.51869321917198, -33.40364980026687, 567.1241660227412], [-70.51898116954249, -33.40364980026687, 567.1241660227412], [-70.51898116954249, -33.403937750637375, 567.1241660227412]]]}, "properties": {"building": "yes", "height": 10.367047656747335, "elevation": 567.1241660227412, "category": "low-rise", "building_type": "residential"}}, {"type": "Feature", "geometry": {"type": "Polygon", "coordinates": [[[-70.5646460095822, -33.41479078667376, 561.6868946364137], [-70.56441705596332, -33.41479078667376, 561.6868946364137], [-70.56441705596332, -33.414561833054876, 561.6868946364137], [-70.5646460095822, -33.414561833054876, 561.6868946364137], [-70.5646460095822, -33.41479078667376, 561.6868946364137]]]}, "properties": {"building": "yes", "height": 10.019961825600369, "elevation": 561.6868946364137, "category": "low-rise", "building_type": "residential"}}, {"type": "Feature", "geometry": {"type": "Polygon", "coordinates": [[[-70.55710736044443, -33.41123379895202, 599.8882784519072], [-70.55685034883646, -33.41123379895202, 599.8882784519072], [-70.55685034883646, -33.41097678734405, 599.8882784519072], [-70.55710736044443, -33.41097678734405, 599.8882784519072], [-70.55710736044443, -33.41123379895202, 599.8882784519072]]]}, "properties": {"building": "yes", "height": 8.422237612671582, "elevation": 599.8882784519072, "category": "low-rise", "building_type": "residential"}}, {"type": "Feature", "geometry": {"type": "Polygon", "coordinates": [[[-70.55985198186644, -33.41261801670465, 548.4596111670584], [-70.55967640771246, -33.41261801670465, 548.4596111670584], [-70.55967640771246, -33.41244244255066, 548.4596111670584], [-70.55985198186644, -33.41244244255066, 548.4596111670584], [-70.55985198186644, -33.41261801670465, 548.4596111670584]]]}, "properties": {"building": "yes", "height": 9.176797114800578, "elevation": 548.4596111670584, "category": "low-rise", "building_type": "residential"}}, {"type": "Feature", "geometry": {"type": "Polygon", "coordinates": [[[-70.5530884798604, -33.386978025383996, 577.6467983568767], [-70.55277362350259, -33.386978025383996, 577.6467983568767], [-70.55277362350259, -33.38666316902618, 577.6467983568767], [-70.5530884798604, -33.38666316902618, 577.6467983568767], [-70.5530884798604, -33.386978025383996, 577.6467983568767]]]}, "properties": {"building": "yes", "height": 6.329967776756026, "elevation": 577.6467983568767, "category": "low-rise", "building_type": "residential"}}, {"type": "Feature", "geometry": {"type": "Polygon", "coordinates": [[[-70.52281874727284, -33.38012616048331, 590.5701116044803], [-70.52251227261509, -33.38012616048331, 590.5701116044803], [-70.52251227261509, -33.379819685825574, 590.5701116044803], [-70.52281874727284, -33.379819685825574, 590.5701116044803], [-70.52281874727284, -33.38012616048331, 590.5701116044803]]]}, "properties": {"building": "yes", "height": 11.302118978569306, "elevation": 590.5701116044803, "category": "low-rise", "building_type": "residential"}}, {"type": "Feature", "geometry": {"type": "Polygon", "coordinates": [[[-70.53534053634691, -33.400614986414226, 598.896237026938], [-70.53516692153703, -33.400614986414226, 598.896237026938], [-70.53516692153703, -33.400441371604344, 598.896237026938], [-70.53534053634691, -33.400441371604344, 598.896237026938], [-70.53534053634691, -33.400614986414226, 598.896237026938]]]}, "properties": {"building": "yes", "height": 12.647502533018375, "elevation": 598.896237026938, "category": "low-rise", "building_type": "residential"}}, {"type": "Feature", "geometry": {"type": "Polygon", "coordinates": [[[-70.51854126237104, -33.40160786425805, 578.6008970540809], [-70.51828622172782, -33.40160786425805, 578.6008970540809], [-70.51828622172782, -33.401352823614836, 578.6008970540809], [-70.51854126237104, -33.401352823614836, 578.6008970540809], [-70.51854126237104, -33.40160786425805, 578.6008970540809]]]}, "properties": {"building": "yes", "height": 6.336047373896947, "elevation": 578.6008970540809, "category": "low-rise", "building_type": "residential"}}, {"type": "Feature", "geometry": {"type": "Polygon", "coordinates": [[[-70.55608348078992, -33.41015265091956, 578.264869995389], [-70.55579946973138, -33.41015265091956, 578.264869995389], [-70.55579946973138, -33.40986863986102, 578.264869995389], [-70.55608348078992, -33.40986863986102, 578.264869995389], [-70.55608348078992, -33.41015265091956, 578.264869995389]]]}, "properties": {"building": "yes", "height": 14.916957883260858, "elevation": 578.264869995389, "category": "low-rise", "building_type": "residential"}}, {"type": "Feature", "geometry": {"type": "Polygon", "coordinates": [[[-70.5818538078168, -33.40238657034198, 564.7665497956641], [-70.58161911071997, -33.40238657034198, 564.7665497956641], [-70.58161911071997, -33.40215187324517, 564.7665497956641], [-70.5818538078168, -33.40215187324517, 564.7665497956641], [-70.5818538078168, -33.40238657034198, 564.7665497956641]]]}, "properties": {"building": "yes", "height": 5.415425423023055, "elevation": 564.7665497956641, "category": "low-rise", "building_type": "residential"}}, {"type": "Feature", "geometry": {"type": "Polygon", "coordinates": [[[-70.54792068303841, -33.39036101035096, 564.5209733049622], [-70.54755736657422, -33.39036101035096, 564.5209733049622], [-70.54755736657422, -33.38999769388677, 564.5209733049622], [-70.54792068303841, -33.38999769388677, 564.5209733049622], [-70.54792068303841, -33.39036101035096, 564.5209733049622]]]}, "properties": {"building": "yes", "height": 14.831936983626392, "elevation": 564.5209733049622, "category": "low-rise", "building_type": "residential"}}, {"type": "Feature", "geometry": {"type": "Polygon", "coordinates": [[[-70.54531999070849, -33.406353985955796, 569.1696446891634], [-70.54493015755878, -33.406353985955796, 569.1696446891634], [-70.54493015755878, -33.405964152806085, 569.1696446891634], [-70.54531999070849, -33.405964152806085, 569.1696446891634], [-70.54531999070849, -33.406353985955796, 569.1696446891634]]]}, "properties": {"building": "yes", "height": 13.213269875809232, "elevation": 569.1696446891634, "category": "low-rise", "building_type": "residential"}}, {"type": "Feature", "geometry": {"type": "Polygon", "coordinates": [[[-70.53864996757235, -33.376996921909196, 568.8107563331027], [-70.53842153303995, -33.376996921909196, 568.8107563331027], [-70.53842153303995, -33.37676848737679, 568.8107563331027], [-70.53864996757235, -33.37676848737679, 568.8107563331027], [-70.53864996757235, -33.376996921909196, 568.8107563331027]]]}, "properties": {"building": "yes", "height": 9.672694635681731, "elevation": 568.8107563331027, "category": "low-rise", "building_type": "residential"}}, {"type": "Feature", "geometry": {"type": "Polygon", "coordinates": [[[-70.56581243610341, -33.37710754523404, 547.5268397882057], [-70.56542141166989, -33.37710754523404, 547.5268397882057], [-70.56542141166989, -33.3767165208005, 547.5268397882057], [-70.56581243610341, -33.3767165208005, 547.5268397882057], [-70.56581243610341, -33.37710754523404, 547.5268397882057]]]}, "properties": {"building": "yes", "height": 11.745622646266856, "elevation": 547.5268397882057, "category": "low-rise", "building_type": "residential"}}, {"type": "Feature", "geometry": {"type": "Polygon", "coordinates": [[[-70.53609129921225, -33.38535109032898, 574.8872659427715], [-70.53584916883872, -33.38535109032898, 574.8872659427715], [-70.53584916883872, -33.385108959955474, 574.8872659427715], [-70.53609129921225, -33.385108959955474, 574.8872659427715], [-70.53609129921225, -33.38535109032898, 574.8872659427715]]]}, "properties": {"building": "yes", "height": 12.266017157467873, "elevation": 574.8872659427715, "category": "low-rise", "building_type": "residential"}}, {"type": "Feature", "geometry": {"type": "Polygon", "coordinates": [[[-70.56724137695356, -33.41382969151639, 549.5236052040591], [-70.56687466584778, -33.41382969151639, 549.5236052040591], [-70.56687466584778, -33.41346298041062, 549.5236052040591], [-70.56724137695356, -33.41346298041062, 549.5236052040591], [-70.56724137695356, -33.41382969151639, 549.5236052040591]]]}, "properties": {"building": "yes", "height": 7.457530628759491, "elevation": 549.5236052040591, "category": "low-rise", "building_type": "residential"}}, {"type": "Feature", "geometry": {"type": "Polygon", "coordinates": [[[-70.5528141903456, -33.39033385454609, 565.8932778084863], [-70.55245917986923, -33.39033385454609, 565.8932778084863], [-70.55245917986923, -33.389978844069724, 565.8932778084863], [-70.5528141903456, -33.389978844069724, 565.8932778084863], [-70.5528141903456, -33.39033385454609, 565.8932778084863]]]}, "properties": {"building": "yes", "height": 10.711814686662038, "elevation": 565.8932778084863, "category": "low-rise", "building_type": "residential"}}, {"type": "Feature", "geometry": {"type": "Polygon", "coordinates": [[[-70.54866370426483, -33.395495098038275, 578.9050797264671], [-70.54848489020283, -33.395495098038275, 578.9050797264671], [-70.54848489020283, -33.39531628397628, 578.9050797264671], [-70.54866370426483, -33.39531628397628, 578.9050797264671], [-70.54866370426483, -33.395495098038275, 578.9050797264671]]]}, "properties": {"building": "yes", "height": 10.23954008661976, "elevation": 578.9050797264671, "category": "low-rise", "building_type": "residential"}}, {"type": "Feature", "geometry": {"type": "Polygon", "coordinates": [[[-70.58508383988183, -33.37625622813105, 554.4943827748009], [-70.58491876761278, -33.37625622813105, 554.4943827748009], [-70.58491876761278, -33.37609115586199, 554.4943827748009], [-70.58508383988183, -33.37609115586199, 554.4943827748009], [-70.58508383988183, -33.37625622813105, 554.4943827748009]]]}, "properties": {"building": "yes", "height": 10.179047620739551, "elevation": 554.4943827748009, "category": "low-rise", "building_type": "residential"}}, {"type": "Feature", "geometry": {"type": "Polygon", "coordinates": [[[-70.5633615221742, -33.39210476024199, 591.35111901341], [-70.56309939434084, -33.39210476024199, 591.35111901341], [-70.56309939434084, -33.391842632408625, 591.35111901341], [-70.5633615221742, -33.391842632408625, 591.35111901341], [-70.5633615221742, -33.39210476024199, 591.35111901341]]]}, "properties": {"building": "yes", "height": 14.260136435222144, "elevation": 591.35111901341, "category": "low-rise", "building_type": "residential"}}, {"type": "Feature", "geometry": {"type": "Polygon", "coordinates": [[[-70.5449435364249, -33.38885740735714, 557.1612786447498], [-70.54455908752563, -33.38885740735714, 557.1612786447498], [-70.54455908752563, -33.388472958457875, 557.1612786447498], [-70.5449435364249, -33.388472958457875, 557.1612786447498], [-70.5449435364249, -33.38885740735714, 557.1612786447498]]]}, "properties": {"building": "yes", "height": 12.662101924875488, "elevation": 557.1612786447498, "category": "low-rise", "building_type": "residential"}}, {"type": "Feature", "geometry": {"type": "Polygon", "coordinates": [[[-70.58078780323157, -33.414703494225705, 570.4058491332567], [-70.58040805379221, -33.414703494225705, 570.4058491332567], [-70.58040805379221, -33.414323744786344, 570.4058491332567], [-70.58078780323157, -33.414323744786344, 570.4058491332567], [-70.58078780323157, -33.414703494225705, 570.4058491332567]]]}, "properties": {"building": "yes", "height": 7.351387146920412, "elevation": 570.4058491332567, "category": "low-rise", "building_type": "residential"}}, {"type": "Feature", "geometry": {"type": "Polygon", "coordinates": [[[-70.52586522321539, -33.4115549865279, 565.9105835260438], [-70.5255026003955, -33.4115549865279, 565.9105835260438], [-70.5255026003955, -33.411192363708004, 565.9105835260438], [-70.52586522321539, -33.411192363708004, 565.9105835260438], [-70.52586522321539, -33.4115549865279, 565.9105835260438]]]}, "properties": {"building": "yes", "height": 13.552641574580298, "elevation": 565.9105835260438, "category": "low-rise", "building_type": "residential"}}, {"type": "Feature", "geometry": {"type": "Polygon", "coordinates": [[[-70.58067794918774, -33.394552269263855, 574.2506798800654], [-70.58047090227116, -33.394552269263855, 574.2506798800654], [-70.58047090227116, -33.39434522234728, 574.2506798800654], [-70.58067794918774, -33.39434522234728, 574.2506798800654], [-70.58067794918774, -33.394552269263855, 574.2506798800654]]]}, "properties": {"building": "yes", "height": 7.0754716561989985, "elevation": 574.2506798800654, "category": "low-rise", "building_type": "residential"}}, {"type": "Feature", "geometry": {"type": "Polygon", "coordinates": [[[-70.54717642949916, -33.376989401375894, 585.4033317616903], [-70.54681237805505, -33.376989401375894, 585.4033317616903], [-70.54681237805505, -33.37662534993177, 585.4033317616903], [-70.54717642949916, -33.37662534993177, 585.4033317616903], [-70.54717642949916, -33.376989401375894, 585.4033317616903]]]}, "properties": {"building": "yes", "height": 5.441669510520474, "elevation": 585.4033317616903, "category": "low-rise", "building_type": "residential"}}, {"type": "Feature", "geometry": {"type": "Polygon", "coordinates": [[[-70.53726966295783, -33.40765795857023, 562.9600973709005], [-70.53709858803997, -33.40765795857023, 562.9600973709005], [-70.53709858803997, -33.407486883652375, 562.9600973709005], [-70.53726966295783, -33.407486883652375, 562.9600973709005], [-70.53726966295783, -33.40765795857023, 562.9600973709005]]]}, "properties": {"building": "yes", "height": 11.684019925388347, "elevation": 562.9600973709005, "category": "low-rise", "building_type": "residential"}}, {"type": "Feature", "geometry": {"type": "Polygon", "coordinates": [[[-70.52353183935327, -33.38638148451123, 572.5616830857338], [-70.52320159168352, -33.38638148451123, 572.5616830857338], [-70.52320159168352, -33.38605123684148, 572.5616830857338], [-70.52353183935327, -33.38605123684148, 572.5616830857338], [-70.52353183935327, -33.38638148451123, 572.5616830857338]]]}, "properties": {"building": "yes", "height": 6.161961577751953, "elevation": 572.5616830857338, "category": "low-rise", "building_type": "residential"}}, {"type": "Feature", "geometry": {"type": "Polygon", "coordinates": [[[-70.58532410076793, -33.38863896573245, 574.244882673808], [-70.58514008687277, -33.38863896573245, 574.244882673808], [-70.58514008687277, -33.388454951837296, 574.244882673808], [-70.58532410076793, -33.388454951837296, 574.244882673808], [-70.58532410076793, -33.38863896573245, 574.244882673808]]]}, "properties": {"building": "yes", "height": 12.719059369893687, "elevation": 574.244882673808, "category": "low-rise", "building_type": "residential"}}, {"type": "Feature", "geometry": {"type": "Polygon", "coordinates": [[[-70.52418816589925, -33.40036149180311, 565.6203209905883], [-70.5238479571919, -33.40036149180311, 565.6203209905883], [-70.5238479571919, -33.400021283095754, 565.6203209905883], [-70.52418816589925, -33.400021283095754, 565.6203209905883], [-70.52418816589925, -33.40036149180311, 565.6203209905883]]]}, "properties": {"building": "yes", "height": 6.3546173614631485, "elevation": 565.6203209905883, "category": "low-rise", "building_type": "residential"}}, {"type": "Feature", "geometry": {"type": "Polygon", "coordinates": [[[-70.55455826685278, -33.410762861098476, 586.8445904950075], [-70.55430310198406, -33.410762861098476, 586.8445904950075], [-70.55430310198406, -33.41050769622974, 586.8445904950075], [-70.55455826685278, -33.41050769622974, 586.8445904950075], [-70.55455826685278, -33.410762861098476, 586.8445904950075]]]}, "properties": {"building": "yes", "height": 5.119943513891077, "elevation": 586.8445904950075, "category": "low-rise", "building_type": "residential"}}, {"type": "Feature", "geometry": {"type": "Polygon", "coordinates": [[[-70.51889555559399, -33.39021313935584, 577.0265515024844], [-70.5185638334294, -33.39021313935584, 577.0265515024844], [-70.5185638334294, -33.38988141719124, 577.0265515024844], [-70.51889555559399, -33.38988141719124, 577.0265515024844], [-70.51889555559399, -33.39021313935584, 577.0265515024844]]]}, "properties": {"building": "yes", "height": 10.542094659563132, "elevation": 577.0265515024844, "category": "low-rise", "building_type": "residential"}}, {"type": "Feature", "geometry": {"type": "Polygon", "coordinates": [[[-70.5533073411382, -33.391873627646994, 582.6549791240149], [-70.55306810713559, -33.391873627646994, 582.6549791240149], [-70.55306810713559, -33.391634393644374, 582.6549791240149], [-70.5533073411382, -33.391634393644374, 582.6549791240149], [-70.5533073411382, -33.391873627646994, 582.6549791240149]]]}, "properties": {"building": "yes", "height": 13.297969327103813, "elevation": 582.6549791240149, "category": "low-rise", "building_type": "residential"}}, {"type": "Feature", "geometry": {"type": "Polygon", "coordinates": [[[-70.5318591022649, -33.40915375857923, 541.6816057998504], [-70.53160934004872, -33.40915375857923, 541.6816057998504], [-70.53160934004872, -33.40890399636306, 541.6816057998504], [-70.5318591022649, -33.40890399636306, 541.6816057998504], [-70.5318591022649, -33.40915375857923, 541.6816057998504]]]}, "properties": {"building": "yes", "height": 12.005446798017186, "elevation": 541.6816057998504, "category": "low-rise", "building_type": "residential"}}, {"type": "Feature", "geometry": {"type": "Polygon", "coordinates": [[[-70.57790422347131, -33.41135839971923, 577.4255735656787], [-70.5775608314523, -33.41135839971923, 577.4255735656787], [-70.5775608314523, -33.41101500770021, 577.4255735656787], [-70.57790422347131, -33.41101500770021, 577.4255735656787], [-70.57790422347131, -33.41135839971923, 577.4255735656787]]]}, "properties": {"building": "yes", "height": 8.307256133104946, "elevation": 577.4255735656787, "category": "low-rise", "building_type": "residential"}}, {"type": "Feature", "geometry": {"type": "Polygon", "coordinates": [[[-70.52855285744255, -33.37838491727818, 576.2770054875982], [-70.52832439248809, -33.37838491727818, 576.2770054875982], [-70.52832439248809, -33.37815645232372, 576.2770054875982], [-70.52855285744255, -33.37815645232372, 576.2770054875982], [-70.52855285744255, -33.37838491727818, 576.2770054875982]]]}, "properties": {"building": "yes", "height": 5.536193607869258, "elevation": 576.2770054875982, "category": "low-rise", "building_type": "residential"}}, {"type": "Feature", "geometry": {"type": "Polygon", "coordinates": [[[-70.53417909913382, -33.385216069262036, 573.1129979163621], [-70.53387123705691, -33.385216069262036, 573.1129979163621], [-70.53387123705691, -33.38490820718513, 573.1129979163621], [-70.53417909913382, -33.38490820718513, 573.1129979163621], [-70.53417909913382, -33.385216069262036, 573.1129979163621]]]}, "properties": {"building": "yes", "height": 12.666205116437876, "elevation": 573.1129979163621, "category": "low-rise", "building_type": "residential"}}, {"type": "Feature", "geometry": {"type": "Polygon", "coordinates": [[[-70.54298377218637, -33.390903734317725, 562.0413930816246], [-70.54261677173312, -33.390903734317725, 562.0413930816246], [-70.54261677173312, -33.39053673386449, 562.0413930816246], [-70.54298377218637, -33.39053673386449, 562.0413930816246], [-70.54298377218637, -33.390903734317725, 562.0413930816246]]]}, "properties": {"building": "yes", "height": 13.63651798516525, "elevation": 562.0413930816246, "category": "low-rise", "building_type": "residential"}}, {"type": "Feature", "geometry": {"type": "Polygon", "coordinates": [[[-70.56885843623911, -33.38256125422346, 588.6293630366582], [-70.56854195305226, -33.38256125422346, 588.6293630366582], [-70.56854195305226, -33.382244771036625, 588.6293630366582], [-70.56885843623911, -33.382244771036625, 588.6293630366582], [-70.56885843623911, -33.38256125422346, 588.6293630366582]]]}, "properties": {"building": "yes", "height": 8.826036352376814, "elevation": 588.6293630366582, "category": "low-rise", "building_type": "residential"}}, {"type": "Feature", "geometry": {"type": "Polygon", "coordinates": [[[-70.54049415247933, -33.39787530353757, 566.2920625587885], [-70.54010753604531, -33.39787530353757, 566.2920625587885], [-70.54010753604531, -33.397488687103554, 566.2920625587885], [-70.54049415247933, -33.397488687103554, 566.2920625587885], [-70.54049415247933, -33.39787530353757, 566.2920625587885]]]}, "properties": {"building": "yes", "height": 11.868863118011632, "elevation": 566.2920625587885, "category": "low-rise", "building_type": "residential"}}, {"type": "Feature", "geometry": {"type": "Polygon", "coordinates": [[[-70.54814420271924, -33.39382287540444, 616.117377805105], [-70.54795966023491, -33.39382287540444, 616.117377805105], [-70.54795966023491, -33.39363833292012, 616.117377805105], [-70.54814420271924, -33.39363833292012, 616.117377805105], [-70.54814420271924, -33.39382287540444, 616.117377805105]]]}, "properties": {"building": "yes", "height": 14.46275097388968, "elevation": 616.117377805105, "category": "low-rise", "building_type": "residential"}}, {"type": "Feature", "geometry": {"type": "Polygon", "coordinates": [[[-70.52493087270688, -33.41375374242089, 571.4292676671345], [-70.5247615626574, -33.41375374242089, 571.4292676671345], [-70.5247615626574, -33.413584432371415, 571.4292676671345], [-70.52493087270688, -33.413584432371415, 571.4292676671345], [-70.52493087270688, -33.41375374242089, 571.4292676671345]]]}, "properties": {"building": "yes", "height": 14.259777685245789, "elevation": 571.4292676671345, "category": "low-rise", "building_type": "residential"}}, {"type": "Feature", "geometry": {"type": "Polygon", "coordinates": [[[-70.52957616208911, -33.39611156065714, 583.1059992797816], [-70.52925245052964, -33.39611156065714, 583.1059992797816], [-70.52925245052964, -33.39578784909768, 583.1059992797816], [-70.52957616208911, -33.39578784909768, 583.1059992797816], [-70.52957616208911, -33.39611156065714, 583.1059992797816]]]}, "properties": {"building": "yes", "height": 10.101608651103401, "elevation": 583.1059992797816, "category": "low-rise", "building_type": "residential"}}, {"type": "Feature", "geometry": {"type": "Polygon", "coordinates": [[[-70.57400127752912, -33.40705645474801, 608.9381578729873], [-70.57362141471667, -33.40705645474801, 608.9381578729873], [-70.57362141471667, -33.40667659193557, 608.9381578729873], [-70.57400127752912, -33.40667659193557, 608.9381578729873], [-70.57400127752912, -33.40705645474801, 608.9381578729873]]]}, "properties": {"building": "yes", "height": 9.611618409646432, "elevation": 608.9381578729873, "category": "low-rise", "building_type": "residential"}}, {"type": "Feature", "geometry": {"type": "Polygon", "coordinates": [[[-70.5402224725114, -33.38623413098379, 607.8738240692938], [-70.54002400789406, -33.38623413098379, 607.8738240692938], [-70.54002400789406, -33.386035666366446, 607.8738240692938], [-70.5402224725114, -33.386035666366446, 607.8738240692938], [-70.5402224725114, -33.38623413098379, 607.8738240692938]]]}, "properties": {"building": "yes", "height": 6.25741990145118, "elevation": 607.8738240692938, "category": "low-rise", "building_type": "residential"}}, {"type": "Feature", "geometry": {"type": "Polygon", "coordinates": [[[-70.57649781536652, -33.39970598442854, 600.3201487364511], [-70.5762042817786, -33.39970598442854, 600.3201487364511], [-70.5762042817786, -33.399412450840636, 600.3201487364511], [-70.57649781536652, -33.399412450840636, 600.3201487364511], [-70.57649781536652, -33.39970598442854, 600.3201487364511]]]}, "properties": {"building": "yes", "height": 7.830864195023616, "elevation": 600.3201487364511, "category": "low-rise", "building_type": "residential"}}, {"type": "Feature", "geometry": {"type": "Polygon", "coordinates": [[[-70.57324571057538, -33.40647170862593, 577.6911427396758], [-70.57296233753922, -33.40647170862593, 577.6911427396758], [-70.57296233753922, -33.40618833558979, 577.6911427396758], [-70.57324571057538, -33.40618833558979, 577.6911427396758], [-70.57324571057538, -33.40647170862593, 577.6911427396758]]]}, "properties": {"building": "yes", "height": 5.817728406661624, "elevation": 577.6911427396758, "category": "low-rise", "building_type": "residential"}}, {"type": "Feature", "geometry": {"type": "Polygon", "coordinates": [[[-70.53770475225268, -33.40050803940352, 606.6354231888998], [-70.53742782708086, -33.40050803940352, 606.6354231888998], [-70.53742782708086, -33.40023111423169, 606.6354231888998], [-70.53770475225268, -33.40023111423169, 606.6354231888998], [-70.53770475225268, -33.40050803940352, 606.6354231888998]]]}, "properties": {"building": "yes", "height": 12.851934762653697, "elevation": 606.6354231888998, "category": "low-rise", "building_type": "residential"}}, {"type": "Feature", "geometry": {"type": "Polygon", "coordinates": [[[-70.56080648974333, -33.37568182340548, 547.9279638015365], [-70.56064115153418, -33.37568182340548, 547.9279638015365], [-70.56064115153418, -33.375516485196336, 547.9279638015365], [-70.56080648974333, -33.375516485196336, 547.9279638015365], [-70.56080648974333, -33.37568182340548, 547.9279638015365]]]}, "properties": {"building": "yes", "height": 8.296991267911121, "elevation": 547.9279638015365, "category": "low-rise", "building_type": "residential"}}, {"type": "Feature", "geometry": {"type": "Polygon", "coordinates": [[[-70.52422192163164, -33.4070946088365, 578.3627381792377], [-70.52400641113749, -33.4070946088365, 578.3627381792377], [-70.52400641113749, -33.40687909834236, 578.3627381792377], [-70.52422192163164, -33.40687909834236, 578.3627381792377], [-70.52422192163164, -33.4070946088365, 578.3627381792377]]]}, "properties": {"building": "yes", "height": 9.89897440538142, "elevation": 578.3627381792377, "category": "low-rise", "building_type": "residential"}}, {"type": "Feature", "geometry": {"type": "Polygon", "coordinates": [[[-70.52500070333187, -33.38650953804173, 578.6216493456585], [-70.5247094365385, -33.38650953804173, 578.6216493456585], [-70.5247094365385, -33.386218271248346, 578.6216493456585], [-70.52500070333187, -33.386218271248346, 578.6216493456585], [-70.52500070333187, -33.38650953804173, 578.6216493456585]]]}, "properties": {"building": "yes", "height": 11.338324577868175, "elevation": 578.6216493456585, "category": "low-rise", "building_type": "residential"}}, {"type": "Feature", "geometry": {"type": "Polygon", "coordinates": [[[-70.5231658107904, -33.38165702568493, 560.510903759237], [-70.52286889459145, -33.38165702568493, 560.510903759237], [-70.52286889459145, -33.38136010948598, 560.510903759237], [-70.5231658107904, -33.38136010948598, 560.510903759237], [-70.5231658107904, -33.38165702568493, 560.510903759237]]]}, "properties": {"building": "yes", "height": 6.112443016148664, "elevation": 560.510903759237, "category": "low-rise", "building_type": "residential"}}, {"type": "Feature", "geometry": {"type": "Polygon", "coordinates": [[[-70.56548857104072, -33.39075471647983, 586.0197233416086], [-70.565170233599, -33.39075471647983, 586.0197233416086], [-70.565170233599, -33.39043637903811, 586.0197233416086], [-70.56548857104072, -33.39043637903811, 586.0197233416086], [-70.56548857104072, -33.39075471647983, 586.0197233416086]]]}, "properties": {"building": "yes", "height": 5.35724645354702, "elevation": 586.0197233416086, "category": "low-rise", "building_type": "residential"}}, {"type": "Feature", "geometry": {"type": "Polygon", "coordinates": [[[-70.52418311986584, -33.40919015287053, 585.5299918433077], [-70.52387977862058, -33.40919015287053, 585.5299918433077], [-70.52387977862058, -33.40888681162529, 585.5299918433077], [-70.52418311986584, -33.40888681162529, 585.5299918433077], [-70.52418311986584, -33.40919015287053, 585.5299918433077]]]}, "properties": {"building": "yes", "height": 6.659403524552056, "elevation": 585.5299918433077, "category": "low-rise", "building_type": "residential"}}, {"type": "Feature", "geometry": {"type": "Polygon", "coordinates": [[[-70.54711260964316, -33.4071539293372, 562.6319306023377], [-70.54685348074989, -33.4071539293372, 562.6319306023377], [-70.54685348074989, -33.40689480044392, 562.6319306023377], [-70.54711260964316, -33.40689480044392, 562.6319306023377], [-70.54711260964316, -33.4071539293372, 562.6319306023377]]]}, "properties": {"building": "yes", "height": 10.637045430764001, "elevation": 562.6319306023377, "category": "low-rise", "building_type": "residential"}}, {"type": "Feature", "geometry": {"type": "Polygon", "coordinates": [[[-70.56913812698892, -33.383002934401894, 540.7169345286702], [-70.56892731875925, -33.383002934401894, 540.7169345286702], [-70.56892731875925, -33.38279212617223, 540.7169345286702], [-70.56913812698892, -33.38279212617223, 540.7169345286702], [-70.56913812698892, -33.383002934401894, 540.7169345286702]]]}, "properties": {"building": "yes", "height": 8.118906216528766, "elevation": 540.7169345286702, "category": "low-rise", "building_type": "residential"}}, {"type": "Feature", "geometry": {"type": "Polygon", "coordinates": [[[-70.5633600108837, -33.37466836637566, 557.2059055461375], [-70.56313225593611, -33.37466836637566, 557.2059055461375], [-70.56313225593611, -33.37444061142807, 557.2059055461375], [-70.5633600108837, -33.37444061142807, 557.2059055461375], [-70.5633600108837, -33.37466836637566, 557.2059055461375]]]}, "properties": {"building": "yes", "height": 13.059216255001132, "elevation": 557.2059055461375, "category": "low-rise", "building_type": "residential"}}, {"type": "Feature", "geometry": {"type": "Polygon", "coordinates": [[[-70.5648057940364, -33.376417466817195, 542.5254508982615], [-70.56446916225013, -33.376417466817195, 542.5254508982615], [-70.56446916225013, -33.376080835030926, 542.5254508982615], [-70.5648057940364, -33.376080835030926, 542.5254508982615], [-70.5648057940364, -33.376417466817195, 542.5254508982615]]]}, "properties": {"building": "yes", "height": 8.331355685876874, "elevation": 542.5254508982615, "category": "low-rise", "building_type": "residential"}}, {"type": "Feature", "geometry": {"type": "Polygon", "coordinates": [[[-70.53850744496182, -33.39429413715161, 540.2328791850153], [-70.53821606267527, -33.39429413715161, 540.2328791850153], [-70.53821606267527, -33.39400275486506, 540.2328791850153], [-70.53850744496182, -33.39400275486506, 540.2328791850153], [-70.53850744496182, -33.39429413715161, 540.2328791850153]]]}, "properties": {"building": "yes", "height": 10.286745674176935, "elevation": 540.2328791850153, "category": "low-rise", "building_type": "residential"}}, {"type": "Feature", "geometry": {"type": "Polygon", "coordinates": [[[-70.5253636497888, -33.40201868730796, 558.312953965003], [-70.5251411292133, -33.40201868730796, 558.312953965003], [-70.5251411292133, -33.40179616673245, 558.312953965003], [-70.5253636497888, -33.40179616673245, 558.312953965003], [-70.5253636497888, -33.40201868730796, 558.312953965003]]]}, "properties": {"building": "yes", "height": 6.43268445911522, "elevation": 558.312953965003, "category": "low-rise", "building_type": "residential"}}, {"type": "Feature", "geometry": {"type": "Polygon", "coordinates": [[[-70.5434900565179, -33.38330774189485, 567.5730492212947], [-70.5432576353108, -33.38330774189485, 567.5730492212947], [-70.5432576353108, -33.38307532068774, 567.5730492212947], [-70.5434900565179, -33.38307532068774, 567.5730492212947], [-70.5434900565179, -33.38330774189485, 567.5730492212947]]]}, "properties": {"building": "yes", "height": 13.631185653905808, "elevation": 567.5730492212947, "category": "low-rise", "building_type": "residential"}}, {"type": "Feature", "geometry": {"type": "Polygon", "coordinates": [[[-70.55563677469078, -33.39636637760911, 578.4986067560424], [-70.5553307495673, -33.39636637760911, 578.4986067560424], [-70.5553307495673, -33.39606035248565, 578.4986067560424], [-70.55563677469078, -33.39606035248565, 578.4986067560424], [-70.55563677469078, -33.39636637760911, 578.4986067560424]]]}, "properties": {"building": "yes", "height": 7.4692725036341825, "elevation": 578.4986067560424, "category": "low-rise", "building_type": "residential"}}, {"type": "Feature", "geometry": {"type": "Polygon", "coordinates": [[[-70.54598334656737, -33.38461154168736, 551.2437047282273], [-70.54581093970245, -33.38461154168736, 551.2437047282273], [-70.54581093970245, -33.38443913482243, 551.2437047282273], [-70.54598334656737, -33.38443913482243, 551.2437047282273], [-70.54598334656737, -33.38461154168736, 551.2437047282273]]]}, "properties": {"building": "yes", "height": 9.239304673882653, "elevation": 551.2437047282273, "category": "low-rise", "building_type": "residential"}}, {"type": "Feature", "geometry": {"type": "Polygon", "coordinates": [[[-70.53757579140073, -33.401321542110416, 581.7442768999476], [-70.53718560983374, -33.401321542110416, 581.7442768999476], [-70.53718560983374, -33.400931360543446, 581.7442768999476], [-70.53757579140073, -33.400931360543446, 581.7442768999476], [-70.53757579140073, -33.401321542110416, 581.7442768999476]]]}, "properties": {"building": "yes", "height": 7.139695155633746, "elevation": 581.7442768999476, "category": "low-rise", "building_type": "residential"}}, {"type": "Feature", "geometry": {"type": "Polygon", "coordinates": [[[-70.55864502782926, -33.402663089138784, 542.532649503602], [-70.5583719331632, -33.402663089138784, 542.532649503602], [-70.5583719331632, -33.40238999447273, 542.532649503602], [-70.55864502782926, -33.40238999447273, 542.532649503602], [-70.55864502782926, -33.402663089138784, 542.532649503602]]]}, "properties": {"building": "yes", "height": 14.060345436497107, "elevation": 542.532649503602, "category": "low-rise", "building_type": "residential"}}, {"type": "Feature", "geometry": {"type": "Polygon", "coordinates": [[[-70.53138462133819, -33.37920270717075, 552.9699131179398], [-70.53110715984221, -33.37920270717075, 552.9699131179398], [-70.53110715984221, -33.378925245674765, 552.9699131179398], [-70.53138462133819, -33.378925245674765, 552.9699131179398], [-70.53138462133819, -33.37920270717075, 552.9699131179398]]]}, "properties": {"building": "yes", "height": 14.722521948193375, "elevation": 552.9699131179398, "category": "low-rise", "building_type": "residential"}}, {"type": "Feature", "geometry": {"type": "Polygon", "coordinates": [[[-70.54344410664768, -33.40157955442791, 566.8176396716007], [-70.54328191765251, -33.40157955442791, 566.8176396716007], [-70.54328191765251, -33.40141736543272, 566.8176396716007], [-70.54344410664768, -33.40141736543272, 566.8176396716007], [-70.54344410664768, -33.40157955442791, 566.8176396716007]]]}, "properties": {"building": "yes", "height": 13.02385575949206, "elevation": 566.8176396716007, "category": "low-rise", "building_type": "residential"}}, {"type": "Feature", "geometry": {"type": "Polygon", "coordinates": [[[-70.56094905933926, -33.38422513759259, 570.5459181943207], [-70.560754718489, -33.38422513759259, 570.5459181943207], [-70.560754718489, -33.384030796742316, 570.5459181943207], [-70.56094905933926, -33.384030796742316, 570.5459181943207], [-70.56094905933926, -33.38422513759259, 570.5459181943207]]]}, "properties": {"building": "yes", "height": 13.423306042318313, "elevation": 570.5459181943207, "category": "low-rise", "building_type": "residential"}}, {"type": "Feature", "geometry": {"type": "Polygon", "coordinates": [[[-70.55622886448431, -33.37887317687354, 577.6580022662242], [-70.55588472200246, -33.37887317687354, 577.6580022662242], [-70.55588472200246, -33.37852903439169, 577.6580022662242], [-70.55622886448431, -33.37852903439169, 577.6580022662242], [-70.55622886448431, -33.37887317687354, 577.6580022662242]]]}, "properties": {"building": "yes", "height": 13.542383262239788, "elevation": 577.6580022662242, "category": "low-rise", "building_type": "residential"}}, {"type": "Feature", "geometry": {"type": "Polygon", "coordinates": [[[-70.52481612589067, -33.38842553944976, 571.1147259859329], [-70.52445552742303, -33.38842553944976, 571.1147259859329], [-70.52445552742303, -33.38806494098211, 571.1147259859329], [-70.52481612589067, -33.38806494098211, 571.1147259859329], [-70.52481612589067, -33.38842553944976, 571.1147259859329]]]}, "properties": {"building": "yes", "height": 14.25577013499726, "elevation": 571.1147259859329, "category": "low-rise", "building_type": "residential"}}, {"type": "Feature", "geometry": {"type": "Polygon", "coordinates": [[[-70.56403294006238, -33.407087491771044, 531.5535307154599], [-70.56378448104347, -33.407087491771044, 531.5535307154599], [-70.56378448104347, -33.40683903275214, 531.5535307154599], [-70.56403294006238, -33.40683903275214, 531.5535307154599], [-70.56403294006238, -33.407087491771044, 531.5535307154599]]]}, "properties": {"building": "yes", "height": 8.236762706504589, "elevation": 531.5535307154599, "category": "low-rise", "building_type": "residential"}}, {"type": "Feature", "geometry": {"type": "Polygon", "coordinates": [[[-70.58388496697734, -33.38497293778347, 589.0462278892641], [-70.58362284447176, -33.38497293778347, 589.0462278892641], [-70.58362284447176, -33.384710815277884, 589.0462278892641], [-70.58388496697734, -33.384710815277884, 589.0462278892641], [-70.58388496697734, -33.38497293778347, 589.0462278892641]]]}, "properties": {"building": "yes", "height": 14.707164080333817, "elevation": 589.0462278892641, "category": "low-rise", "building_type": "residential"}}, {"type": "Feature", "geometry": {"type": "Polygon", "coordinates": [[[-70.54863869627451, -33.39858097364604, 571.1463341371601], [-70.54830356510067, -33.39858097364604, 571.1463341371601], [-70.54830356510067, -33.3982458424722, 571.1463341371601], [-70.54863869627451, -33.3982458424722, 571.1463341371601], [-70.54863869627451, -33.39858097364604, 571.1463341371601]]]}, "properties": {"building": "yes", "height": 13.950848104401357, "elevation": 571.1463341371601, "category": "low-rise", "building_type": "residential"}}, {"type": "Feature", "geometry": {"type": "Polygon", "coordinates": [[[-70.52365227328787, -33.3786883948452, 546.0096093552677], [-70.52344105684489, -33.3786883948452, 546.0096093552677], [-70.52344105684489, -33.378477178402235, 546.0096093552677], [-70.52365227328787, -33.378477178402235, 546.0096093552677], [-70.52365227328787, -33.3786883948452, 546.0096093552677]]]}, "properties": {"building": "yes", "height": 10.255437206488846, "elevation": 546.0096093552677, "category": "low-rise", "building_type": "residential"}}, {"type": "Feature", "geometry": {"type": "Polygon", "coordinates": [[[-70.53581621497595, -33.39736496776339, 544.3438852269533], [-70.53549920138296, -33.39736496776339, 544.3438852269533], [-70.53549920138296, -33.3970479541704, 544.3438852269533], [-70.53581621497595, -33.3970479541704, 544.3438852269533], [-70.53581621497595, -33.39736496776339, 544.3438852269533]]]}, "properties": {"building": "yes", "height": 14.79154256661378, "elevation": 544.3438852269533, "category": "low-rise", "building_type": "residential"}}, {"type": "Feature", "geometry": {"type": "Polygon", "coordinates": [[[-70.5226200201697, -33.37761171739266, 572.6354097595158], [-70.52222131630599, -33.37761171739266, 572.6354097595158], [-70.52222131630599, -33.37721301352895, 572.6354097595158], [-70.5226200201697, -33.37721301352895, 572.6354097595158], [-70.5226200201697, -33.37761171739266, 572.6354097595158]]]}, "properties": {"building": "yes", "height": 12.035955805782278, "elevation": 572.6354097595158, "category": "low-rise", "building_type": "residential"}}, {"type": "Feature", "geometry": {"type": "Polygon", "coordinates": [[[-70.57422591641595, -33.37614881487194, 570.6894990909282], [-70.57388424449069, -33.37614881487194, 570.6894990909282], [-70.57388424449069, -33.375807142946655, 570.6894990909282], [-70.57422591641595, -33.375807142946655, 570.6894990909282], [-70.57422591641595, -33.37614881487194, 570.6894990909282]]]}, "properties": {"building": "yes", "height": 12.376764420172059, "elevation": 570.6894990909282, "category": "low-rise", "building_type": "residential"}}, {"type": "Feature", "geometry": {"type": "Polygon", "coordinates": [[[-70.5449347279486, -33.40930447699895, 563.3591801768669], [-70.54461207073939, -33.40930447699895, 563.3591801768669], [-70.54461207073939, -33.40898181978974, 563.3591801768669], [-70.5449347279486, -33.40898181978974, 563.3591801768669], [-70.5449347279486, -33.40930447699895, 563.3591801768669]]]}, "properties": {"building": "yes", "height": 8.723714485392803, "elevation": 563.3591801768669, "category": "low-rise", "building_type": "residential"}}, {"type": "Feature", "geometry": {"type": "Polygon", "coordinates": [[[-70.57112173110339, -33.37647263434127, 550.4418280681693], [-70.57076804852072, -33.37647263434127, 550.4418280681693], [-70.57076804852072, -33.376118951758585, 550.4418280681693], [-70.57112173110339, -33.376118951758585, 550.4418280681693], [-70.57112173110339, -33.37647263434127, 550.4418280681693]]]}, "properties": {"building": "yes", "height": 14.076455761685732, "elevation": 550.4418280681693, "category": "low-rise", "building_type": "residential"}}, {"type": "Feature", "geometry": {"type": "Polygon", "coordinates": [[[-70.58562999360083, -33.39333742677202, 542.4718890474762], [-70.58539784840823, -33.39333742677202, 542.4718890474762], [-70.58539784840823, -33.39310528157942, 542.4718890474762], [-70.58562999360083, -33.39310528157942, 542.4718890474762], [-70.58562999360083, -33.39333742677202, 542.4718890474762]]]}, "properties": {"building": "yes", "height": 7.873740798173497, "elevation": 542.4718890474762, "category": "low-rise", "building_type": "residential"}}, {"type": "Feature", "geometry": {"type": "Polygon", "coordinates": [[[-70.55175984534299, -33.37807188457563, 574.4587797633945], [-70.5513877594505, -33.37807188457563, 574.4587797633945], [-70.5513877594505, -33.37769979868314, 574.4587797633945], [-70.55175984534299, -33.37769979868314, 574.4587797633945], [-70.55175984534299, -33.37807188457563, 574.4587797633945]]]}, "properties": {"building": "yes", "height": 8.851619403602385, "elevation": 574.4587797633945, "category": "low-rise", "building_type": "residential"}}, {"type": "Feature", "geometry": {"type": "Polygon", "coordinates": [[[-70.56622047417764, -33.391113661289786, 616.9686017181812], [-70.56593325928284, -33.391113661289786, 616.9686017181812], [-70.56593325928284, -33.39082644639499, 616.9686017181812], [-70.56622047417764, -33.39082644639499, 616.9686017181812], [-70.56622047417764, -33.391113661289786, 616.9686017181812]]]}, "properties": {"building": "yes", "height": 11.610855873100423, "elevation": 616.9686017181812, "category": "low-rise", "building_type": "residential"}}, {"type": "Feature", "geometry": {"type": "Polygon", "coordinates": [[[-70.52549230537282, -33.38068927991252, 504.88474366447196], [-70.52519590438, -33.38068927991252, 504.88474366447196], [-70.52519590438, -33.38039287891968, 504.88474366447196], [-70.52549230537282, -33.38039287891968, 504.88474366447196], [-70.52549230537282, -33.38068927991252, 504.88474366447196]]]}, "properties": {"building": "yes", "height": 13.703949188276438, "elevation": 504.88474366447196, "category": "low-rise", "building_type": "residential"}}, {"type": "Feature", "geometry": {"type": "Polygon", "coordinates": [[[-70.51891735098468, -33.38410210234951, 535.734026590442], [-70.51864873392446, -33.38410210234951, 535.734026590442], [-70.51864873392446, -33.383833485289294, 535.734026590442], [-70.51891735098468, -33.383833485289294, 535.734026590442], [-70.51891735098468, -33.38410210234951, 535.734026590442]]]}, "properties": {"building": "yes", "height": 12.69289529397674, "elevation": 535.734026590442, "category": "low-rise", "building_type": "residential"}}, {"type": "Feature", "geometry": {"type": "Polygon", "coordinates": [[[-70.52515300459383, -33.39625257532232, 572.2669038362945], [-70.52495971333629, -33.39625257532232, 572.2669038362945], [-70.52495971333629, -33.396059284064776, 572.2669038362945], [-70.52515300459383, -33.396059284064776, 572.2669038362945], [-70.52515300459383, -33.39625257532232, 572.2669038362945]]]}, "properties": {"building": "yes", "height": 12.651183400947643, "elevation": 572.2669038362945, "category": "low-rise", "building_type": "residential"}}, {"type": "Feature", "geometry": {"type": "Polygon", "coordinates": [[[-70.55801038885859, -33.38271219418226, 579.486312670831], [-70.55781659942632, -33.38271219418226, 579.486312670831], [-70.55781659942632, -33.38251840474997, 579.486312670831], [-70.55801038885859, -33.38251840474997, 579.486312670831], [-70.55801038885859, -33.38271219418226, 579.486312670831]]]}, "properties": {"building": "yes", "height": 5.216343430819379, "elevation": 579.486312670831, "category": "low-rise", "building_type": "residential"}}, {"type": "Feature", "geometry": {"type": "Polygon", "coordinates": [[[-70.53829272875598, -33.412727398816656, 575.6011584746834], [-70.53803223399169, -33.412727398816656, 575.6011584746834], [-70.53803223399169, -33.412466904052366, 575.6011584746834], [-70.53829272875598, -33.412466904052366, 575.6011584746834], [-70.53829272875598, -33.412727398816656, 575.6011584746834]]]}, "properties": {"building": "yes", "height": 5.349496382058638, "elevation": 575.6011584746834, "category": "low-rise", "building_type": "residential"}}, {"type": "Feature", "geometry": {"type": "Polygon", "coordinates": [[[-70.54464861345966, -33.389759432349045, 572.5222894396857], [-70.54433166421549, -33.389759432349045, 572.5222894396857], [-70.54433166421549, -33.389442483104865, 572.5222894396857], [-70.54464861345966, -33.389442483104865, 572.5222894396857], [-70.54464861345966, -33.389759432349045, 572.5222894396857]]]}, "properties": {"building": "yes", "height": 5.687634304912628, "elevation": 572.5222894396857, "category": "low-rise", "building_type": "residential"}}, {"type": "Feature", "geometry": {"type": "Polygon", "coordinates": [[[-70.53286358177549, -33.38610939209521, 599.9657422537025], [-70.53263951339854, -33.38610939209521, 599.9657422537025], [-70.53263951339854, -33.385885323718256, 599.9657422537025], [-70.53286358177549, -33.385885323718256, 599.9657422537025], [-70.53286358177549, -33.38610939209521, 599.9657422537025]]]}, "properties": {"building": "yes", "height": 10.966247358296405, "elevation": 599.9657422537025, "category": "low-rise", "building_type": "residential"}}, {"type": "Feature", "geometry": {"type": "Polygon", "coordinates": [[[-70.53064337907253, -33.377010776477576, 604.5705957534806], [-70.53025513266289, -33.377010776477576, 604.5705957534806], [-70.53025513266289, -33.37662253006792, 604.5705957534806], [-70.53064337907253, -33.37662253006792, 604.5705957534806], [-70.53064337907253, -33.377010776477576, 604.5705957534806]]]}, "properties": {"building": "yes", "height": 10.669030980390147, "elevation": 604.5705957534806, "category": "low-rise", "building_type": "residential"}}, {"type": "Feature", "geometry": {"type": "Polygon", "coordinates": [[[-70.52760953703269, -33.407014742568826, 563.433152318957], [-70.5274485689609, -33.407014742568826, 563.433152318957], [-70.5274485689609, -33.406853774497044, 563.433152318957], [-70.52760953703269, -33.406853774497044, 563.433152318957], [-70.52760953703269, -33.407014742568826, 563.433152318957]]]}, "properties": {"building": "yes", "height": 9.015752509225619, "elevation": 563.433152318957, "category": "low-rise", "building_type": "residential"}}, {"type": "Feature", "geometry": {"type": "Polygon", "coordinates": [[[-70.57668461375088, -33.39741188880629, 569.3896840827426], [-70.57639937162149, -33.39741188880629, 569.3896840827426], [-70.57639937162149, -33.39712664667688, 569.3896840827426], [-70.57668461375088, -33.39712664667688, 569.3896840827426], [-70.57668461375088, -33.39741188880629, 569.3896840827426]]]}, "properties": {"building": "yes", "height": 6.35274563729295, "elevation": 569.3896840827426, "category": "low-rise", "building_type": "residential"}}, {"type": "Feature", "geometry": {"type": "Polygon", "coordinates": [[[-70.53455724537551, -33.41403040401569, 580.617167079931], [-70.53417922768426, -33.41403040401569, 580.617167079931], [-70.53417922768426, -33.41365238632444, 580.617167079931], [-70.53455724537551, -33.41365238632444, 580.617167079931], [-70.53455724537551, -33.41403040401569, 580.617167079931]]]}, "properties": {"building": "yes", "height": 9.615696432724183, "elevation": 580.617167079931, "category": "low-rise", "building_type": "residential"}}, {"type": "Feature", "geometry": {"type": "Polygon", "coordinates": [[[-70.57529401404238, -33.37943710895803, 549.055525856283], [-70.57504557124238, -33.37943710895803, 549.055525856283], [-70.57504557124238, -33.37918866615803, 549.055525856283], [-70.57529401404238, -33.37918866615803, 549.055525856283], [-70.57529401404238, -33.37943710895803, 549.055525856283]]]}, "properties": {"building": "yes", "height": 12.12728517548441, "elevation": 549.055525856283, "category": "low-rise", "building_type": "residential"}}, {"type": "Feature", "geometry": {"type": "Polygon", "coordinates": [[[-70.55720925362444, -33.40374498831743, 602.1306124231237], [-70.5569146475164, -33.40374498831743, 602.1306124231237], [-70.5569146475164, -33.403450382209385, 602.1306124231237], [-70.55720925362444, -33.403450382209385, 602.1306124231237], [-70.55720925362444, -33.40374498831743, 602.1306124231237]]]}, "properties": {"building": "yes", "height": 11.239719721946027, "elevation": 602.1306124231237, "category": "low-rise", "building_type": "residential"}}, {"type": "Feature", "geometry": {"type": "Polygon", "coordinates": [[[-70.58028017243645, -33.38808949536399, 551.908393852901], [-70.58000608839528, -33.38808949536399, 551.908393852901], [-70.58000608839528, -33.387815411322826, 551.908393852901], [-70.58028017243645, -33.387815411322826, 551.908393852901], [-70.58028017243645, -33.38808949536399, 551.908393852901]]]}, "properties": {"building": "yes", "height": 7.478186286182238, "elevation": 551.908393852901, "category": "low-rise", "building_type": "residential"}}, {"type": "Feature", "geometry": {"type": "Polygon", "coordinates": [[[-70.55591102781419, -33.379288158385606, 561.2562455668995], [-70.55554601092986, -33.379288158385606, 561.2562455668995], [-70.55554601092986, -33.37892314150129, 561.2562455668995], [-70.55591102781419, -33.37892314150129, 561.2562455668995], [-70.55591102781419, -33.379288158385606, 561.2562455668995]]]}, "properties": {"building": "yes", "height": 10.895102438572101, "elevation": 561.2562455668995, "category": "low-rise", "building_type": "residential"}}, {"type": "Feature", "geometry": {"type": "Polygon", "coordinates": [[[-70.52400321542885, -33.40600474918984, 593.8054674820245], [-70.52364790213954, -33.40600474918984, 593.8054674820245], [-70.52364790213954, -33.40564943590055, 593.8054674820245], [-70.52400321542885, -33.40564943590055, 593.8054674820245], [-70.52400321542885, -33.40600474918984, 593.8054674820245]]]}, "properties": {"building": "yes", "height": 6.880718653878185, "elevation": 593.8054674820245, "category": "low-rise", "building_type": "residential"}}, {"type": "Feature", "geometry": {"type": "Polygon", "coordinates": [[[-70.57686554326995, -33.387870626020835, 578.8516797012801], [-70.57649076252895, -33.387870626020835, 578.8516797012801], [-70.57649076252895, -33.38749584527982, 578.8516797012801], [-70.57686554326995, -33.38749584527982, 578.8516797012801], [-70.57686554326995, -33.387870626020835, 578.8516797012801]]]}, "properties": {"building": "yes", "height": 6.513399499506971, "elevation": 578.8516797012801, "category": "low-rise", "building_type": "residential"}}, {"type": "Feature", "geometry": {"type": "Polygon", "coordinates": [[[-70.56900456749757, -33.38538240790286, 575.5141441077287], [-70.5686224802716, -33.38538240790286, 575.5141441077287], [-70.5686224802716, -33.38500032067687, 575.5141441077287], [-70.56900456749757, -33.38500032067687, 575.5141441077287], [-70.56900456749757, -33.38538240790286, 575.5141441077287]]]}, "properties": {"building": "yes", "height": 11.146161006586823, "elevation": 575.5141441077287, "category": "low-rise", "building_type": "residential"}}, {"type": "Feature", "geometry": {"type": "Polygon", "coordinates": [[[-70.56803061000986, -33.37819623720366, 580.6512324591619], [-70.56765106967177, -33.37819623720366, 580.6512324591619], [-70.56765106967177, -33.37781669686557, 580.6512324591619], [-70.56803061000986, -33.37781669686557, 580.6512324591619], [-70.56803061000986, -33.37819623720366, 580.6512324591619]]]}, "properties": {"building": "yes", "height": 7.745336807932497, "elevation": 580.6512324591619, "category": "low-rise", "building_type": "residential"}}, {"type": "Feature", "geometry": {"type": "Polygon", "coordinates": [[[-70.55522514889591, -33.39043217918386, 587.5565878375482], [-70.55494976797314, -33.39043217918386, 587.5565878375482], [-70.55494976797314, -33.39015679826109, 587.5565878375482], [-70.55522514889591, -33.39015679826109, 587.5565878375482], [-70.55522514889591, -33.39043217918386, 587.5565878375482]]]}, "properties": {"building": "yes", "height": 12.679564265319222, "elevation": 587.5565878375482, "category": "low-rise", "building_type": "residential"}}, {"type": "Feature", "geometry": {"type": "Polygon", "coordinates": [[[-70.54447880227771, -33.40365039274008, 563.4278950611082], [-70.54417209981496, -33.40365039274008, 563.4278950611082], [-70.54417209981496, -33.40334369027732, 563.4278950611082], [-70.54447880227771, -33.40334369027732, 563.4278950611082], [-70.54447880227771, -33.40365039274008, 563.4278950611082]]]}, "properties": {"building": "yes", "height": 13.489229301660343, "elevation": 563.4278950611082, "category": "low-rise", "building_type": "residential"}}, {"type": "Feature", "geometry": {"type": "Polygon", "coordinates": [[[-70.53933211678323, -33.40257361632092, 556.1443852848137], [-70.53897526897275, -33.40257361632092, 556.1443852848137], [-70.53897526897275, -33.402216768510456, 556.1443852848137], [-70.53933211678323, -33.402216768510456, 556.1443852848137], [-70.53933211678323, -33.40257361632092, 556.1443852848137]]]}, "properties": {"building": "yes", "height": 5.981754981868985, "elevation": 556.1443852848137, "category": "low-rise", "building_type": "residential"}}, {"type": "Feature", "geometry": {"type": "Polygon", "coordinates": [[[-70.56484025679178, -33.40347337078863, 544.5438346593551], [-70.56450308600334, -33.40347337078863, 544.5438346593551], [-70.56450308600334, -33.40313620000019, 544.5438346593551], [-70.56484025679178, -33.40313620000019, 544.5438346593551], [-70.56484025679178, -33.40347337078863, 544.5438346593551]]]}, "properties": {"building": "yes", "height": 5.849365038632178, "elevation": 544.5438346593551, "category": "low-rise", "building_type": "residential"}}, {"type": "Feature", "geometry": {"type": "Polygon", "coordinates": [[[-70.52219530882853, -33.39335932808459, 567.0289162995792], [-70.52183154120662, -33.39335932808459, 567.0289162995792], [-70.52183154120662, -33.3929955604627, 567.0289162995792], [-70.52219530882853, -33.3929955604627, 567.0289162995792], [-70.52219530882853, -33.39335932808459, 567.0289162995792]]]}, "properties": {"building": "yes", "height": 9.70116477782301, "elevation": 567.0289162995792, "category": "low-rise", "building_type": "residential"}}, {"type": "Feature", "geometry": {"type": "Polygon", "coordinates": [[[-70.58062410206135, -33.39739303477659, 575.3347976017978], [-70.58040552233324, -33.39739303477659, 575.3347976017978], [-70.58040552233324, -33.39717445504849, 575.3347976017978], [-70.58062410206135, -33.39717445504849, 575.3347976017978], [-70.58062410206135, -33.39739303477659, 575.3347976017978]]]}, "properties": {"building": "yes", "height": 10.951311016123908, "elevation": 575.3347976017978, "category": "low-rise", "building_type": "residential"}}, {"type": "Feature", "geometry": {"type": "Polygon", "coordinates": [[[-70.52065879254101, -33.37745313573664, 590.7011469717876], [-70.52039154106652, -33.37745313573664, 590.7011469717876], [-70.52039154106652, -33.377185884262126, 590.7011469717876], [-70.52065879254101, -33.377185884262126, 590.7011469717876], [-70.52065879254101, -33.37745313573664, 590.7011469717876]]]}, "properties": {"building": "yes", "height": 11.237060013761004, "elevation": 590.7011469717876, "category": "low-rise", "building_type": "residential"}}, {"type": "Feature", "geometry": {"type": "Polygon", "coordinates": [[[-70.52733347636378, -33.40186771189835, 554.4237119819819], [-70.52694860111647, -33.40186771189835, 554.4237119819819], [-70.52694860111647, -33.40148283665104, 554.4237119819819], [-70.52733347636378, -33.40148283665104, 554.4237119819819], [-70.52733347636378, -33.40186771189835, 554.4237119819819]]]}, "properties": {"building": "yes", "height": 9.329696478363012, "elevation": 554.4237119819819, "category": "low-rise", "building_type": "residential"}}, {"type": "Feature", "geometry": {"type": "Polygon", "coordinates": [[[-70.57454978003742, -33.410858853576805, 571.3457717729535], [-70.5742476920102, -33.410858853576805, 571.3457717729535], [-70.5742476920102, -33.41055676554958, 571.3457717729535], [-70.57454978003742, -33.41055676554958, 571.3457717729535], [-70.57454978003742, -33.410858853576805, 571.3457717729535]]]}, "properties": {"building": "yes", "height": 6.69306597430411, "elevation": 571.3457717729535, "category": "low-rise", "building_type": "residential"}}, {"type": "Feature", "geometry": {"type": "Polygon", "coordinates": [[[-70.57971299658286, -33.40728980881672, 594.2264755075752], [-70.57941071166147, -33.40728980881672, 594.2264755075752], [-70.57941071166147, -33.40698752389533, 594.2264755075752], [-70.57971299658286, -33.40698752389533, 594.2264755075752], [-70.57971299658286, -33.40728980881672, 594.2264755075752]]]}, "properties": {"building": "yes", "height": 9.20774276701519, "elevation": 594.2264755075752, "category": "low-rise", "building_type": "residential"}}, {"type": "Feature", "geometry": {"type": "Polygon", "coordinates": [[[-70.57924487618328, -33.40021323857743, 587.3225314061483], [-70.57894369516842, -33.40021323857743, 587.3225314061483], [-70.57894369516842, -33.39991205756255, 587.3225314061483], [-70.57924487618328, -33.39991205756255, 587.3225314061483], [-70.57924487618328, -33.40021323857743, 587.3225314061483]]]}, "properties": {"building": "yes", "height": 12.007630861881829, "elevation": 587.3225314061483, "category": "low-rise", "building_type": "residential"}}, {"type": "Feature", "geometry": {"type": "Polygon", "coordinates": [[[-70.57064591546948, -33.398048632133786, 584.9969728143142], [-70.57035206877275, -33.398048632133786, 584.9969728143142], [-70.57035206877275, -33.39775478543705, 584.9969728143142], [-70.57064591546948, -33.39775478543705, 584.9969728143142], [-70.57064591546948, -33.398048632133786, 584.9969728143142]]]}, "properties": {"building": "yes", "height": 5.831361652204458, "elevation": 584.9969728143142, "category": "low-rise", "building_type": "residential"}}, {"type": "Feature", "geometry": {"type": "Polygon", "coordinates": [[[-70.53924879477765, -33.403787997494, 567.8046176970589], [-70.53905574568537, -33.403787997494, 567.8046176970589], [-70.53905574568537, -33.40359494840171, 567.8046176970589], [-70.53924879477765, -33.40359494840171, 567.8046176970589], [-70.53924879477765, -33.403787997494, 567.8046176970589]]]}, "properties": {"building": "yes", "height": 14.86750847454029, "elevation": 567.8046176970589, "category": "low-rise", "building_type": "residential"}}, {"type": "Feature", "geometry": {"type": "Polygon", "coordinates": [[[-70.56460539460409, -33.39995937227117, 594.459069175727], [-70.56439463263641, -33.39995937227117, 594.459069175727], [-70.56439463263641, -33.399748610303476, 594.459069175727], [-70.56460539460409, -33.399748610303476, 594.459069175727], [-70.56460539460409, -33.39995937227117, 594.459069175727]]]}, "properties": {"building": "yes", "height": 14.233055182685222, "elevation": 594.459069175727, "category": "low-rise", "building_type": "residential"}}, {"type": "Feature", "geometry": {"type": "Polygon", "coordinates": [[[-70.54041263854197, -33.375366698517375, 577.4512123043557], [-70.54006811144939, -33.375366698517375, 577.4512123043557], [-70.54006811144939, -33.37502217142478, 577.4512123043557], [-70.54041263854197, -33.37502217142478, 577.4512123043557], [-70.54041263854197, -33.375366698517375, 577.4512123043557]]]}, "properties": {"building": "yes", "height": 11.940002078130743, "elevation": 577.4512123043557, "category": "low-rise", "building_type": "residential"}}, {"type": "Feature", "geometry": {"type": "Polygon", "coordinates": [[[-70.57867203397001, -33.41336949864536, 573.5745282626418], [-70.5784140915161, -33.41336949864536, 573.5745282626418], [-70.5784140915161, -33.41311155619143, 573.5745282626418], [-70.57867203397001, -33.41311155619143, 573.5745282626418], [-70.57867203397001, -33.41336949864536, 573.5745282626418]]]}, "properties": {"building": "yes", "height": 10.349650718111791, "elevation": 573.5745282626418, "category": "low-rise", "building_type": "residential"}}, {"type": "Feature", "geometry": {"type": "Polygon", "coordinates": [[[-70.53253162566811, -33.37703008874762, 552.5148413121773], [-70.53218530679474, -33.37703008874762, 552.5148413121773], [-70.53218530679474, -33.37668376987426, 552.5148413121773], [-70.53253162566811, -33.37668376987426, 552.5148413121773], [-70.53253162566811, -33.37703008874762, 552.5148413121773]]]}, "properties": {"building": "yes", "height": 9.734388613535474, "elevation": 552.5148413121773, "category": "low-rise", "building_type": "residential"}}, {"type": "Feature", "geometry": {"type": "Polygon", "coordinates": [[[-70.57063483520129, -33.41253728176909, 509.70286633324605], [-70.57041380776631, -33.41253728176909, 509.70286633324605], [-70.57041380776631, -33.412316254334115, 509.70286633324605], [-70.57063483520129, -33.412316254334115, 509.70286633324605], [-70.57063483520129, -33.41253728176909, 509.70286633324605]]]}, "properties": {"building": "yes", "height": 6.03128353023037, "elevation": 509.70286633324605, "category": "low-rise", "building_type": "residential"}}, {"type": "Feature", "geometry": {"type": "Polygon", "coordinates": [[[-70.55056995971752, -33.411744538639624, 576.6730792197867], [-70.55031660228279, -33.411744538639624, 576.6730792197867], [-70.55031660228279, -33.41149118120488, 576.6730792197867], [-70.55056995971752, -33.41149118120488, 576.6730792197867], [-70.55056995971752, -33.411744538639624, 576.6730792197867]]]}, "properties": {"building": "yes", "height": 7.7576151493347165, "elevation": 576.6730792197867, "category": "low-rise", "building_type": "residential"}}, {"type": "Feature", "geometry": {"type": "Polygon", "coordinates": [[[-70.541351296177, -33.402820962776026, 560.4333652848132], [-70.54103259684385, -33.402820962776026, 560.4333652848132], [-70.54103259684385, -33.40250226344286, 560.4333652848132], [-70.541351296177, -33.40250226344286, 560.4333652848132], [-70.541351296177, -33.402820962776026, 560.4333652848132]]]}, "properties": {"building": "yes", "height": 6.400294781011712, "elevation": 560.4333652848132, "category": "low-rise", "building_type": "residential"}}, {"type": "Feature", "geometry": {"type": "Polygon", "coordinates": [[[-70.52068518149575, -33.37467535213471, 559.6215374901017], [-70.52032451122402, -33.37467535213471, 559.6215374901017], [-70.52032451122402, -33.37431468186298, 559.6215374901017], [-70.52068518149575, -33.37431468186298, 559.6215374901017], [-70.52068518149575, -33.37467535213471, 559.6215374901017]]]}, "properties": {"building": "yes", "height": 6.873515640366272, "elevation": 559.6215374901017, "category": "low-rise", "building_type": "residential"}}, {"type": "Feature", "geometry": {"type": "Polygon", "coordinates": [[[-70.55365346732711, -33.4007526270415, 538.0488575994935], [-70.5534107536509, -33.4007526270415, 538.0488575994935], [-70.5534107536509, -33.40050991336527, 538.0488575994935], [-70.55365346732711, -33.40050991336527, 538.0488575994935], [-70.55365346732711, -33.4007526270415, 538.0488575994935]]]}, "properties": {"building": "yes", "height": 5.724091769224987, "elevation": 538.0488575994935, "category": "low-rise", "building_type": "residential"}}, {"type": "Feature", "geometry": {"type": "Polygon", "coordinates": [[[-70.580685098752, -33.40243874117559, 602.8720178192693], [-70.58028735187112, -33.40243874117559, 602.8720178192693], [-70.58028735187112, -33.40204099429471, 602.8720178192693], [-70.580685098752, -33.40204099429471, 602.8720178192693], [-70.580685098752, -33.40243874117559, 602.8720178192693]]]}, "properties": {"building": "yes", "height": 9.863550624272227, "elevation": 602.8720178192693, "category": "low-rise", "building_type": "residential"}}, {"type": "Feature", "geometry": {"type": "Polygon", "coordinates": [[[-70.58086884464714, -33.394788268510055, 578.365014816818], [-70.58064512249962, -33.394788268510055, 578.365014816818], [-70.58064512249962, -33.39456454636253, 578.365014816818], [-70.58086884464714, -33.39456454636253, 578.365014816818], [-70.58086884464714, -33.394788268510055, 578.365014816818]]]}, "properties": {"building": "yes", "height": 9.426316040236276, "elevation": 578.365014816818, "category": "low-rise", "building_type": "residential"}}, {"type": "Feature", "geometry": {"type": "Polygon", "coordinates": [[[-70.5733829443774, -33.37618315407681, 563.3942912733537], [-70.57319726086367, -33.37618315407681, 563.3942912733537], [-70.57319726086367, -33.375997470563064, 563.3942912733537], [-70.5733829443774, -33.375997470563064, 563.3942912733537], [-70.5733829443774, -33.37618315407681, 563.3942912733537]]]}, "properties": {"building": "yes", "height": 9.246710274747404, "elevation": 563.3942912733537, "category": "low-rise", "building_type": "residential"}}, {"type": "Feature", "geometry": {"type": "Polygon", "coordinates": [[[-70.53841414956693, -33.387786377547606, 587.494630674374], [-70.53825084642202, -33.387786377547606, 587.494630674374], [-70.53825084642202, -33.38762307440269, 587.494630674374], [-70.53841414956693, -33.38762307440269, 587.494630674374], [-70.53841414956693, -33.387786377547606, 587.494630674374]]]}, "properties": {"building": "yes", "height": 12.45744933944633, "elevation": 587.494630674374, "category": "low-rise", "building_type": "residential"}}, {"type": "Feature", "geometry": {"type": "Polygon", "coordinates": [[[-70.57175939857588, -33.376626196581924, 592.7577581424571], [-70.57148160944384, -33.376626196581924, 592.7577581424571], [-70.57148160944384, -33.37634840744988, 592.7577581424571], [-70.57175939857588, -33.37634840744988, 592.7577581424571], [-70.57175939857588, -33.376626196581924, 592.7577581424571]]]}, "properties": {"building": "yes", "height": 11.354365913306772, "elevation": 592.7577581424571, "category": "low-rise", "building_type": "residential"}}, {"type": "Feature", "geometry": {"type": "Polygon", "coordinates": [[[-70.58201065406968, -33.393997629011935, 589.271089939074], [-70.58164964281045, -33.393997629011935, 589.271089939074], [-70.58164964281045, -33.393636617752705, 589.271089939074], [-70.58201065406968, -33.393636617752705, 589.271089939074], [-70.58201065406968, -33.393997629011935, 589.271089939074]]]}, "properties": {"building": "yes", "height": 8.48608619697626, "elevation": 589.271089939074, "category": "low-rise", "building_type": "residential"}}, {"type": "Feature", "geometry": {"type": "Polygon", "coordinates": [[[-70.55114393641287, -33.39537304080083, 560.515045475774], [-70.55079228661921, -33.39537304080083, 560.515045475774], [-70.55079228661921, -33.395021391007155, 560.515045475774], [-70.55114393641287, -33.395021391007155, 560.515045475774], [-70.55114393641287, -33.39537304080083, 560.515045475774]]]}, "properties": {"building": "yes", "height": 10.107063150178519, "elevation": 560.515045475774, "category": "low-rise", "building_type": "residential"}}, {"type": "Feature", "geometry": {"type": "Polygon", "coordinates": [[[-70.53613881528594, -33.3920042191033, 594.5389127303222], [-70.53579824390297, -33.3920042191033, 594.5389127303222], [-70.53579824390297, -33.39166364772032, 594.5389127303222], [-70.53613881528594, -33.39166364772032, 594.5389127303222], [-70.53613881528594, -33.3920042191033, 594.5389127303222]]]}, "properties": {"building": "yes", "height": 7.902400866479198, "elevation": 594.5389127303222, "category": "low-rise", "building_type": "residential"}}, {"type": "Feature", "geometry": {"type": "Polygon", "coordinates": [[[-70.57571940089736, -33.39906762041167, 581.3579432736558], [-70.5754618975235, -33.39906762041167, 581.3579432736558], [-70.5754618975235, -33.39881011703781, 581.3579432736558], [-70.57571940089736, -33.39881011703781, 581.3579432736558], [-70.57571940089736, -33.39906762041167, 581.3579432736558]]]}, "properties": {"building": "yes", "height": 14.123259611581492, "elevation": 581.3579432736558, "category": "low-rise", "building_type": "residential"}}, {"type": "Feature", "geometry": {"type": "Polygon", "coordinates": [[[-70.54081459176764, -33.41162117306828, 562.724968483671], [-70.54056992539627, -33.41162117306828, 562.724968483671], [-70.54056992539627, -33.411376506696925, 562.724968483671], [-70.54081459176764, -33.411376506696925, 562.724968483671], [-70.54081459176764, -33.41162117306828, 562.724968483671]]]}, "properties": {"building": "yes", "height": 11.708509077584793, "elevation": 562.724968483671, "category": "low-rise", "building_type": "residential"}}, {"type": "Feature", "geometry": {"type": "Polygon", "coordinates": [[[-70.56770098245076, -33.38370747066888, 579.6340563130598], [-70.5674179121325, -33.38370747066888, 579.6340563130598], [-70.5674179121325, -33.38342440035062, 579.6340563130598], [-70.56770098245076, -33.38342440035062, 579.6340563130598], [-70.56770098245076, -33.38370747066888, 579.6340563130598]]]}, "properties": {"building": "yes", "height": 8.606910083318276, "elevation": 579.6340563130598, "category": "low-rise", "building_type": "residential"}}, {"type": "Feature", "geometry": {"type": "Polygon", "coordinates": [[[-70.58591655557841, -33.403149239906384, 549.8996659794054], [-70.58559885272213, -33.403149239906384, 549.8996659794054], [-70.58559885272213, -33.40283153705009, 549.8996659794054], [-70.58591655557841, -33.40283153705009, 549.8996659794054], [-70.58591655557841, -33.403149239906384, 549.8996659794054]]]}, "properties": {"building": "yes", "height": 13.63580319997295, "elevation": 549.8996659794054, "category": "low-rise", "building_type": "residential"}}, {"type": "Feature", "geometry": {"type": "Polygon", "coordinates": [[[-70.56182997001358, -33.37875085937024, 548.265067490066], [-70.56156889645465, -33.37875085937024, 548.265067490066], [-70.56156889645465, -33.37848978581131, 548.265067490066], [-70.56182997001358, -33.37848978581131, 548.265067490066], [-70.56182997001358, -33.37875085937024, 548.265067490066]]]}, "properties": {"building": "yes", "height": 12.017143517066902, "elevation": 548.265067490066, "category": "low-rise", "building_type": "residential"}}, {"type": "Feature", "geometry": {"type": "Polygon", "coordinates": [[[-70.5421460789605, -33.40181213001334, 581.1204307565978], [-70.54184516160946, -33.40181213001334, 581.1204307565978], [-70.54184516160946, -33.401511212662314, 581.1204307565978], [-70.5421460789605, -33.401511212662314, 581.1204307565978], [-70.5421460789605, -33.40181213001334, 581.1204307565978]]]}, "properties": {"building": "yes", "height": 9.351190952978278, "elevation": 581.1204307565978, "category": "low-rise", "building_type": "residential"}}, {"type": "Feature", "geometry": {"type": "Polygon", "coordinates": [[[-70.58023434241724, -33.40198581602874, 553.3074909196941], [-70.5800034041435, -33.40198581602874, 553.3074909196941], [-70.5800034041435, -33.401754877754996, 553.3074909196941], [-70.58023434241724, -33.401754877754996, 553.3074909196941], [-70.58023434241724, -33.40198581602874, 553.3074909196941]]]}, "properties": {"building": "yes", "height": 5.181112282183867, "elevation": 553.3074909196941, "category": "low-rise", "building_type": "residential"}}, {"type": "Feature", "geometry": {"type": "Polygon", "coordinates": [[[-70.54901539889583, -33.376065695139985, 583.326276369452], [-70.54877643774476, -33.376065695139985, 583.326276369452], [-70.54877643774476, -33.37582673398893, 583.326276369452], [-70.54901539889583, -33.37582673398893, 583.326276369452], [-70.54901539889583, -33.376065695139985, 583.326276369452]]]}, "properties": {"building": "yes", "height": 14.466575427830078, "elevation": 583.326276369452, "category": "low-rise", "building_type": "residential"}}, {"type": "Feature", "geometry": {"type": "Polygon", "coordinates": [[[-70.58100517568012, -33.41009673904694, 581.5714907078775], [-70.58074883093265, -33.41009673904694, 581.5714907078775], [-70.58074883093265, -33.40984039429947, 581.5714907078775], [-70.58100517568012, -33.40984039429947, 581.5714907078775], [-70.58100517568012, -33.41009673904694, 581.5714907078775]]]}, "properties": {"building": "yes", "height": 5.64860003460466, "elevation": 581.5714907078775, "category": "low-rise", "building_type": "residential"}}, {"type": "Feature", "geometry": {"type": "Polygon", "coordinates": [[[-70.53601948904289, -33.38461346530764, 565.3691712715407], [-70.53574410738885, -33.38461346530764, 565.3691712715407], [-70.53574410738885, -33.38433808365359, 565.3691712715407], [-70.53601948904289, -33.38433808365359, 565.3691712715407], [-70.53601948904289, -33.38461346530764, 565.3691712715407]]]}, "properties": {"building": "yes", "height": 5.0789271085024055, "elevation": 565.3691712715407, "category": "low-rise", "building_type": "residential"}}, {"type": "Feature", "geometry": {"type": "Polygon", "coordinates": [[[-70.56918911215642, -33.377975906116006, 550.848007333353], [-70.56892719492878, -33.377975906116006, 550.848007333353], [-70.56892719492878, -33.377713988888374, 550.848007333353], [-70.56918911215642, -33.377713988888374, 550.848007333353], [-70.56918911215642, -33.377975906116006, 550.848007333353]]]}, "properties": {"building": "yes", "height": 5.650366116800832, "elevation": 550.848007333353, "category": "low-rise", "building_type": "residential"}}, {"type": "Feature", "geometry": {"type": "Polygon", "coordinates": [[[-70.52501551891206, -33.375958043272625, 579.3239664508633], [-70.52464617955525, -33.375958043272625, 579.3239664508633], [-70.52464617955525, -33.37558870391582, 579.3239664508633], [-70.52501551891206, -33.37558870391582, 579.3239664508633], [-70.52501551891206, -33.375958043272625, 579.3239664508633]]]}, "properties": {"building": "yes", "height": 6.895680535582502, "elevation": 579.3239664508633, "category": "low-rise", "building_type": "residential"}}, {"type": "Feature", "geometry": {"type": "Polygon", "coordinates": [[[-70.54328935486542, -33.383439040092355, 572.9099184907934], [-70.54303023090411, -33.383439040092355, 572.9099184907934], [-70.54303023090411, -33.38317991613104, 572.9099184907934], [-70.54328935486542, -33.38317991613104, 572.9099184907934], [-70.54328935486542, -33.383439040092355, 572.9099184907934]]]}, "properties": {"building": "yes", "height": 6.196821928399694, "elevation": 572.9099184907934, "category": "low-rise", "building_type": "residential"}}, {"type": "Feature", "geometry": {"type": "Polygon", "coordinates": [[[-70.52657134914868, -33.38408246191906, 592.337059955636], [-70.52626831971936, -33.38408246191906, 592.337059955636], [-70.52626831971936, -33.38377943248974, 592.337059955636], [-70.52657134914868, -33.38377943248974, 592.337059955636], [-70.52657134914868, -33.38408246191906, 592.337059955636]]]}, "properties": {"building": "yes", "height": 11.396218960059201, "elevation": 592.337059955636, "category": "low-rise", "building_type": "residential"}}, {"type": "Feature", "geometry": {"type": "Polygon", "coordinates": [[[-70.5777175119308, -33.395236390566666, 566.5349075743928], [-70.57753701632144, -33.395236390566666, 566.5349075743928], [-70.57753701632144, -33.395055894957295, 566.5349075743928], [-70.5777175119308, -33.395055894957295, 566.5349075743928], [-70.5777175119308, -33.395236390566666, 566.5349075743928]]]}, "properties": {"building": "yes", "height": 9.323273379202222, "elevation": 566.5349075743928, "category": "low-rise", "building_type": "residential"}}, {"type": "Feature", "geometry": {"type": "Polygon", "coordinates": [[[-70.58093704784646, -33.38039528136781, 535.6063237244973], [-70.58057654215567, -33.38039528136781, 535.6063237244973], [-70.58057654215567, -33.38003477567702, 535.6063237244973], [-70.58093704784646, -33.38003477567702, 535.6063237244973], [-70.58093704784646, -33.38039528136781, 535.6063237244973]]]}, "properties": {"building": "yes", "height": 13.54767705534423, "elevation": 535.6063237244973, "category": "low-rise", "building_type": "residential"}}, {"type": "Feature", "geometry": {"type": "Polygon", "coordinates": [[[-70.53773504401431, -33.39237388136875, 600.9846077901652], [-70.53749995706289, -33.39237388136875, 600.9846077901652], [-70.53749995706289, -33.39213879441734, 600.9846077901652], [-70.53773504401431, -33.39213879441734, 600.9846077901652], [-70.53773504401431, -33.39237388136875, 600.9846077901652]]]}, "properties": {"building": "yes", "height": 8.59101397068747, "elevation": 600.9846077901652, "category": "low-rise", "building_type": "residential"}}, {"type": "Feature", "geometry": {"type": "Polygon", "coordinates": [[[-70.55453594836506, -33.403585010966836, 588.3985543733363], [-70.55414747913657, -33.403585010966836, 588.3985543733363], [-70.55414747913657, -33.40319654173837, 588.3985543733363], [-70.55453594836506, -33.40319654173837, 588.3985543733363], [-70.55453594836506, -33.403585010966836, 588.3985543733363]]]}, "properties": {"building": "yes", "height": 11.491812070579286, "elevation": 588.3985543733363, "category": "low-rise", "building_type": "residential"}}, {"type": "Feature", "geometry": {"type": "Polygon", "coordinates": [[[-70.58262007798336, -33.37430511088302, 570.0747876720459], [-70.58228651527969, -33.37430511088302, 570.0747876720459], [-70.58228651527969, -33.37397154817935, 570.0747876720459], [-70.58262007798336, -33.37397154817935, 570.0747876720459], [-70.58262007798336, -33.37430511088302, 570.0747876720459]]]}, "properties": {"building": "yes", "height": 14.252731618762907, "elevation": 570.0747876720459, "category": "low-rise", "building_type": "residential"}}, {"type": "Feature", "geometry": {"type": "Polygon", "coordinates": [[[-70.56882941642314, -33.39130260783464, 591.5880519993767], [-70.56843282600019, -33.39130260783464, 591.5880519993767], [-70.56843282600019, -33.39090601741169, 591.5880519993767], [-70.56882941642314, -33.39090601741169, 591.5880519993767], [-70.56882941642314, -33.39130260783464, 591.5880519993767]]]}, "properties": {"building": "yes", "height": 9.692451431391268, "elevation": 591.5880519993767, "category": "low-rise", "building_type": "residential"}}, {"type": "Feature", "geometry": {"type": "Polygon", "coordinates": [[[-70.52278477024822, -33.40055801119688, 595.5434724142367], [-70.52255212421127, -33.40055801119688, 595.5434724142367], [-70.52255212421127, -33.400325365159915, 595.5434724142367], [-70.52278477024822, -33.400325365159915, 595.5434724142367], [-70.52278477024822, -33.40055801119688, 595.5434724142367]]]}, "properties": {"building": "yes", "height": 12.408514922279494, "elevation": 595.5434724142367, "category": "low-rise", "building_type": "residential"}}, {"type": "Feature", "geometry": {"type": "Polygon", "coordinates": [[[-70.56954187305047, -33.41067673899149, 558.9316302242992], [-70.5691852835264, -33.41067673899149, 558.9316302242992], [-70.5691852835264, -33.41032014946742, 558.9316302242992], [-70.56954187305047, -33.41032014946742, 558.9316302242992], [-70.56954187305047, -33.41067673899149, 558.9316302242992]]]}, "properties": {"building": "yes", "height": 9.545692040074798, "elevation": 558.9316302242992, "category": "low-rise", "building_type": "residential"}}, {"type": "Feature", "geometry": {"type": "Polygon", "coordinates": [[[-70.52362676444397, -33.39666454242503, 564.918352883069], [-70.52336583320337, -33.39666454242503, 564.918352883069], [-70.52336583320337, -33.396403611184425, 564.918352883069], [-70.52362676444397, -33.396403611184425, 564.918352883069], [-70.52362676444397, -33.39666454242503, 564.918352883069]]]}, "properties": {"building": "yes", "height": 9.161507750956572, "elevation": 564.918352883069, "category": "low-rise", "building_type": "residential"}}, {"type": "Feature", "geometry": {"type": "Polygon", "coordinates": [[[-70.55557189462618, -33.38985676430426, 578.5433560111278], [-70.55533246064499, -33.38985676430426, 578.5433560111278], [-70.55533246064499, -33.389617330323055, 578.5433560111278], [-70.55557189462618, -33.389617330323055, 578.5433560111278], [-70.55557189462618, -33.38985676430426, 578.5433560111278]]]}, "properties": {"building": "yes", "height": 10.398421369116233, "elevation": 578.5433560111278, "category": "low-rise", "building_type": "residential"}}, {"type": "Feature", "geometry": {"type": "Polygon", "coordinates": [[[-70.57937515849413, -33.41367563008638, 550.5254573976418], [-70.57903027063297, -33.41367563008638, 550.5254573976418], [-70.57903027063297, -33.413330742225234, 550.5254573976418], [-70.57937515849413, -33.413330742225234, 550.5254573976418], [-70.57937515849413, -33.41367563008638, 550.5254573976418]]]}, "properties": {"building": "yes", "height": 5.859355654517867, "elevation": 550.5254573976418, "category": "low-rise", "building_type": "residential"}}, {"type": "Feature", "geometry": {"type": "Polygon", "coordinates": [[[-70.52995930277758, -33.37567505640812, 585.5148652276246], [-70.52960676022253, -33.37567505640812, 585.5148652276246], [-70.52960676022253, -33.37532251385306, 585.5148652276246], [-70.52995930277758, -33.37532251385306, 585.5148652276246], [-70.52995930277758, -33.37567505640812, 585.5148652276246]]]}, "properties": {"building": "yes", "height": 12.50973246706943, "elevation": 585.5148652276246, "category": "low-rise", "building_type": "residential"}}, {"type": "Feature", "geometry": {"type": "Polygon", "coordinates": [[[-70.56354919871477, -33.40461962818382, 551.0247733904189], [-70.56332787661528, -33.40461962818382, 551.0247733904189], [-70.56332787661528, -33.404398306084346, 551.0247733904189], [-70.56354919871477, -33.404398306084346, 551.0247733904189], [-70.56354919871477, -33.40461962818382, 551.0247733904189]]]}, "properties": {"building": "yes", "height": 9.342107658922433, "elevation": 551.0247733904189, "category": "low-rise", "building_type": "residential"}}, {"type": "Feature", "geometry": {"type": "Polygon", "coordinates": [[[-70.55035629850065, -33.38969885948256, 571.7759408833025], [-70.54999702423683, -33.38969885948256, 571.7759408833025], [-70.54999702423683, -33.38933958521874, 571.7759408833025], [-70.55035629850065, -33.38933958521874, 571.7759408833025], [-70.55035629850065, -33.38969885948256, 571.7759408833025]]]}, "properties": {"building": "yes", "height": 8.768424849160548, "elevation": 571.7759408833025, "category": "low-rise", "building_type": "residential"}}, {"type": "Feature", "geometry": {"type": "Polygon", "coordinates": [[[-70.55905468292411, -33.389414103375344, 604.7489296208287], [-70.55866369269415, -33.389414103375344, 604.7489296208287], [-70.55866369269415, -33.38902311314537, 604.7489296208287], [-70.55905468292411, -33.38902311314537, 604.7489296208287], [-70.55905468292411, -33.389414103375344, 604.7489296208287]]]}, "properties": {"building": "yes", "height": 13.22287852192658, "elevation": 604.7489296208287, "category": "low-rise", "building_type": "residential"}}, {"type": "Feature", "geometry": {"type": "Polygon", "coordinates": [[[-70.51830262005187, -33.38101699626886, 567.473530800284], [-70.51808506847117, -33.38101699626886, 567.473530800284], [-70.51808506847117, -33.38079944468816, 567.473530800284], [-70.51830262005187, -33.38079944468816, 567.473530800284], [-70.51830262005187, -33.38101699626886, 567.473530800284]]]}, "properties": {"building": "yes", "height": 11.661259866349969, "elevation": 567.473530800284, "category": "low-rise", "building_type": "residential"}}, {"type": "Feature", "geometry": {"type": "Polygon", "coordinates": [[[-70.57616951380432, -33.393223701873225, 589.3854733223936], [-70.57597291334692, -33.393223701873225, 589.3854733223936], [-70.57597291334692, -33.393027101415825, 589.3854733223936], [-70.57616951380432, -33.393027101415825, 589.3854733223936], [-70.57616951380432, -33.393223701873225, 589.3854733223936]]]}, "properties": {"building": "yes", "height": 6.327340831706421, "elevation": 589.3854733223936, "category": "low-rise", "building_type": "residential"}}, {"type": "Feature", "geometry": {"type": "Polygon", "coordinates": [[[-70.55678909280452, -33.40024035810018, 541.0689695776219], [-70.55660585327898, -33.40024035810018, 541.0689695776219], [-70.55660585327898, -33.40005711857464, 541.0689695776219], [-70.55678909280452, -33.40005711857464, 541.0689695776219], [-70.55678909280452, -33.40024035810018, 541.0689695776219]]]}, "properties": {"building": "yes", "height": 10.308184317512747, "elevation": 541.0689695776219, "category": "low-rise", "building_type": "residential"}}, {"type": "Feature", "geometry": {"type": "Polygon", "coordinates": [[[-70.5841128219762, -33.410853770248316, 575.4399426639668], [-70.58392095736049, -33.410853770248316, 575.4399426639668], [-70.58392095736049, -33.410661905632615, 575.4399426639668], [-70.5841128219762, -33.410661905632615, 575.4399426639668], [-70.5841128219762, -33.410853770248316, 575.4399426639668]]]}, "properties": {"building": "yes", "height": 7.38679554045452, "elevation": 575.4399426639668, "category": "low-rise", "building_type": "residential"}}, {"type": "Feature", "geometry": {"type": "Polygon", "coordinates": [[[-70.57649688102806, -33.3934544254093, 564.7883509775693], [-70.57630519287862, -33.3934544254093, 564.7883509775693], [-70.57630519287862, -33.393262737259874, 564.7883509775693], [-70.57649688102806, -33.393262737259874, 564.7883509775693], [-70.57649688102806, -33.3934544254093, 564.7883509775693]]]}, "properties": {"building": "yes", "height": 7.7280314087245205, "elevation": 564.7883509775693, "category": "low-rise", "building_type": "residential"}}, {"type": "Feature", "geometry": {"type": "Polygon", "coordinates": [[[-70.58275514315233, -33.41401036461879, 543.6215353710518], [-70.58235975858528, -33.41401036461879, 543.6215353710518], [-70.58235975858528, -33.41361498005176, 543.6215353710518], [-70.58275514315233, -33.41361498005176, 543.6215353710518], [-70.58275514315233, -33.41401036461879, 543.6215353710518]]]}, "properties": {"building": "yes", "height": 10.432256240761738, "elevation": 543.6215353710518, "category": "low-rise", "building_type": "residential"}}, {"type": "Feature", "geometry": {"type": "Polygon", "coordinates": [[[-70.5807399566887, -33.395235421951774, 567.702246061601], [-70.58044685819296, -33.395235421951774, 567.702246061601], [-70.58044685819296, -33.394942323456014, 567.702246061601], [-70.5807399566887, -33.394942323456014, 567.702246061601], [-70.5807399566887, -33.395235421951774, 567.702246061601]]]}, "properties": {"building": "yes", "height": 8.997618957024535, "elevation": 567.702246061601, "category": "low-rise", "building_type": "residential"}}, {"type": "Feature", "geometry": {"type": "Polygon", "coordinates": [[[-70.52274624655594, -33.38520598123916, 566.3798396610539], [-70.52242810492, -33.38520598123916, 566.3798396610539], [-70.52242810492, -33.3848878396032, 566.3798396610539], [-70.52274624655594, -33.3848878396032, 566.3798396610539], [-70.52274624655594, -33.38520598123916, 566.3798396610539]]]}, "properties": {"building": "yes", "height": 10.236897602067181, "elevation": 566.3798396610539, "category": "low-rise", "building_type": "residential"}}, {"type": "Feature", "geometry": {"type": "Polygon", "coordinates": [[[-70.55122496810665, -33.397178891111025, 544.3592499026985], [-70.55100337913257, -33.397178891111025, 544.3592499026985], [-70.55100337913257, -33.39695730213694, 544.3592499026985], [-70.55122496810665, -33.39695730213694, 544.3592499026985], [-70.55122496810665, -33.397178891111025, 544.3592499026985]]]}, "properties": {"building": "yes", "height": 12.907114912775498, "elevation": 544.3592499026985, "category": "low-rise", "building_type": "residential"}}, {"type": "Feature", "geometry": {"type": "Polygon", "coordinates": [[[-70.573173167673, -33.39310042235605, 551.7306088472523], [-70.57292231010707, -33.39310042235605, 551.7306088472523], [-70.57292231010707, -33.39284956479012, 551.7306088472523], [-70.573173167673, -33.39284956479012, 551.7306088472523], [-70.573173167673, -33.39310042235605, 551.7306088472523]]]}, "properties": {"building": "yes", "height": 14.611250679538859, "elevation": 551.7306088472523, "category": "low-rise", "building_type": "residential"}}, {"type": "Feature", "geometry": {"type": "Polygon", "coordinates": [[[-70.52520243476101, -33.40955656553112, 530.8382956927674], [-70.52498517862392, -33.40955656553112, 530.8382956927674], [-70.52498517862392, -33.409339309394014, 530.8382956927674], [-70.52520243476101, -33.409339309394014, 530.8382956927674], [-70.52520243476101, -33.40955656553112, 530.8382956927674]]]}, "properties": {"building": "yes", "height": 5.06720986959495, "elevation": 530.8382956927674, "category": "low-rise", "building_type": "residential"}}, {"type": "Feature", "geometry": {"type": "Polygon", "coordinates": [[[-70.57270989414398, -33.40853440290563, 567.544981998993], [-70.57251721806198, -33.40853440290563, 567.544981998993], [-70.57251721806198, -33.408341726823636, 567.544981998993], [-70.57270989414398, -33.408341726823636, 567.544981998993], [-70.57270989414398, -33.40853440290563, 567.544981998993]]]}, "properties": {"building": "yes", "height": 13.870727686837478, "elevation": 567.544981998993, "category": "low-rise", "building_type": "residential"}}, {"type": "Feature", "geometry": {"type": "Polygon", "coordinates": [[[-70.57394448804992, -33.40977441281973, 594.9320819576737], [-70.57372514086792, -33.40977441281973, 594.9320819576737], [-70.57372514086792, -33.40955506563775, 594.9320819576737], [-70.57394448804992, -33.40955506563775, 594.9320819576737], [-70.57394448804992, -33.40977441281973, 594.9320819576737]]]}, "properties": {"building": "yes", "height": 10.241092789444144, "elevation": 594.9320819576737, "category": "low-rise", "building_type": "residential"}}, {"type": "Feature", "geometry": {"type": "Polygon", "coordinates": [[[-70.56779899846114, -33.38216551035522, 560.3175517026965], [-70.5674778057215, -33.38216551035522, 560.3175517026965], [-70.5674778057215, -33.381844317615574, 560.3175517026965], [-70.56779899846114, -33.381844317615574, 560.3175517026965], [-70.56779899846114, -33.38216551035522, 560.3175517026965]]]}, "properties": {"building": "yes", "height": 14.397766163731625, "elevation": 560.3175517026965, "category": "low-rise", "building_type": "residential"}}, {"type": "Feature", "geometry": {"type": "Polygon", "coordinates": [[[-70.55227825211573, -33.40404125762265, 566.4525171197535], [-70.55197585697151, -33.40404125762265, 566.4525171197535], [-70.55197585697151, -33.403738862478434, 566.4525171197535], [-70.55227825211573, -33.403738862478434, 566.4525171197535], [-70.55227825211573, -33.40404125762265, 566.4525171197535]]]}, "properties": {"building": "yes", "height": 8.047677809298033, "elevation": 566.4525171197535, "category": "low-rise", "building_type": "residential"}}, {"type": "Feature", "geometry": {"type": "Polygon", "coordinates": [[[-70.56888699479526, -33.38616454680376, 587.3280166610554], [-70.56849203010637, -33.38616454680376, 587.3280166610554], [-70.56849203010637, -33.38576958211487, 587.3280166610554], [-70.56888699479526, -33.38576958211487, 587.3280166610554], [-70.56888699479526, -33.38616454680376, 587.3280166610554]]]}, "properties": {"building": "yes", "height": 10.665856463263653, "elevation": 587.3280166610554, "category": "low-rise", "building_type": "residential"}}, {"type": "Feature", "geometry": {"type": "Polygon", "coordinates": [[[-70.53025273608066, -33.40526762284606, 570.1140100621941], [-70.52987442662575, -33.40526762284606, 570.1140100621941], [-70.52987442662575, -33.40488931339116, 570.1140100621941], [-70.53025273608066, -33.40488931339116, 570.1140100621941], [-70.53025273608066, -33.40526762284606, 570.1140100621941]]]}, "properties": {"building": "yes", "height": 8.281148155894218, "elevation": 570.1140100621941, "category": "low-rise", "building_type": "residential"}}, {"type": "Feature", "geometry": {"type": "Polygon", "coordinates": [[[-70.52234614034269, -33.39703062837087, 585.9562260691428], [-70.52196571515167, -33.39703062837087, 585.9562260691428], [-70.52196571515167, -33.396650203179846, 585.9562260691428], [-70.52234614034269, -33.396650203179846, 585.9562260691428], [-70.52234614034269, -33.39703062837087, 585.9562260691428]]]}, "properties": {"building": "yes", "height": 10.728835509950985, "elevation": 585.9562260691428, "category": "low-rise", "building_type": "residential"}}, {"type": "Feature", "geometry": {"type": "Polygon", "coordinates": [[[-70.57723821198172, -33.40548525119383, 585.1578210458332], [-70.57706083645752, -33.40548525119383, 585.1578210458332], [-70.57706083645752, -33.405307875669614, 585.1578210458332], [-70.57723821198172, -33.405307875669614, 585.1578210458332], [-70.57723821198172, -33.40548525119383, 585.1578210458332]]]}, "properties": {"building": "yes", "height": 10.354716639274205, "elevation": 585.1578210458332, "category": "low-rise", "building_type": "residential"}}, {"type": "Feature", "geometry": {"type": "Polygon", "coordinates": [[[-70.58286518408038, -33.377399317921814, 564.8868405533268], [-70.58257434713109, -33.377399317921814, 564.8868405533268], [-70.58257434713109, -33.377108480972524, 564.8868405533268], [-70.58286518408038, -33.377108480972524, 564.8868405533268], [-70.58286518408038, -33.377399317921814, 564.8868405533268]]]}, "properties": {"building": "yes", "height": 8.609857985456218, "elevation": 564.8868405533268, "category": "low-rise", "building_type": "residential"}}, {"type": "Feature", "geometry": {"type": "Polygon", "coordinates": [[[-70.56038723172081, -33.404980744408796, 542.8897371902232], [-70.56005285500491, -33.404980744408796, 542.8897371902232], [-70.56005285500491, -33.40464636769291, 542.8897371902232], [-70.56038723172081, -33.40464636769291, 542.8897371902232], [-70.56038723172081, -33.404980744408796, 542.8897371902232]]]}, "properties": {"building": "yes", "height": 5.743615741531379, "elevation": 542.8897371902232, "category": "low-rise", "building_type": "residential"}}, {"type": "Feature", "geometry": {"type": "Polygon", "coordinates": [[[-70.53153395881642, -33.388534214812346, 568.8411634723653], [-70.53119000636786, -33.388534214812346, 568.8411634723653], [-70.53119000636786, -33.388190262363786, 568.8411634723653], [-70.53153395881642, -33.388190262363786, 568.8411634723653], [-70.53153395881642, -33.388534214812346, 568.8411634723653]]]}, "properties": {"building": "yes", "height": 7.997425993265029, "elevation": 568.8411634723653, "category": "low-rise", "building_type": "residential"}}, {"type": "Feature", "geometry": {"type": "Polygon", "coordinates": [[[-70.54767811133154, -33.40688072207306, 577.8387501541085], [-70.54748173021277, -33.40688072207306, 577.8387501541085], [-70.54748173021277, -33.40668434095428, 577.8387501541085], [-70.54767811133154, -33.40668434095428, 577.8387501541085], [-70.54767811133154, -33.40688072207306, 577.8387501541085]]]}, "properties": {"building": "yes", "height": 11.961541664539865, "elevation": 577.8387501541085, "category": "low-rise", "building_type": "residential"}}, {"type": "Feature", "geometry": {"type": "Polygon", "coordinates": [[[-70.51974840036065, -33.38014172177464, 600.7838399577258], [-70.51953818776182, -33.38014172177464, 600.7838399577258], [-70.51953818776182, -33.379931509175826, 600.7838399577258], [-70.51974840036065, -33.379931509175826, 600.7838399577258], [-70.51974840036065, -33.38014172177464, 600.7838399577258]]]}, "properties": {"building": "yes", "height": 9.968707706186061, "elevation": 600.7838399577258, "category": "low-rise", "building_type": "residential"}}, {"type": "Feature", "geometry": {"type": "Polygon", "coordinates": [[[-70.56163466289888, -33.38506135439788, 568.5754178260873], [-70.56133111313773, -33.38506135439788, 568.5754178260873], [-70.56133111313773, -33.38475780463672, 568.5754178260873], [-70.56163466289888, -33.38475780463672, 568.5754178260873], [-70.56163466289888, -33.38506135439788, 568.5754178260873]]]}, "properties": {"building": "yes", "height": 10.633626780635037, "elevation": 568.5754178260873, "category": "low-rise", "building_type": "residential"}}, {"type": "Feature", "geometry": {"type": "Polygon", "coordinates": [[[-70.56805485499378, -33.39674587022786, 572.1677341985976], [-70.56769793464294, -33.39674587022786, 572.1677341985976], [-70.56769793464294, -33.39638894987702, 572.1677341985976], [-70.56805485499378, -33.39638894987702, 572.1677341985976], [-70.56805485499378, -33.39674587022786, 572.1677341985976]]]}, "properties": {"building": "yes", "height": 12.771310794770292, "elevation": 572.1677341985976, "category": "low-rise", "building_type": "residential"}}, {"type": "Feature", "geometry": {"type": "Polygon", "coordinates": [[[-70.55290940897481, -33.391674354562134, 613.2881316367649], [-70.55265451179065, -33.391674354562134, 613.2881316367649], [-70.55265451179065, -33.39141945737797, 613.2881316367649], [-70.55290940897481, -33.39141945737797, 613.2881316367649], [-70.55290940897481, -33.391674354562134, 613.2881316367649]]]}, "properties": {"building": "yes", "height": 10.84814118616935, "elevation": 613.2881316367649, "category": "low-rise", "building_type": "residential"}}, {"type": "Feature", "geometry": {"type": "Polygon", "coordinates": [[[-70.58156181707947, -33.37574235528241, 607.968320705605], [-70.58116755514546, -33.37574235528241, 607.968320705605], [-70.58116755514546, -33.37534809334841, 607.968320705605], [-70.58156181707947, -33.37534809334841, 607.968320705605], [-70.58156181707947, -33.37574235528241, 607.968320705605]]]}, "properties": {"building": "yes", "height": 12.159604926156502, "elevation": 607.968320705605, "category": "low-rise", "building_type": "residential"}}, {"type": "Feature", "geometry": {"type": "Polygon", "coordinates": [[[-70.55621914416965, -33.40039613712582, 604.8450493249206], [-70.55594753373471, -33.40039613712582, 604.8450493249206], [-70.55594753373471, -33.400124526690895, 604.8450493249206], [-70.55621914416965, -33.400124526690895, 604.8450493249206], [-70.55621914416965, -33.40039613712582, 604.8450493249206]]]}, "properties": {"building": "yes", "height": 12.679465709216657, "elevation": 604.8450493249206, "category": "low-rise", "building_type": "residential"}}, {"type": "Feature", "geometry": {"type": "Polygon", "coordinates": [[[-70.56923173667106, -33.39928683496352, 593.3196020218168], [-70.56906122062709, -33.39928683496352, 593.3196020218168], [-70.56906122062709, -33.39911631891955, 593.3196020218168], [-70.56923173667106, -33.39911631891955, 593.3196020218168], [-70.56923173667106, -33.39928683496352, 593.3196020218168]]]}, "properties": {"building": "yes", "height": 11.639938972140378, "elevation": 593.3196020218168, "category": "low-rise", "building_type": "residential"}}, {"type": "Feature", "geometry": {"type": "Polygon", "coordinates": [[[-70.55663444021059, -33.39673690399609, 551.6353389217345], [-70.55641595185142, -33.39673690399609, 551.6353389217345], [-70.55641595185142, -33.39651841563691, 551.6353389217345], [-70.55663444021059, -33.39651841563691, 551.6353389217345], [-70.55663444021059, -33.39673690399609, 551.6353389217345]]]}, "properties": {"building": "yes", "height": 7.196167666441217, "elevation": 551.6353389217345, "category": "low-rise", "building_type": "residential"}}, {"type": "Feature", "geometry": {"type": "Polygon", "coordinates": [[[-70.5859823333533, -33.393643282091354, 566.9148124543857], [-70.58576426268179, -33.393643282091354, 566.9148124543857], [-70.58576426268179, -33.393425211419846, 566.9148124543857], [-70.5859823333533, -33.393425211419846, 566.9148124543857], [-70.5859823333533, -33.393643282091354, 566.9148124543857]]]}, "properties": {"building": "yes", "height": 8.260404611166482, "elevation": 566.9148124543857, "category": "low-rise", "building_type": "residential"}}, {"type": "Feature", "geometry": {"type": "Polygon", "coordinates": [[[-70.5829399227615, -33.410093368519206, 581.0367803469518], [-70.58275318437482, -33.410093368519206, 581.0367803469518], [-70.58275318437482, -33.40990663013253, 581.0367803469518], [-70.5829399227615, -33.40990663013253, 581.0367803469518], [-70.5829399227615, -33.410093368519206, 581.0367803469518]]]}, "properties": {"building": "yes", "height": 6.892496357217986, "elevation": 581.0367803469518, "category": "low-rise", "building_type": "residential"}}, {"type": "Feature", "geometry": {"type": "Polygon", "coordinates": [[[-70.52834319257795, -33.393205870959434, 586.4249932321954], [-70.52797462835002, -33.393205870959434, 586.4249932321954], [-70.52797462835002, -33.39283730673152, 586.4249932321954], [-70.52834319257795, -33.39283730673152, 586.4249932321954], [-70.52834319257795, -33.393205870959434, 586.4249932321954]]]}, "properties": {"building": "yes", "height": 8.742874201408632, "elevation": 586.4249932321954, "category": "low-rise", "building_type": "residential"}}, {"type": "Feature", "geometry": {"type": "Polygon", "coordinates": [[[-70.53347224119493, -33.40979362878431, 562.8732106183866], [-70.53318096082167, -33.40979362878431, 562.8732106183866], [-70.53318096082167, -33.409502348411046, 562.8732106183866], [-70.53347224119493, -33.409502348411046, 562.8732106183866], [-70.53347224119493, -33.40979362878431, 562.8732106183866]]]}, "properties": {"building": "yes", "height": 11.417989677932546, "elevation": 562.8732106183866, "category": "low-rise", "building_type": "residential"}}, {"type": "Feature", "geometry": {"type": "Polygon", "coordinates": [[[-70.54536568171605, -33.41076830269827, 562.2578469915537], [-70.5451673959754, -33.41076830269827, 562.2578469915537], [-70.5451673959754, -33.41057001695762, 562.2578469915537], [-70.54536568171605, -33.41057001695762, 562.2578469915537], [-70.54536568171605, -33.41076830269827, 562.2578469915537]]]}, "properties": {"building": "yes", "height": 14.46977077234737, "elevation": 562.2578469915537, "category": "low-rise", "building_type": "residential"}}, {"type": "Feature", "geometry": {"type": "Polygon", "coordinates": [[[-70.57128051444184, -33.41060023811753, 585.2367361378815], [-70.57093261488066, -33.41060023811753, 585.2367361378815], [-70.57093261488066, -33.41025233855634, 585.2367361378815], [-70.57128051444184, -33.41025233855634, 585.2367361378815], [-70.57128051444184, -33.41060023811753, 585.2367361378815]]]}, "properties": {"building": "yes", "height": 7.6169946652224185, "elevation": 585.2367361378815, "category": "low-rise", "building_type": "residential"}}, {"type": "Feature", "geometry": {"type": "Polygon", "coordinates": [[[-70.57785443402496, -33.40160596185975, 555.4440065681978], [-70.57763265275882, -33.40160596185975, 555.4440065681978], [-70.57763265275882, -33.40138418059362, 555.4440065681978], [-70.57785443402496, -33.40138418059362, 555.4440065681978], [-70.57785443402496, -33.40160596185975, 555.4440065681978]]]}, "properties": {"building": "yes", "height": 6.140553808502922, "elevation": 555.4440065681978, "category": "low-rise", "building_type": "residential"}}, {"type": "Feature", "geometry": {"type": "Polygon", "coordinates": [[[-70.54396810054607, -33.38761642583203, 566.2138732340956], [-70.5436384982981, -33.38761642583203, 566.2138732340956], [-70.5436384982981, -33.387286823584056, 566.2138732340956], [-70.54396810054607, -33.387286823584056, 566.2138732340956], [-70.54396810054607, -33.38761642583203, 566.2138732340956]]]}, "properties": {"building": "yes", "height": 14.691742324163089, "elevation": 566.2138732340956, "category": "low-rise", "building_type": "residential"}}, {"type": "Feature", "geometry": {"type": "Polygon", "coordinates": [[[-70.56842131506146, -33.37556908511432, 586.074508659663], [-70.56822256755659, -33.37556908511432, 586.074508659663], [-70.56822256755659, -33.37537033760945, 586.074508659663], [-70.56842131506146, -33.37537033760945, 586.074508659663], [-70.56842131506146, -33.37556908511432, 586.074508659663]]]}, "properties": {"building": "yes", "height": 8.27211819203189, "elevation": 586.074508659663, "category": "low-rise", "building_type": "residential"}}, {"type": "Feature", "geometry": {"type": "Polygon", "coordinates": [[[-70.54016599449456, -33.39344984036098, 534.6451569993875], [-70.53992578193994, -33.39344984036098, 534.6451569993875], [-70.53992578193994, -33.393209627806364, 534.6451569993875], [-70.54016599449456, -33.393209627806364, 534.6451569993875], [-70.54016599449456, -33.39344984036098, 534.6451569993875]]]}, "properties": {"building": "yes", "height": 13.763481674067524, "elevation": 534.6451569993875, "category": "low-rise", "building_type": "residential"}}, {"type": "Feature", "geometry": {"type": "Polygon", "coordinates": [[[-70.56785227047037, -33.40775070013112, 547.201832627422], [-70.56766360124921, -33.40775070013112, 547.201832627422], [-70.56766360124921, -33.40756203090996, 547.201832627422], [-70.56785227047037, -33.40756203090996, 547.201832627422], [-70.56785227047037, -33.40775070013112, 547.201832627422]]]}, "properties": {"building": "yes", "height": 10.425847589951841, "elevation": 547.201832627422, "category": "low-rise", "building_type": "residential"}}, {"type": "Feature", "geometry": {"type": "Polygon", "coordinates": [[[-70.56125841067265, -33.38013791191687, 570.5748501239635], [-70.56087914049812, -33.38013791191687, 570.5748501239635], [-70.56087914049812, -33.379758641742335, 570.5748501239635], [-70.56125841067265, -33.379758641742335, 570.5748501239635], [-70.56125841067265, -33.38013791191687, 570.5748501239635]]]}, "properties": {"building": "yes", "height": 11.866747599425963, "elevation": 570.5748501239635, "category": "low-rise", "building_type": "residential"}}, {"type": "Feature", "geometry": {"type": "Polygon", "coordinates": [[[-70.58422615216911, -33.407053094553504, 589.246115176566], [-70.58389375323218, -33.407053094553504, 589.246115176566], [-70.58389375323218, -33.406720695616556, 589.246115176566], [-70.58422615216911, -33.406720695616556, 589.246115176566], [-70.58422615216911, -33.407053094553504, 589.246115176566]]]}, "properties": {"building": "yes", "height": 5.206541101975567, "elevation": 589.246115176566, "category": "low-rise", "building_type": "residential"}}, {"type": "Feature", "geometry": {"type": "Polygon", "coordinates": [[[-70.54122320866004, -33.38868675217009, 565.1363824184959], [-70.54092604742682, -33.38868675217009, 565.1363824184959], [-70.54092604742682, -33.38838959093687, 565.1363824184959], [-70.54122320866004, -33.38838959093687, 565.1363824184959], [-70.54122320866004, -33.38868675217009, 565.1363824184959]]]}, "properties": {"building": "yes", "height": 8.281511279764995, "elevation": 565.1363824184959, "category": "low-rise", "building_type": "residential"}}, {"type": "Feature", "geometry": {"type": "Polygon", "coordinates": [[[-70.56467794057262, -33.38834274047718, 595.4985389506373], [-70.5643640499239, -33.38834274047718, 595.4985389506373], [-70.5643640499239, -33.38802884982845, 595.4985389506373], [-70.56467794057262, -33.38802884982845, 595.4985389506373], [-70.56467794057262, -33.38834274047718, 595.4985389506373]]]}, "properties": {"building": "yes", "height": 6.147827226245367, "elevation": 595.4985389506373, "category": "low-rise", "building_type": "residential"}}, {"type": "Feature", "geometry": {"type": "Polygon", "coordinates": [[[-70.55029345344553, -33.39687144694531, 552.9077851571565], [-70.54995225552491, -33.39687144694531, 552.9077851571565], [-70.54995225552491, -33.39653024902469, 552.9077851571565], [-70.55029345344553, -33.39653024902469, 552.9077851571565], [-70.55029345344553, -33.39687144694531, 552.9077851571565]]]}, "properties": {"building": "yes", "height": 14.18497388244133, "elevation": 552.9077851571565, "category": "low-rise", "building_type": "residential"}}, {"type": "Feature", "geometry": {"type": "Polygon", "coordinates": [[[-70.52333832482014, -33.39978809074794, 584.8944545486058], [-70.52300147323467, -33.39978809074794, 584.8944545486058], [-70.52300147323467, -33.39945123916245, 584.8944545486058], [-70.52333832482014, -33.39945123916245, 584.8944545486058], [-70.52333832482014, -33.39978809074794, 584.8944545486058]]]}, "properties": {"building": "yes", "height": 13.694740470850698, "elevation": 584.8944545486058, "category": "low-rise", "building_type": "residential"}}, {"type": "Feature", "geometry": {"type": "Polygon", "coordinates": [[[-70.57009235507093, -33.387275034084524, 555.1716140781624], [-70.56978615552129, -33.387275034084524, 555.1716140781624], [-70.56978615552129, -33.38696883453487, 555.1716140781624], [-70.57009235507093, -33.38696883453487, 555.1716140781624], [-70.57009235507093, -33.387275034084524, 555.1716140781624]]]}, "properties": {"building": "yes", "height": 10.400004682260487, "elevation": 555.1716140781624, "category": "low-rise", "building_type": "residential"}}, {"type": "Feature", "geometry": {"type": "Polygon", "coordinates": [[[-70.54003743641525, -33.39180555457315, 576.4537629374854], [-70.53966555234754, -33.39180555457315, 576.4537629374854], [-70.53966555234754, -33.391433670505464, 576.4537629374854], [-70.54003743641525, -33.391433670505464, 576.4537629374854], [-70.54003743641525, -33.39180555457315, 576.4537629374854]]]}, "properties": {"building": "yes", "height": 12.38028282294146, "elevation": 576.4537629374854, "category": "low-rise", "building_type": "residential"}}, {"type": "Feature", "geometry": {"type": "Polygon", "coordinates": [[[-70.5496709133689, -33.40014511426789, 560.2988357191903], [-70.54940221056474, -33.40014511426789, 560.2988357191903], [-70.54940221056474, -33.399876411463744, 560.2988357191903], [-70.5496709133689, -33.399876411463744, 560.2988357191903], [-70.5496709133689, -33.40014511426789, 560.2988357191903]]]}, "properties": {"building": "yes", "height": 13.95396477396185, "elevation": 560.2988357191903, "category": "low-rise", "building_type": "residential"}}, {"type": "Feature", "geometry": {"type": "Polygon", "coordinates": [[[-70.57335359456513, -33.392369721867325, 579.6387263502301], [-70.57299088854148, -33.392369721867325, 579.6387263502301], [-70.57299088854148, -33.392007015843674, 579.6387263502301], [-70.57335359456513, -33.392007015843674, 579.6387263502301], [-70.57335359456513, -33.392369721867325, 579.6387263502301]]]}, "properties": {"building": "yes", "height": 10.349489126379972, "elevation": 579.6387263502301, "category": "low-rise", "building_type": "residential"}}, {"type": "Feature", "geometry": {"type": "Polygon", "coordinates": [[[-70.56785774799768, -33.38729300502023, 580.8182520740095], [-70.56748767347024, -33.38729300502023, 580.8182520740095], [-70.56748767347024, -33.38692293049278, 580.8182520740095], [-70.56785774799768, -33.38692293049278, 580.8182520740095], [-70.56785774799768, -33.38729300502023, 580.8182520740095]]]}, "properties": {"building": "yes", "height": 9.198395509567309, "elevation": 580.8182520740095, "category": "low-rise", "building_type": "residential"}}, {"type": "Feature", "geometry": {"type": "Polygon", "coordinates": [[[-70.52310072217408, -33.38701091707656, 565.2768377009476], [-70.52271070158919, -33.38701091707656, 565.2768377009476], [-70.52271070158919, -33.386620896491685, 565.2768377009476], [-70.52310072217408, -33.386620896491685, 565.2768377009476], [-70.52310072217408, -33.38701091707656, 565.2768377009476]]]}, "properties": {"building": "yes", "height": 6.76872513019681, "elevation": 565.2768377009476, "category": "low-rise", "building_type": "residential"}}, {"type": "Feature", "geometry": {"type": "Polygon", "coordinates": [[[-70.54639335869976, -33.37881108279605, 558.1678097849752], [-70.5461101211562, -33.37881108279605, 558.1678097849752], [-70.5461101211562, -33.37852784525248, 558.1678097849752], [-70.54639335869976, -33.37852784525248, 558.1678097849752], [-70.54639335869976, -33.37881108279605, 558.1678097849752]]]}, "properties": {"building": "yes", "height": 6.590840920824457, "elevation": 558.1678097849752, "category": "low-rise", "building_type": "residential"}}, {"type": "Feature", "geometry": {"type": "Polygon", "coordinates": [[[-70.56408656653542, -33.40284051720621, 557.0861983601491], [-70.56375932781003, -33.40284051720621, 557.0861983601491], [-70.56375932781003, -33.40251327848082, 557.0861983601491], [-70.56408656653542, -33.40251327848082, 557.0861983601491], [-70.56408656653542, -33.40284051720621, 557.0861983601491]]]}, "properties": {"building": "yes", "height": 11.4792284215528, "elevation": 557.0861983601491, "category": "low-rise", "building_type": "residential"}}, {"type": "Feature", "geometry": {"type": "Polygon", "coordinates": [[[-70.5346164505924, -33.39237203635734, 597.9587387506016], [-70.53430903159698, -33.39237203635734, 597.9587387506016], [-70.53430903159698, -33.39206461736192, 597.9587387506016], [-70.5346164505924, -33.39206461736192, 597.9587387506016], [-70.5346164505924, -33.39237203635734, 597.9587387506016]]]}, "properties": {"building": "yes", "height": 13.991350988150721, "elevation": 597.9587387506016, "category": "low-rise", "building_type": "residential"}}, {"type": "Feature", "geometry": {"type": "Polygon", "coordinates": [[[-70.56047637514162, -33.40968877547554, 600.6797928141117], [-70.56025435108297, -33.40968877547554, 600.6797928141117], [-70.56025435108297, -33.40946675141691, 600.6797928141117], [-70.56047637514162, -33.40946675141691, 600.6797928141117], [-70.56047637514162, -33.40968877547554, 600.6797928141117]]]}, "properties": {"building": "yes", "height": 8.719102880182355, "elevation": 600.6797928141117, "category": "low-rise", "building_type": "residential"}}, {"type": "Feature", "geometry": {"type": "Polygon", "coordinates": [[[-70.54456919199328, -33.375164804488676, 577.420600076895], [-70.54429815721755, -33.375164804488676, 577.420600076895], [-70.54429815721755, -33.374893769712955, 577.420600076895], [-70.54456919199328, -33.374893769712955, 577.420600076895], [-70.54456919199328, -33.375164804488676, 577.420600076895]]]}, "properties": {"building": "yes", "height": 11.889137722044111, "elevation": 577.420600076895, "category": "low-rise", "building_type": "residential"}}, {"type": "Feature", "geometry": {"type": "Polygon", "coordinates": [[[-70.55248249168189, -33.40444287893554, 607.2025935539291], [-70.55216984669882, -33.40444287893554, 607.2025935539291], [-70.55216984669882, -33.40413023395247, 607.2025935539291], [-70.55248249168189, -33.40413023395247, 607.2025935539291], [-70.55248249168189, -33.40444287893554, 607.2025935539291]]]}, "properties": {"building": "yes", "height": 11.609834715406588, "elevation": 607.2025935539291, "category": "low-rise", "building_type": "residential"}}, {"type": "Feature", "geometry": {"type": "Polygon", "coordinates": [[[-70.51941577316609, -33.4037107080266, 591.628070456563], [-70.51913337704332, -33.4037107080266, 591.628070456563], [-70.51913337704332, -33.40342831190382, 591.628070456563], [-70.51941577316609, -33.40342831190382, 591.628070456563], [-70.51941577316609, -33.4037107080266, 591.628070456563]]]}, "properties": {"building": "yes", "height": 13.33465009924191, "elevation": 591.628070456563, "category": "low-rise", "building_type": "residential"}}, {"type": "Feature", "geometry": {"type": "Polygon", "coordinates": [[[-70.57699969707377, -33.39629548040442, 552.7828710924873], [-70.57679104574896, -33.39629548040442, 552.7828710924873], [-70.57679104574896, -33.39608682907961, 552.7828710924873], [-70.57699969707377, -33.39608682907961, 552.7828710924873], [-70.57699969707377, -33.39629548040442, 552.7828710924873]]]}, "properties": {"building": "yes", "height": 9.685795881133288, "elevation": 552.7828710924873, "category": "low-rise", "building_type": "residential"}}, {"type": "Feature", "geometry": {"type": "Polygon", "coordinates": [[[-70.55220815456697, -33.380336077388186, 542.7979420544077], [-70.55195003471492, -33.380336077388186, 542.7979420544077], [-70.55195003471492, -33.38007795753615, 542.7979420544077], [-70.55220815456697, -33.38007795753615, 542.7979420544077], [-70.55220815456697, -33.380336077388186, 542.7979420544077]]]}, "properties": {"building": "yes", "height": 6.156174740896686, "elevation": 542.7979420544077, "category": "low-rise", "building_type": "residential"}}, {"type": "Feature", "geometry": {"type": "Polygon", "coordinates": [[[-70.5696244715672, -33.41042107809915, 576.3205407734191], [-70.5694078257704, -33.41042107809915, 576.3205407734191], [-70.5694078257704, -33.410204432302336, 576.3205407734191], [-70.5696244715672, -33.410204432302336, 576.3205407734191], [-70.5696244715672, -33.41042107809915, 576.3205407734191]]]}, "properties": {"building": "yes", "height": 7.501613335216505, "elevation": 576.3205407734191, "category": "low-rise", "building_type": "residential"}}, {"type": "Feature", "geometry": {"type": "Polygon", "coordinates": [[[-70.54530220339757, -33.411610117662825, 603.9994880521724], [-70.54506856229438, -33.411610117662825, 603.9994880521724], [-70.54506856229438, -33.41137647655962, 603.9994880521724], [-70.54530220339757, -33.41137647655962, 603.9994880521724], [-70.54530220339757, -33.411610117662825, 603.9994880521724]]]}, "properties": {"building": "yes", "height": 5.239797118175568, "elevation": 603.9994880521724, "category": "low-rise", "building_type": "residential"}}, {"type": "Feature", "geometry": {"type": "Polygon", "coordinates": [[[-70.51946706128223, -33.37757204134973, 574.340816209737], [-70.51916529094447, -33.37757204134973, 574.340816209737], [-70.51916529094447, -33.37727027101196, 574.340816209737], [-70.51946706128223, -33.37727027101196, 574.340816209737], [-70.51946706128223, -33.37757204134973, 574.340816209737]]]}, "properties": {"building": "yes", "height": 11.756778302785646, "elevation": 574.340816209737, "category": "low-rise", "building_type": "residential"}}, {"type": "Feature", "geometry": {"type": "Polygon", "coordinates": [[[-70.52841132153786, -33.40681933631682, 552.5820033459544], [-70.52811503436017, -33.40681933631682, 552.5820033459544], [-70.52811503436017, -33.40652304913912, 552.5820033459544], [-70.52841132153786, -33.40652304913912, 552.5820033459544], [-70.52841132153786, -33.40681933631682, 552.5820033459544]]]}, "properties": {"building": "yes", "height": 10.068874806060128, "elevation": 552.5820033459544, "category": "low-rise", "building_type": "residential"}}, {"type": "Feature", "geometry": {"type": "Polygon", "coordinates": [[[-70.536544503945, -33.414445658247544, 577.3233787693093], [-70.53618785401905, -33.414445658247544, 577.3233787693093], [-70.53618785401905, -33.4140890083216, 577.3233787693093], [-70.536544503945, -33.4140890083216, 577.3233787693093], [-70.536544503945, -33.414445658247544, 577.3233787693093]]]}, "properties": {"building": "yes", "height": 13.546899143684382, "elevation": 577.3233787693093, "category": "low-rise", "building_type": "residential"}}, {"type": "Feature", "geometry": {"type": "Polygon", "coordinates": [[[-70.57177799859484, -33.41020268231488, 605.7122569913724], [-70.5715462332356, -33.41020268231488, 605.7122569913724], [-70.5715462332356, -33.40997091695565, 605.7122569913724], [-70.57177799859484, -33.40997091695565, 605.7122569913724], [-70.57177799859484, -33.41020268231488, 605.7122569913724]]]}, "properties": {"building": "yes", "height": 8.509436865138372, "elevation": 605.7122569913724, "category": "low-rise", "building_type": "residential"}}, {"type": "Feature", "geometry": {"type": "Polygon", "coordinates": [[[-70.55402790066105, -33.37967023532231, 581.4379682368603], [-70.55364637346057, -33.37967023532231, 581.4379682368603], [-70.55364637346057, -33.379288708121805, 581.4379682368603], [-70.55402790066105, -33.379288708121805, 581.4379682368603], [-70.55402790066105, -33.37967023532231, 581.4379682368603]]]}, "properties": {"building": "yes", "height": 11.850996795596247, "elevation": 581.4379682368603, "category": "low-rise", "building_type": "residential"}}, {"type": "Feature", "geometry": {"type": "Polygon", "coordinates": [[[-70.51976372800178, -33.38944889609788, 554.4066296755811], [-70.51942270820538, -33.38944889609788, 554.4066296755811], [-70.51942270820538, -33.38910787630147, 554.4066296755811], [-70.51976372800178, -33.38910787630147, 554.4066296755811], [-70.51976372800178, -33.38944889609788, 554.4066296755811]]]}, "properties": {"building": "yes", "height": 12.572521745714067, "elevation": 554.4066296755811, "category": "low-rise", "building_type": "residential"}}, {"type": "Feature", "geometry": {"type": "Polygon", "coordinates": [[[-70.53806474803221, -33.40631537838838, 584.1192708994653], [-70.5377179358862, -33.40631537838838, 584.1192708994653], [-70.5377179358862, -33.40596856624237, 584.1192708994653], [-70.53806474803221, -33.40596856624237, 584.1192708994653], [-70.53806474803221, -33.40631537838838, 584.1192708994653]]]}, "properties": {"building": "yes", "height": 11.31408484691781, "elevation": 584.1192708994653, "category": "low-rise", "building_type": "residential"}}, {"type": "Feature", "geometry": {"type": "Polygon", "coordinates": [[[-70.5236397360494, -33.399779852495804, 563.3932043604675], [-70.52325909056245, -33.399779852495804, 563.3932043604675], [-70.52325909056245, -33.399399207008834, 563.3932043604675], [-70.5236397360494, -33.399399207008834, 563.3932043604675], [-70.5236397360494, -33.399779852495804, 563.3932043604675]]]}, "properties": {"building": "yes", "height": 5.740860947018836, "elevation": 563.3932043604675, "category": "low-rise", "building_type": "residential"}}, {"type": "Feature", "geometry": {"type": "Polygon", "coordinates": [[[-70.55202094731965, -33.40179130661528, 588.0865817892429], [-70.55186039213558, -33.40179130661528, 588.0865817892429], [-70.55186039213558, -33.40163075143123, 588.0865817892429], [-70.55202094731965, -33.40163075143123, 588.0865817892429], [-70.55202094731965, -33.40179130661528, 588.0865817892429]]]}, "properties": {"building": "yes", "height": 11.626207222170635, "elevation": 588.0865817892429, "category": "low-rise", "building_type": "residential"}}, {"type": "Feature", "geometry": {"type": "Polygon", "coordinates": [[[-70.54157235327176, -33.38724550603184, 587.3047937622451], [-70.54133733361721, -33.38724550603184, 587.3047937622451], [-70.54133733361721, -33.3870104863773, 587.3047937622451], [-70.54157235327176, -33.3870104863773, 587.3047937622451], [-70.54157235327176, -33.38724550603184, 587.3047937622451]]]}, "properties": {"building": "yes", "height": 13.408637836090879, "elevation": 587.3047937622451, "category": "low-rise", "building_type": "residential"}}, {"type": "Feature", "geometry": {"type": "Polygon", "coordinates": [[[-70.52374121560315, -33.39707308647282, 578.1069907808868], [-70.5235153015223, -33.39707308647282, 578.1069907808868], [-70.5235153015223, -33.39684717239198, 578.1069907808868], [-70.52374121560315, -33.39684717239198, 578.1069907808868], [-70.52374121560315, -33.39707308647282, 578.1069907808868]]]}, "properties": {"building": "yes", "height": 11.232002094206457, "elevation": 578.1069907808868, "category": "low-rise", "building_type": "residential"}}, {"type": "Feature", "geometry": {"type": "Polygon", "coordinates": [[[-70.52153836166488, -33.414030455586506, 559.4677571242761], [-70.521269320344, -33.414030455586506, 559.4677571242761], [-70.521269320344, -33.41376141426563, 559.4677571242761], [-70.52153836166488, -33.41376141426563, 559.4677571242761], [-70.52153836166488, -33.414030455586506, 559.4677571242761]]]}, "properties": {"building": "yes", "height": 13.879202245122103, "elevation": 559.4677571242761, "category": "low-rise", "building_type": "residential"}}, {"type": "Feature", "geometry": {"type": "Polygon", "coordinates": [[[-70.56899305141741, -33.41387561058754, 573.7443427817213], [-70.56862166329924, -33.41387561058754, 573.7443427817213], [-70.56862166329924, -33.413504222469356, 573.7443427817213], [-70.56899305141741, -33.413504222469356, 573.7443427817213], [-70.56899305141741, -33.41387561058754, 573.7443427817213]]]}, "properties": {"building": "yes", "height": 6.257109712891546, "elevation": 573.7443427817213, "category": "low-rise", "building_type": "residential"}}, {"type": "Feature", "geometry": {"type": "Polygon", "coordinates": [[[-70.55129816919789, -33.40627851755698, 576.1790242155441], [-70.55105797449137, -33.40627851755698, 576.1790242155441], [-70.55105797449137, -33.406038322850456, 576.1790242155441], [-70.55129816919789, -33.406038322850456, 576.1790242155441], [-70.55129816919789, -33.40627851755698, 576.1790242155441]]]}, "properties": {"building": "yes", "height": 8.673086115041645, "elevation": 576.1790242155441, "category": "low-rise", "building_type": "residential"}}, {"type": "Feature", "geometry": {"type": "Polygon", "coordinates": [[[-70.5802931635498, -33.37479524755812, 596.890438132524], [-70.58010708641639, -33.37479524755812, 596.890438132524], [-70.58010708641639, -33.3746091704247, 596.890438132524], [-70.5802931635498, -33.3746091704247, 596.890438132524], [-70.5802931635498, -33.37479524755812, 596.890438132524]]]}, "properties": {"building": "yes", "height": 8.642058771050918, "elevation": 596.890438132524, "category": "low-rise", "building_type": "residential"}}, {"type": "Feature", "geometry": {"type": "Polygon", "coordinates": [[[-70.52153993350188, -33.38299209378308, 564.8492763179968], [-70.52119278406536, -33.38299209378308, 564.8492763179968], [-70.52119278406536, -33.38264494434657, 564.8492763179968], [-70.52153993350188, -33.38264494434657, 564.8492763179968], [-70.52153993350188, -33.38299209378308, 564.8492763179968]]]}, "properties": {"building": "yes", "height": 10.180897985463936, "elevation": 564.8492763179968, "category": "low-rise", "building_type": "residential"}}, {"type": "Feature", "geometry": {"type": "Polygon", "coordinates": [[[-70.54313021707662, -33.378342302419064, 563.7696756144878], [-70.54279731481725, -33.378342302419064, 563.7696756144878], [-70.54279731481725, -33.378009400159705, 563.7696756144878], [-70.54313021707662, -33.378009400159705, 563.7696756144878], [-70.54313021707662, -33.378342302419064, 563.7696756144878]]]}, "properties": {"building": "yes", "height": 12.304979084745199, "elevation": 563.7696756144878, "category": "low-rise", "building_type": "residential"}}, {"type": "Feature", "geometry": {"type": "Polygon", "coordinates": [[[-70.58038524486531, -33.41273236732733, 592.0397378650038], [-70.58011940191486, -33.41273236732733, 592.0397378650038], [-70.58011940191486, -33.412466524376875, 592.0397378650038], [-70.58038524486531, -33.412466524376875, 592.0397378650038], [-70.58038524486531, -33.41273236732733, 592.0397378650038]]]}, "properties": {"building": "yes", "height": 9.04243150018722, "elevation": 592.0397378650038, "category": "low-rise", "building_type": "residential"}}, {"type": "Feature", "geometry": {"type": "Polygon", "coordinates": [[[-70.5359822440518, -33.377925061042646, 557.9056787257254], [-70.5356805534759, -33.377925061042646, 557.9056787257254], [-70.5356805534759, -33.37762337046675, 557.9056787257254], [-70.5359822440518, -33.37762337046675, 557.9056787257254], [-70.5359822440518, -33.377925061042646, 557.9056787257254]]]}, "properties": {"building": "yes", "height": 8.63694004586633, "elevation": 557.9056787257254, "category": "low-rise", "building_type": "residential"}}, {"type": "Feature", "geometry": {"type": "Polygon", "coordinates": [[[-70.53392809339017, -33.41470222353459, 585.3905932918692], [-70.53358630255038, -33.41470222353459, 585.3905932918692], [-70.53358630255038, -33.41436043269481, 585.3905932918692], [-70.53392809339017, -33.41436043269481, 585.3905932918692], [-70.53392809339017, -33.41470222353459, 585.3905932918692]]]}, "properties": {"building": "yes", "height": 9.061889574323407, "elevation": 585.3905932918692, "category": "low-rise", "building_type": "residential"}}, {"type": "Feature", "geometry": {"type": "Polygon", "coordinates": [[[-70.55654737765116, -33.39879146966286, 559.1294867934289], [-70.55619833059856, -33.39879146966286, 559.1294867934289], [-70.55619833059856, -33.398442422610266, 559.1294867934289], [-70.55654737765116, -33.398442422610266, 559.1294867934289], [-70.55654737765116, -33.39879146966286, 559.1294867934289]]]}, "properties": {"building": "yes", "height": 10.071421661348174, "elevation": 559.1294867934289, "category": "low-rise", "building_type": "residential"}}, {"type": "Feature", "geometry": {"type": "Polygon", "coordinates": [[[-70.55771469354907, -33.39246755325299, 584.368029867397], [-70.55732378000717, -33.39246755325299, 584.368029867397], [-70.55732378000717, -33.392076639711085, 584.368029867397], [-70.55771469354907, -33.392076639711085, 584.368029867397], [-70.55771469354907, -33.39246755325299, 584.368029867397]]]}, "properties": {"building": "yes", "height": 6.792264940494701, "elevation": 584.368029867397, "category": "low-rise", "building_type": "residential"}}, {"type": "Feature", "geometry": {"type": "Polygon", "coordinates": [[[-70.58267897974795, -33.381878363325356, 569.8909870284748], [-70.58234478750177, -33.381878363325356, 569.8909870284748], [-70.58234478750177, -33.381544171079156, 569.8909870284748], [-70.58267897974795, -33.381544171079156, 569.8909870284748], [-70.58267897974795, -33.381878363325356, 569.8909870284748]]]}, "properties": {"building": "yes", "height": 9.821422312886302, "elevation": 569.8909870284748, "category": "low-rise", "building_type": "residential"}}, {"type": "Feature", "geometry": {"type": "Polygon", "coordinates": [[[-70.57623648654949, -33.38695883615307, 552.7545520230469], [-70.57600379285294, -33.38695883615307, 552.7545520230469], [-70.57600379285294, -33.386726142456524, 552.7545520230469], [-70.57623648654949, -33.386726142456524, 552.7545520230469], [-70.57623648654949, -33.38695883615307, 552.7545520230469]]]}, "properties": {"building": "yes", "height": 10.855904587858989, "elevation": 552.7545520230469, "category": "low-rise", "building_type": "residential"}}, {"type": "Feature", "geometry": {"type": "Polygon", "coordinates": [[[-70.56407566227698, -33.382424293381845, 580.8278660676841], [-70.56384655766551, -33.382424293381845, 580.8278660676841], [-70.56384655766551, -33.38219518877038, 580.8278660676841], [-70.56407566227698, -33.38219518877038, 580.8278660676841], [-70.56407566227698, -33.382424293381845, 580.8278660676841]]]}, "properties": {"building": "yes", "height": 8.511392464316554, "elevation": 580.8278660676841, "category": "low-rise", "building_type": "residential"}}]}